id,cltv
89393,81454
89394,104230
89395,81021
89396,77258
89397,111222
89398,91232
89399,45005
89400,90217
89401,43485
89402,121036
89403,115836
89404,79879
89405,44047
89406,45079
89407,44434
89408,106514
89409,98116
89410,102520
89411,102276
89412,108486
89413,111040
89414,46281
89415,42606
89416,89756
89417,113718
89418,84696
89419,46913
89420,106741
89421,107304
89422,97195
89423,116956
89424,44633
89425,93963
89426,103193
89427,87357
89428,95290
89429,82530
89430,49199
89431,104746
89432,98514
89433,48639
89434,47341
89435,45394
89436,86795
89437,48603
89438,109793
89439,45473
89440,106648
89441,108102
89442,52229
89443,93770
89444,58983
89445,90941
89446,79862
89447,101227
89448,105489
89449,108187
89450,101242
89451,98575
89452,102550
89453,97710
89454,110570
89455,92534
89456,101606
89457,88095
89458,109878
89459,97500
89460,98870
89461,91173
89462,82091
89463,91009
89464,122979
89465,108370
89466,46596
89467,98811
89468,44940
89469,85282
89470,45092
89471,120625
89472,97325
89473,104288
89474,102261
89475,92146
89476,121001
89477,48912
89478,108094
89479,102924
89480,86122
89481,46374
89482,45018
89483,89689
89484,46759
89485,100469
89486,104484
89487,92580
89488,76835
89489,47703
89490,80023
89491,94545
89492,87221
89493,44564
89494,43794
89495,88754
89496,85818
89497,107591
89498,87577
89499,46001
89500,94756
89501,51167
89502,45088
89503,120881
89504,121804
89505,75850
89506,45915
89507,92844
89508,81584
89509,115535
89510,45953
89511,100015
89512,113508
89513,87497
89514,107310
89515,92400
89516,46090
89517,82324
89518,48144
89519,107853
89520,47061
89521,91392
89522,46341
89523,46893
89524,45494
89525,82012
89526,46364
89527,46231
89528,83236
89529,93199
89530,106475
89531,115607
89532,45024
89533,50690
89534,84208
89535,91728
89536,94176
89537,96781
89538,108877
89539,104468
89540,48027
89541,94866
89542,78913
89543,46949
89544,93441
89545,45605
89546,131462
89547,83256
89548,100275
89549,83984
89550,47363
89551,89266
89552,78765
89553,100423
89554,48924
89555,48128
89556,84480
89557,93690
89558,114159
89559,94118
89560,43138
89561,99327
89562,106024
89563,81382
89564,111896
89565,81649
89566,98416
89567,84664
89568,107054
89569,80629
89570,105842
89571,94163
89572,46111
89573,44419
89574,43780
89575,123673
89576,102544
89577,45332
89578,77361
89579,106929
89580,104596
89581,100766
89582,42677
89583,92850
89584,84140
89585,42127
89586,46206
89587,43037
89588,43606
89589,46648
89590,107278
89591,122681
89592,91072
89593,113674
89594,82804
89595,94936
89596,81408
89597,44441
89598,90435
89599,89869
89600,89954
89601,102304
89602,112682
89603,90742
89604,118661
89605,90463
89606,98747
89607,89428
89608,102905
89609,91870
89610,83971
89611,84682
89612,125053
89613,94151
89614,45576
89615,85557
89616,111393
89617,45489
89618,77326
89619,47125
89620,80188
89621,116676
89622,91925
89623,98778
89624,113346
89625,43721
89626,91322
89627,44625
89628,44156
89629,112627
89630,91411
89631,100086
89632,43902
89633,90012
89634,98636
89635,94595
89636,102366
89637,43899
89638,81980
89639,89929
89640,96334
89641,48670
89642,44490
89643,78293
89644,100480
89645,100221
89646,113450
89647,44624
89648,42253
89649,88762
89650,90924
89651,75476
89652,86837
89653,90386
89654,90393
89655,113591
89656,89095
89657,43600
89658,106143
89659,107956
89660,95691
89661,86233
89662,102281
89663,43849
89664,46053
89665,83078
89666,45220
89667,42577
89668,113594
89669,89167
89670,114412
89671,94028
89672,98866
89673,48124
89674,108015
89675,94568
89676,46596
89677,46855
89678,101482
89679,103637
89680,44043
89681,90806
89682,44162
89683,103019
89684,79541
89685,93532
89686,46919
89687,44306
89688,96269
89689,45054
89690,92032
89691,46663
89692,90792
89693,116499
89694,89537
89695,95854
89696,90579
89697,52462
89698,98756
89699,44226
89700,45736
89701,76676
89702,113044
89703,43442
89704,113393
89705,102368
89706,86956
89707,44890
89708,102264
89709,45764
89710,88976
89711,96234
89712,95627
89713,90925
89714,116902
89715,114549
89716,42250
89717,127187
89718,84089
89719,95122
89720,55831
89721,110056
89722,44885
89723,78776
89724,79807
89725,96221
89726,45468
89727,44956
89728,48409
89729,126856
89730,81649
89731,106017
89732,44826
89733,103830
89734,92263
89735,107113
89736,77861
89737,106422
89738,44290
89739,45107
89740,101789
89741,88220
89742,98233
89743,89828
89744,42764
89745,96134
89746,43788
89747,99795
89748,92648
89749,51659
89750,92593
89751,94324
89752,43369
89753,100428
89754,93563
89755,94336
89756,43253
89757,115428
89758,97768
89759,100629
89760,45301
89761,99761
89762,95870
89763,88290
89764,83549
89765,100091
89766,101728
89767,113417
89768,82116
89769,91976
89770,53850
89771,94763
89772,90054
89773,89467
89774,114678
89775,101612
89776,94181
89777,85196
89778,143534
89779,43220
89780,46886
89781,87753
89782,86141
89783,107765
89784,75284
89785,87995
89786,99214
89787,88621
89788,122715
89789,47542
89790,96281
89791,46976
89792,86960
89793,119085
89794,122427
89795,86274
89796,46168
89797,97684
89798,44560
89799,46507
89800,96863
89801,85131
89802,111070
89803,103294
89804,95248
89805,90437
89806,102693
89807,86300
89808,42666
89809,103415
89810,88457
89811,79641
89812,43963
89813,43025
89814,41912
89815,56864
89816,118183
89817,97695
89818,47083
89819,95078
89820,43256
89821,44904
89822,44167
89823,45522
89824,93241
89825,44565
89826,97330
89827,94997
89828,104122
89829,90742
89830,47790
89831,108437
89832,84442
89833,51974
89834,90068
89835,45231
89836,92663
89837,82021
89838,44978
89839,95139
89840,100620
89841,44839
89842,50739
89843,101702
89844,43902
89845,44960
89846,94076
89847,76863
89848,42950
89849,46538
89850,45366
89851,101121
89852,97123
89853,116556
89854,104802
89855,94394
89856,118340
89857,44286
89858,85734
89859,76872
89860,45133
89861,120938
89862,95100
89863,91017
89864,75148
89865,44535
89866,111898
89867,114038
89868,45016
89869,85745
89870,134337
89871,50419
89872,91684
89873,130932
89874,81203
89875,85249
89876,97957
89877,52077
89878,45038
89879,42764
89880,43222
89881,106941
89882,113035
89883,88458
89884,94029
89885,96273
89886,83256
89887,98342
89888,107169
89889,127497
89890,78406
89891,102641
89892,45145
89893,88975
89894,42478
89895,46668
89896,94062
89897,92229
89898,46431
89899,109524
89900,76617
89901,87338
89902,100807
89903,99091
89904,76590
89905,47089
89906,111522
89907,83360
89908,44427
89909,97194
89910,101762
89911,88834
89912,87681
89913,49103
89914,89141
89915,103752
89916,94608
89917,116171
89918,95831
89919,101640
89920,45281
89921,102171
89922,95043
89923,113907
89924,96661
89925,44842
89926,50000
89927,83083
89928,114200
89929,110055
89930,94429
89931,122896
89932,101700
89933,45910
89934,96543
89935,104395
89936,48581
89937,91578
89938,95065
89939,102789
89940,44348
89941,117829
89942,82443
89943,128409
89944,101364
89945,92899
89946,78058
89947,99971
89948,84387
89949,97870
89950,84816
89951,51474
89952,97224
89953,101612
89954,82485
89955,83889
89956,96707
89957,45875
89958,83614
89959,81243
89960,123544
89961,43859
89962,89494
89963,43181
89964,82169
89965,94499
89966,89173
89967,87411
89968,100674
89969,98052
89970,122300
89971,44526
89972,90387
89973,45123
89974,98608
89975,114837
89976,44626
89977,81906
89978,105513
89979,84846
89980,104415
89981,46894
89982,106153
89983,49505
89984,146828
89985,99342
89986,116388
89987,46190
89988,45011
89989,45613
89990,101228
89991,81393
89992,98800
89993,99429
89994,45872
89995,45798
89996,44188
89997,99779
89998,43528
89999,119815
90000,44430
90001,45565
90002,105120
90003,93930
90004,108829
90005,115451
90006,42263
90007,100394
90008,103307
90009,42673
90010,45154
90011,47367
90012,95716
90013,126877
90014,121426
90015,46426
90016,86464
90017,111643
90018,80024
90019,44086
90020,42641
90021,94325
90022,45124
90023,112698
90024,81591
90025,100588
90026,100563
90027,98451
90028,44870
90029,46202
90030,46194
90031,135656
90032,44777
90033,85554
90034,77422
90035,90600
90036,102558
90037,44672
90038,84885
90039,42773
90040,124447
90041,46260
90042,89490
90043,94000
90044,89207
90045,126587
90046,47440
90047,101077
90048,106310
90049,46438
90050,112692
90051,46664
90052,44162
90053,48146
90054,94591
90055,45149
90056,85821
90057,44137
90058,90624
90059,108220
90060,53386
90061,116045
90062,43784
90063,43558
90064,78305
90065,43733
90066,120142
90067,114816
90068,96477
90069,88167
90070,91308
90071,49242
90072,110281
90073,107760
90074,45284
90075,44956
90076,47250
90077,116244
90078,90979
90079,44893
90080,48653
90081,102871
90082,45804
90083,97872
90084,93274
90085,84528
90086,100432
90087,108510
90088,128157
90089,45807
90090,47896
90091,44478
90092,118372
90093,44038
90094,50256
90095,51452
90096,78374
90097,114018
90098,84098
90099,42848
90100,48310
90101,95976
90102,48410
90103,100662
90104,99736
90105,117568
90106,93857
90107,44161
90108,46786
90109,43103
90110,88488
90111,92028
90112,85959
90113,82730
90114,47606
90115,80314
90116,129786
90117,86786
90118,109961
90119,84696
90120,101203
90121,46500
90122,98109
90123,43812
90124,88662
90125,113811
90126,100257
90127,93194
90128,43329
90129,90739
90130,90162
90131,90843
90132,120275
90133,101405
90134,51148
90135,44386
90136,84983
90137,42799
90138,82997
90139,92179
90140,98500
90141,57017
90142,132979
90143,110019
90144,54093
90145,46086
90146,107760
90147,96411
90148,43694
90149,46302
90150,44069
90151,77619
90152,45441
90153,90933
90154,47590
90155,89462
90156,101840
90157,84713
90158,92242
90159,42771
90160,94578
90161,112888
90162,120493
90163,110818
90164,45131
90165,45134
90166,119984
90167,55534
90168,43072
90169,47175
90170,50430
90171,89606
90172,45434
90173,101599
90174,89138
90175,121938
90176,101299
90177,44271
90178,100791
90179,81534
90180,101503
90181,48030
90182,43386
90183,121730
90184,101521
90185,84433
90186,104738
90187,95089
90188,120431
90189,92754
90190,45011
90191,90864
90192,46532
90193,100051
90194,77993
90195,100160
90196,43836
90197,45391
90198,78199
90199,89433
90200,46637
90201,43535
90202,102620
90203,126639
90204,95044
90205,91687
90206,91419
90207,103008
90208,88125
90209,53120
90210,100545
90211,45696
90212,111756
90213,86901
90214,95777
90215,44522
90216,98066
90217,96591
90218,89355
90219,99015
90220,117141
90221,89087
90222,119927
90223,105692
90224,45799
90225,46295
90226,89681
90227,46715
90228,43535
90229,106609
90230,43583
90231,45157
90232,103928
90233,48207
90234,89754
90235,100951
90236,45401
90237,112763
90238,95451
90239,44306
90240,78374
90241,77964
90242,44821
90243,44633
90244,42078
90245,46525
90246,46162
90247,104905
90248,45269
90249,98917
90250,120165
90251,90960
90252,98628
90253,94594
90254,100216
90255,99293
90256,48947
90257,102952
90258,43983
90259,86899
90260,98542
90261,99470
90262,97091
90263,91153
90264,103990
90265,104615
90266,80186
90267,99549
90268,95008
90269,105040
90270,125034
90271,119765
90272,109195
90273,101932
90274,41485
90275,81264
90276,45220
90277,84708
90278,98811
90279,104760
90280,43934
90281,81252
90282,101384
90283,44755
90284,84538
90285,42550
90286,96830
90287,80878
90288,46098
90289,45391
90290,106888
90291,43855
90292,49205
90293,53462
90294,84203
90295,46656
90296,45946
90297,105017
90298,45091
90299,99004
90300,45806
90301,42144
90302,88276
90303,94806
90304,86646
90305,42935
90306,104834
90307,94115
90308,116393
90309,50606
90310,50433
90311,101966
90312,96965
90313,83615
90314,96787
90315,117443
90316,89923
90317,90975
90318,113004
90319,104111
90320,96797
90321,45165
90322,96830
90323,85725
90324,81388
90325,43354
90326,51528
90327,45303
90328,46555
90329,103874
90330,102837
90331,93751
90332,90920
90333,45023
90334,44641
90335,82394
90336,43535
90337,97002
90338,42030
90339,96332
90340,43630
90341,120499
90342,95354
90343,44523
90344,95075
90345,96281
90346,95683
90347,104050
90348,42507
90349,123256
90350,100160
90351,81900
90352,89301
90353,124690
90354,52490
90355,96805
90356,44079
90357,79018
90358,48706
90359,43431
90360,114521
90361,81182
90362,45104
90363,87178
90364,101571
90365,44133
90366,97277
90367,103987
90368,84318
90369,96449
90370,77619
90371,104934
90372,123101
90373,94338
90374,96773
90375,92437
90376,91916
90377,44864
90378,46232
90379,83909
90380,88997
90381,106612
90382,99659
90383,115968
90384,99606
90385,107280
90386,94766
90387,101130
90388,105151
90389,112864
90390,46575
90391,45261
90392,86630
90393,86251
90394,100414
90395,110127
90396,44689
90397,98453
90398,122074
90399,44739
90400,109487
90401,92381
90402,110063
90403,91109
90404,77309
90405,105797
90406,125903
90407,100973
90408,110113
90409,95966
90410,46004
90411,100828
90412,128334
90413,88284
90414,91488
90415,97313
90416,44417
90417,89477
90418,45432
90419,103742
90420,93686
90421,92401
90422,47183
90423,99016
90424,106303
90425,99095
90426,101494
90427,91975
90428,42533
90429,48397
90430,101740
90431,101327
90432,84576
90433,95516
90434,101975
90435,94709
90436,47818
90437,84947
90438,40736
90439,82259
90440,81279
90441,44575
90442,47571
90443,120876
90444,121920
90445,45880
90446,50174
90447,77826
90448,92769
90449,131599
90450,96170
90451,44133
90452,130171
90453,43911
90454,111746
90455,84853
90456,43998
90457,97119
90458,82155
90459,89462
90460,51760
90461,46900
90462,50415
90463,93792
90464,92753
90465,100815
90466,119516
90467,104983
90468,43260
90469,89375
90470,88261
90471,83520
90472,83912
90473,44102
90474,83287
90475,44133
90476,44415
90477,43289
90478,106049
90479,47383
90480,108932
90481,99020
90482,83131
90483,50656
90484,100768
90485,100733
90486,113607
90487,47642
90488,99678
90489,99541
90490,96458
90491,83963
90492,43276
90493,85975
90494,100285
90495,50078
90496,45483
90497,88493
90498,47604
90499,88492
90500,47304
90501,78389
90502,90743
90503,50520
90504,44899
90505,110787
90506,122409
90507,89153
90508,111109
90509,49306
90510,109856
90511,98170
90512,46998
90513,84078
90514,43649
90515,105922
90516,96707
90517,43858
90518,43898
90519,84578
90520,74557
90521,43209
90522,87440
90523,85336
90524,82047
90525,106348
90526,41989
90527,82474
90528,96975
90529,92462
90530,46683
90531,82033
90532,113804
90533,126012
90534,95822
90535,42289
90536,118264
90537,47446
90538,56172
90539,45676
90540,94859
90541,88309
90542,86819
90543,87434
90544,121317
90545,45189
90546,44790
90547,123830
90548,73109
90549,96088
90550,117068
90551,107437
90552,99749
90553,103760
90554,115485
90555,84057
90556,44231
90557,88283
90558,89811
90559,44979
90560,100342
90561,42615
90562,96758
90563,111645
90564,81075
90565,85565
90566,44957
90567,99332
90568,100609
90569,112251
90570,89337
90571,113000
90572,99857
90573,91367
90574,96180
90575,98862
90576,47499
90577,43381
90578,96447
90579,44878
90580,86144
90581,106509
90582,102534
90583,83083
90584,103438
90585,97615
90586,84841
90587,44206
90588,46666
90589,109333
90590,44748
90591,83083
90592,100438
90593,101045
90594,94431
90595,100921
90596,86835
90597,102594
90598,109231
90599,54002
90600,94485
90601,96908
90602,95924
90603,87080
90604,46059
90605,90706
90606,97419
90607,47684
90608,92415
90609,97042
90610,77980
90611,92940
90612,83803
90613,87786
90614,42613
90615,124250
90616,129304
90617,95954
90618,93508
90619,81255
90620,128669
90621,42961
90622,99741
90623,89879
90624,45145
90625,78485
90626,44689
90627,89573
90628,93062
90629,41550
90630,46065
90631,94321
90632,43792
90633,84348
90634,85775
90635,94184
90636,77413
90637,47328
90638,111748
90639,117277
90640,46151
90641,105357
90642,79527
90643,110349
90644,42078
90645,83833
90646,48301
90647,43315
90648,83660
90649,49078
90650,94787
90651,84326
90652,91968
90653,109384
90654,127882
90655,112179
90656,109728
90657,46763
90658,44300
90659,101089
90660,41934
90661,108924
90662,46058
90663,87846
90664,81516
90665,112881
90666,48089
90667,43600
90668,84696
90669,44557
90670,44483
90671,103529
90672,99994
90673,79662
90674,100683
90675,44386
90676,44679
90677,111889
90678,43964
90679,114009
90680,46512
90681,106423
90682,109159
90683,86136
90684,103045
90685,44680
90686,99651
90687,89789
90688,42469
90689,44960
90690,96809
90691,98545
90692,110096
90693,101653
90694,83001
90695,103734
90696,102652
90697,46872
90698,78445
90699,43675
90700,45079
90701,88984
90702,83807
90703,114427
90704,97288
90705,118256
90706,108312
90707,92732
90708,96522
90709,119871
90710,101440
90711,45124
90712,100949
90713,106506
90714,96397
90715,94244
90716,86118
90717,126793
90718,47676
90719,44533
90720,96505
90721,83278
90722,45701
90723,98758
90724,44949
90725,107005
90726,84370
90727,48115
90728,78251
90729,87729
90730,46046
90731,75354
90732,92299
90733,47826
90734,101802
90735,87813
90736,100563
90737,87844
90738,118188
90739,97090
90740,118966
90741,113294
90742,102925
90743,79626
90744,110597
90745,75476
90746,43032
90747,83916
90748,45924
90749,42844
90750,93393
90751,47943
90752,83520
90753,49102
90754,119229
90755,86008
90756,97107
90757,43327
90758,111598
90759,98678
90760,98930
90761,85827
90762,46182
90763,94944
90764,46011
90765,47383
90766,47139
90767,100350
90768,44053
90769,106682
90770,108191
90771,87202
90772,86706
90773,94678
90774,83458
90775,89551
90776,46935
90777,89941
90778,98503
90779,104917
90780,44414
90781,121133
90782,104122
90783,44521
90784,101539
90785,50931
90786,97109
90787,83492
90788,94731
90789,41486
90790,56425
90791,52852
90792,102390
90793,118796
90794,44383
90795,46252
90796,43849
90797,82511
90798,95797
90799,95895
90800,43227
90801,90360
90802,45649
90803,103730
90804,49950
90805,105146
90806,44314
90807,118599
90808,89749
90809,45971
90810,108064
90811,99957
90812,99222
90813,98142
90814,45934
90815,45316
90816,87141
90817,97226
90818,87024
90819,46779
90820,104917
90821,43184
90822,97628
90823,90545
90824,118262
90825,94246
90826,92772
90827,115283
90828,94599
90829,83092
90830,45584
90831,97205
90832,44404
90833,45831
90834,46578
90835,94286
90836,44554
90837,86919
90838,107091
90839,45891
90840,91337
90841,104124
90842,43608
90843,84471
90844,115295
90845,52550
90846,102889
90847,99682
90848,91092
90849,82394
90850,100306
90851,119059
90852,46385
90853,101860
90854,86037
90855,43758
90856,96487
90857,100554
90858,44963
90859,93028
90860,96147
90861,121164
90862,78692
90863,89407
90864,45395
90865,95729
90866,91984
90867,46900
90868,104268
90869,102476
90870,51532
90871,117271
90872,126204
90873,44472
90874,50689
90875,90250
90876,123589
90877,45006
90878,91187
90879,80571
90880,101245
90881,83432
90882,107891
90883,92482
90884,95599
90885,109062
90886,103509
90887,44787
90888,94625
90889,110881
90890,101463
90891,46150
90892,119851
90893,103335
90894,99119
90895,111228
90896,98997
90897,83963
90898,44669
90899,48013
90900,106123
90901,102312
90902,55490
90903,85498
90904,85163
90905,94884
90906,58488
90907,50714
90908,86536
90909,77778
90910,100926
90911,110728
90912,46022
90913,109090
90914,45511
90915,48586
90916,93896
90917,95731
90918,43234
90919,99887
90920,94793
90921,44194
90922,46899
90923,103129
90924,83001
90925,44317
90926,44284
90927,46332
90928,95199
90929,44428
90930,107055
90931,80796
90932,98677
90933,82485
90934,95444
90935,87937
90936,116079
90937,45008
90938,87407
90939,91766
90940,119534
90941,46740
90942,119855
90943,45835
90944,87229
90945,106014
90946,89183
90947,46401
90948,44290
90949,45973
90950,95262
90951,104399
90952,84520
90953,125371
90954,102922
90955,105340
90956,47023
90957,101364
90958,43288
90959,47558
90960,44271
90961,94665
90962,93495
90963,44600
90964,99287
90965,108503
90966,103122
90967,99963
90968,98397
90969,82939
90970,90058
90971,91511
90972,103102
90973,43473
90974,95853
90975,94252
90976,90343
90977,88065
90978,55797
90979,46423
90980,47051
90981,90379
90982,109847
90983,85478
90984,84844
90985,84074
90986,49138
90987,45992
90988,46260
90989,81948
90990,118993
90991,47005
90992,44971
90993,45379
90994,45294
90995,42915
90996,104200
90997,45083
90998,96867
90999,80947
91000,114412
91001,100717
91002,41884
91003,55330
91004,97760
91005,110570
91006,43992
91007,93327
91008,45240
91009,119807
91010,93579
91011,86283
91012,110433
91013,48201
91014,43730
91015,111035
91016,43323
91017,96014
91018,44037
91019,99259
91020,100308
91021,131746
91022,102439
91023,123521
91024,108149
91025,48954
91026,80281
91027,83916
91028,45025
91029,50229
91030,90421
91031,45000
91032,82428
91033,45301
91034,46115
91035,95679
91036,115427
91037,117721
91038,95916
91039,130716
91040,125311
91041,46948
91042,46512
91043,47563
91044,105868
91045,44611
91046,46678
91047,85748
91048,84680
91049,119059
91050,94014
91051,111466
91052,99526
91053,108857
91054,45093
91055,94027
91056,106909
91057,83452
91058,114903
91059,85243
91060,45141
91061,104374
91062,86822
91063,102775
91064,83660
91065,88411
91066,105777
91067,44356
91068,46891
91069,95318
91070,92013
91071,90704
91072,102701
91073,79482
91074,80677
91075,43728
91076,106449
91077,46838
91078,42598
91079,98458
91080,88519
91081,96408
91082,46442
91083,83147
91084,47522
91085,110245
91086,42309
91087,101495
91088,43865
91089,45403
91090,107947
91091,111520
91092,89597
91093,115376
91094,109079
91095,47190
91096,48257
91097,107162
91098,101057
91099,44794
91100,43544
91101,45266
91102,87279
91103,102877
91104,101004
91105,79398
91106,90698
91107,44996
91108,44333
91109,103008
91110,46512
91111,82485
91112,101142
91113,99047
91114,45036
91115,94437
91116,100925
91117,45559
91118,121236
91119,104208
91120,107049
91121,92191
91122,86993
91123,51600
91124,114882
91125,82347
91126,112133
91127,102879
91128,45583
91129,120155
91130,44077
91131,93161
91132,104943
91133,44413
91134,46360
91135,98647
91136,51698
91137,86485
91138,85436
91139,89803
91140,96880
91141,99454
91142,83278
91143,47372
91144,43730
91145,107981
91146,41849
91147,97808
91148,120291
91149,96708
91150,80579
91151,126314
91152,114924
91153,43736
91154,43537
91155,44200
91156,44117
91157,41676
91158,105491
91159,81363
91160,46732
91161,90355
91162,43999
91163,90506
91164,96811
91165,44349
91166,46328
91167,46987
91168,45010
91169,98587
91170,46343
91171,77258
91172,84212
91173,84180
91174,87769
91175,83275
91176,92437
91177,43224
91178,102519
91179,96405
91180,85960
91181,42168
91182,45228
91183,84412
91184,105103
91185,43937
91186,134586
91187,87743
91188,82859
91189,88922
91190,112117
91191,43520
91192,112297
91193,82600
91194,120114
91195,99417
91196,102728
91197,43694
91198,92563
91199,42812
91200,44518
91201,86150
91202,105646
91203,43567
91204,105553
91205,103134
91206,44210
91207,45670
91208,131910
91209,94599
91210,87807
91211,98427
91212,114606
91213,90411
91214,108666
91215,45712
91216,94122
91217,89565
91218,86879
91219,45612
91220,121761
91221,93569
91222,44764
91223,77456
91224,43104
91225,42963
91226,45260
91227,103515
91228,109945
91229,94310
91230,88753
91231,78925
91232,45386
91233,121133
91234,99416
91235,95940
91236,42289
91237,99574
91238,89914
91239,101189
91240,114608
91241,97823
91242,106347
91243,134553
91244,81408
91245,44315
91246,45161
91247,43616
91248,46005
91249,127847
91250,110894
91251,81030
91252,87988
91253,47142
91254,47112
91255,45539
91256,42764
91257,127346
91258,45473
91259,113067
91260,45435
91261,78170
91262,45110
91263,51392
91264,90512
91265,45571
91266,98528
91267,42819
91268,109484
91269,84205
91270,116976
91271,46006
91272,117093
91273,78574
91274,91558
91275,82177
91276,101921
91277,46976
91278,85463
91279,95162
91280,89102
91281,80483
91282,106908
91283,90383
91284,100176
91285,85347
91286,104349
91287,90192
91288,84239
91289,92684
91290,93349
91291,48095
91292,92084
91293,54418
91294,47565
91295,46061
91296,48412
91297,131022
91298,113454
91299,91892
91300,96279
91301,83322
91302,94944
91303,45793
91304,87736
91305,42158
91306,101540
91307,83266
91308,115341
91309,93920
91310,88525
91311,79787
91312,45312
91313,123711
91314,98267
91315,83442
91316,43731
91317,99209
91318,88019
91319,89971
91320,91705
91321,93335
91322,91692
91323,85902
91324,47983
91325,47411
91326,88738
91327,106745
91328,42166
91329,102981
91330,83139
91331,101800
91332,45739
91333,43569
91334,84022
91335,99314
91336,89111
91337,99163
91338,84342
91339,47842
91340,46860
91341,49284
91342,88280
91343,90655
91344,74018
91345,93940
91346,101457
91347,105917
91348,101249
91349,129310
91350,92681
91351,98576
91352,106353
91353,99006
91354,82505
91355,100211
91356,107404
91357,80651
91358,105330
91359,44098
91360,43544
91361,93853
91362,83147
91363,51592
91364,103485
91365,49573
91366,106796
91367,119355
91368,99139
91369,92268
91370,78574
91371,91916
91372,46725
91373,47772
91374,107371
91375,94184
91376,43567
91377,86933
91378,44070
91379,87454
91380,79503
91381,46941
91382,46756
91383,104130
91384,87229
91385,79173
91386,92295
91387,90217
91388,124590
91389,103703
91390,43147
91391,103261
91392,101844
91393,109760
91394,86807
91395,79138
91396,110594
91397,42114
91398,104179
91399,87652
91400,43699
91401,94648
91402,42272
91403,46976
91404,78047
91405,99151
91406,87715
91407,52074
91408,47881
91409,48184
91410,101194
91411,96984
91412,43836
91413,91573
91414,82113
91415,84481
91416,95293
91417,48568
91418,44349
91419,98897
91420,94125
91421,44880
91422,86897
91423,100251
91424,44666
91425,96696
91426,104795
91427,102102
91428,44932
91429,109955
91430,53683
91431,91405
91432,84675
91433,98955
91434,44924
91435,85646
91436,106588
91437,130317
91438,87152
91439,93346
91440,128396
91441,45413
91442,104325
91443,88629
91444,100782
91445,88443
91446,44920
91447,44904
91448,92037
91449,97305
91450,94675
91451,47502
91452,40084
91453,97192
91454,86829
91455,126825
91456,85088
91457,108912
91458,43221
91459,44699
91460,86754
91461,93029
91462,99957
91463,111795
91464,43904
91465,92159
91466,91858
91467,104689
91468,48221
91469,45847
91470,96963
91471,86646
91472,83734
91473,123441
91474,93335
91475,112738
91476,55216
91477,120044
91478,45471
91479,102571
91480,97936
91481,101141
91482,101398
91483,94432
91484,91435
91485,45159
91486,86682
91487,101045
91488,106854
91489,83827
91490,82752
91491,117770
91492,46055
91493,95380
91494,43263
91495,88731
91496,81113
91497,97615
91498,102478
91499,44707
91500,77843
91501,104664
91502,108610
91503,91566
91504,103772
91505,83606
91506,115352
91507,115245
91508,42025
91509,117379
91510,94837
91511,91009
91512,90197
91513,44280
91514,121413
91515,102617
91516,90902
91517,91601
91518,46114
91519,95483
91520,101975
91521,88053
91522,48381
91523,45808
91524,43609
91525,115073
91526,86677
91527,91411
91528,111892
91529,124877
91530,121116
91531,45482
91532,110983
91533,51098
91534,115213
91535,109142
91536,98012
91537,46185
91538,116694
91539,84780
91540,97174
91541,104299
91542,112838
91543,109052
91544,90599
91545,88985
91546,92262
91547,105947
91548,91661
91549,47359
91550,100791
91551,48290
91552,82075
91553,93773
91554,107031
91555,90267
91556,99529
91557,97831
91558,99135
91559,80218
91560,80662
91561,118432
91562,47464
91563,110634
91564,46775
91565,85730
91566,47889
91567,46261
91568,47056
91569,112492
91570,96310
91571,48355
91572,41384
91573,47769
91574,95116
91575,101852
91576,47430
91577,102342
91578,91346
91579,46462
91580,45244
91581,95483
91582,128105
91583,45729
91584,44549
91585,43569
91586,114326
91587,116204
91588,87847
91589,105671
91590,114799
91591,45124
91592,46575
91593,103375
91594,83065
91595,55570
91596,110576
91597,82834
91598,79170
91599,93439
91600,82516
91601,45998
91602,93943
91603,100997
91604,102310
91605,89027
91606,78269
91607,88965
91608,46916
91609,43544
91610,95336
91611,127527
91612,87770
91613,83953
91614,104018
91615,109477
91616,118527
91617,88956
91618,112342
91619,98986
91620,89624
91621,43711
91622,101350
91623,42750
91624,88985
91625,88842
91626,101664
91627,100653
91628,42893
91629,48826
91630,46937
91631,125721
91632,42121
91633,129347
91634,46430
91635,77326
91636,45100
91637,108867
91638,98408
91639,44333
91640,98346
91641,82906
91642,121095
91643,101921
91644,48067
91645,48770
91646,112547
91647,49610
91648,42878
91649,86874
91650,104115
91651,46331
91652,94062
91653,106014
91654,88882
91655,96682
91656,43475
91657,44368
91658,101338
91659,42034
91660,53190
91661,44099
91662,78991
91663,47149
91664,46117
91665,83558
91666,92135
91667,101531
91668,100715
91669,98485
91670,44693
91671,50490
91672,92513
91673,94014
91674,112878
91675,43799
91676,109785
91677,101193
91678,112809
91679,46027
91680,44241
91681,117920
91682,90655
91683,104516
91684,50062
91685,100227
91686,44803
91687,44098
91688,46471
91689,126477
91690,47622
91691,48795
91692,97244
91693,44060
91694,97313
91695,102537
91696,96200
91697,104322
91698,107483
91699,46824
91700,100448
91701,101618
91702,89236
91703,43699
91704,44892
91705,102392
91706,42507
91707,44310
91708,109851
91709,90964
91710,118364
91711,110441
91712,79774
91713,96575
91714,44040
91715,98502
91716,50343
91717,89643
91718,43438
91719,81747
91720,108809
91721,76946
91722,117710
91723,102560
91724,44293
91725,103222
91726,47087
91727,45628
91728,95944
91729,47640
91730,111893
91731,91766
91732,91112
91733,83735
91734,44025
91735,100681
91736,81622
91737,102988
91738,82689
91739,45464
91740,98453
91741,97002
91742,44677
91743,44303
91744,77156
91745,94953
91746,44857
91747,126155
91748,43276
91749,44101
91750,39046
91751,108283
91752,77195
91753,45316
91754,95415
91755,93009
91756,110900
91757,103216
91758,98307
91759,130902
91760,100424
91761,46937
91762,45736
91763,85588
91764,101141
91765,43453
91766,120562
91767,91446
91768,102470
91769,77964
91770,89456
91771,88113
91772,78503
91773,84968
91774,77104
91775,93747
91776,83582
91777,102942
91778,82730
91779,86742
91780,98839
91781,97756
91782,43058
91783,98576
91784,89776
91785,95838
91786,43765
91787,105908
91788,97279
91789,43693
91790,133794
91791,85121
91792,90019
91793,95008
91794,83785
91795,47580
91796,103851
91797,93621
91798,90320
91799,104854
91800,101885
91801,45728
91802,82309
91803,124790
91804,92234
91805,101068
91806,84550
91807,86361
91808,48304
91809,104712
91810,98783
91811,47037
91812,99925
91813,86613
91814,44862
91815,44455
91816,97119
91817,43698
91818,83909
91819,42419
91820,49505
91821,47338
91822,85939
91823,81354
91824,123441
91825,45480
91826,47073
91827,47155
91828,98968
91829,93279
91830,86283
91831,94485
91832,100662
91833,44868
91834,49155
91835,98800
91836,89755
91837,77178
91838,80857
91839,103737
91840,44427
91841,44111
91842,43990
91843,44465
91844,91198
91845,45949
91846,45953
91847,94579
91848,116135
91849,84212
91850,103404
91851,42327
91852,96532
91853,106501
91854,96793
91855,81632
91856,45713
91857,46082
91858,106494
91859,88829
91860,43488
91861,45305
91862,46814
91863,107682
91864,88386
91865,95545
91866,46367
91867,88828
91868,110108
91869,99850
91870,92072
91871,116204
91872,87917
91873,80399
91874,45238
91875,83889
91876,45415
91877,85777
91878,47817
91879,45072
91880,94578
91881,118875
91882,100541
91883,104866
91884,45106
91885,44576
91886,80152
91887,48027
91888,95164
91889,46146
91890,46207
91891,107815
91892,45058
91893,43381
91894,45753
91895,88399
91896,99545
91897,89187
91898,91198
91899,102407
91900,83909
91901,83549
91902,109409
91903,106046
91904,89839
91905,95205
91906,95314
91907,100468
91908,110541
91909,113316
91910,124364
91911,51430
91912,110339
91913,107621
91914,100559
91915,112402
91916,87768
91917,96896
91918,46982
91919,82886
91920,46657
91921,44786
91922,96748
91923,117141
91924,119855
91925,93999
91926,47160
91927,105034
91928,47548
91929,90908
91930,101175
91931,47527
91932,84180
91933,99377
91934,106061
91935,98059
91936,114509
91937,108459
91938,46790
91939,83993
91940,98318
91941,42756
91942,90811
91943,109418
91944,42377
91945,94858
91946,114703
91947,108880
91948,46799
91949,44408
91950,113551
91951,92281
91952,128493
91953,105433
91954,92388
91955,117500
91956,97846
91957,92213
91958,89061
91959,87509
91960,53117
91961,86879
91962,102520
91963,123067
91964,98018
91965,45764
91966,97346
91967,107290
91968,44018
91969,47670
91970,42283
91971,108324
91972,92577
91973,107755
91974,45391
91975,109630
91976,102141
91977,123406
91978,44179
91979,90031
91980,46105
91981,99647
91982,51090
91983,44844
91984,97816
91985,85936
91986,103136
91987,43086
91988,89115
91989,99537
91990,45277
91991,91981
91992,108485
91993,45110
91994,88930
91995,50266
91996,49522
91997,46302
91998,81314
91999,43892
92000,85303
92001,105527
92002,92966
92003,107675
92004,82540
92005,84845
92006,96376
92007,83631
92008,94477
92009,42856
92010,43407
92011,85745
92012,95241
92013,111573
92014,43585
92015,49395
92016,125855
92017,46151
92018,44413
92019,95951
92020,41536
92021,97365
92022,43446
92023,82241
92024,48798
92025,116148
92026,102617
92027,83660
92028,122392
92029,101596
92030,52807
92031,86389
92032,101071
92033,88862
92034,44615
92035,91194
92036,94891
92037,88575
92038,43735
92039,89119
92040,103633
92041,46418
92042,116720
92043,45968
92044,92040
92045,46141
92046,80335
92047,99500
92048,90084
92049,94966
92050,115875
92051,47360
92052,90622
92053,44566
92054,46195
92055,90005
92056,83916
92057,83576
92058,120038
92059,101494
92060,45170
92061,104619
92062,84457
92063,104384
92064,45756
92065,99946
92066,95563
92067,46114
92068,85182
92069,86925
92070,43693
92071,49473
92072,44607
92073,99782
92074,110803
92075,84470
92076,47556
92077,45667
92078,92182
92079,52610
92080,110580
92081,85047
92082,117554
92083,100198
92084,90805
92085,101783
92086,43210
92087,46386
92088,91121
92089,99596
92090,46069
92091,45428
92092,44535
92093,45086
92094,110538
92095,42353
92096,99919
92097,86646
92098,45042
92099,115824
92100,110378
92101,45743
92102,124692
92103,96582
92104,46683
92105,109976
92106,91865
92107,43846
92108,136617
92109,88722
92110,46532
92111,81604
92112,44178
92113,92396
92114,52822
92115,98736
92116,93472
92117,42211
92118,44684
92119,84129
92120,101822
92121,92252
92122,43229
92123,44257
92124,46624
92125,98568
92126,91258
92127,98203
92128,88227
92129,48343
92130,120755
92131,99657
92132,45569
92133,103917
92134,42761
92135,88731
92136,44448
92137,85287
92138,101048
92139,42609
92140,89753
92141,47408
92142,42853
92143,103158
92144,46537
92145,49591
92146,111158
92147,92779
92148,130722
92149,100424
92150,103415
92151,46460
92152,102286
92153,42788
92154,115707
92155,108738
92156,46876
92157,87080
92158,40863
92159,44281
92160,89085
92161,44744
92162,46117
92163,86658
92164,82745
92165,82232
92166,82523
92167,47106
92168,94022
92169,106949
92170,94489
92171,45905
92172,44264
92173,46162
92174,110479
92175,88246
92176,99501
92177,85526
92178,85895
92179,90545
92180,103295
92181,83103
92182,85237
92183,93237
92184,44083
92185,42609
92186,101512
92187,106807
92188,116898
92189,41505
92190,83827
92191,114111
92192,96919
92193,98730
92194,44759
92195,44548
92196,45108
92197,97520
92198,81331
92199,45908
92200,43620
92201,98957
92202,43323
92203,116749
92204,102790
92205,89313
92206,102787
92207,100522
92208,84728
92209,43699
92210,44629
92211,120795
92212,48561
92213,101542
92214,95136
92215,81239
92216,95167
92217,83513
92218,95721
92219,96859
92220,96445
92221,112109
92222,43324
92223,91591
92224,44409
92225,44817
92226,83001
92227,91885
92228,44172
92229,43509
92230,52840
92231,94673
92232,89817
92233,85355
92234,49487
92235,88576
92236,108897
92237,102030
92238,96727
92239,101362
92240,92179
92241,114943
92242,100874
92243,104508
92244,118630
92245,94523
92246,55581
92247,105038
92248,127207
92249,54351
92250,45567
92251,98364
92252,93951
92253,89781
92254,86947
92255,94713
92256,87243
92257,93432
92258,99850
92259,89144
92260,85939
92261,44463
92262,98287
92263,43599
92264,129959
92265,50523
92266,93326
92267,96149
92268,45440
92269,46073
92270,103678
92271,87583
92272,43477
92273,91962
92274,44788
92275,97145
92276,91969
92277,43699
92278,78968
92279,44864
92280,98671
92281,77413
92282,54078
92283,103966
92284,103610
92285,86236
92286,104323
92287,106291
92288,78401
92289,94741
92290,46405
92291,120324
92292,97324
92293,114117
92294,94906
92295,91179
92296,76414
92297,52992
92298,107857
92299,45071
92300,44920
92301,101027
92302,97721
92303,44803
92304,43984
92305,117220
92306,50157
92307,101925
92308,89311
92309,43407
92310,93714
92311,109524
92312,100148
92313,47217
92314,87444
92315,46893
92316,84792
92317,89055
92318,85220
92319,92147
92320,100156
92321,104058
92322,93994
92323,97842
92324,43969
92325,52018
92326,78686
92327,47247
92328,92375
92329,83930
92330,43606
92331,135044
92332,45467
92333,92177
92334,101798
92335,113472
92336,83195
92337,103107
92338,107011
92339,82682
92340,104983
92341,43023
92342,99135
92343,96792
92344,90668
92345,102015
92346,46251
92347,97279
92348,100131
92349,104233
92350,47367
92351,111450
92352,102166
92353,94238
92354,84281
92355,46666
92356,46909
92357,92501
92358,99209
92359,108422
92360,89871
92361,85427
92362,56253
92363,45165
92364,77985
92365,45573
92366,44083
92367,80224
92368,47033
92369,110269
92370,44856
92371,108540
92372,108513
92373,112929
92374,100403
92375,46035
92376,113881
92377,43112
92378,89374
92379,113430
92380,93805
92381,98404
92382,43509
92383,95017
92384,91411
92385,127346
92386,96749
92387,96180
92388,95656
92389,108316
92390,92759
92391,90562
92392,50654
92393,46444
92394,44571
92395,43869
92396,82467
92397,46931
92398,82146
92399,111049
92400,46598
92401,110482
92402,95982
92403,110349
92404,77193
92405,104332
92406,136272
92407,81079
92408,48303
92409,98608
92410,48397
92411,109793
92412,110361
92413,116253
92414,54692
92415,43164
92416,43666
92417,119892
92418,52383
92419,43535
92420,94994
92421,47003
92422,109231
92423,93885
92424,95516
92425,108297
92426,108887
92427,106494
92428,85088
92429,46680
92430,46920
92431,41890
92432,44082
92433,92328
92434,91265
92435,51185
92436,87055
92437,44971
92438,114113
92439,122197
92440,97183
92441,45980
92442,80824
92443,96600
92444,44741
92445,91552
92446,95673
92447,85030
92448,106932
92449,43798
92450,82406
92451,106317
92452,98713
92453,102051
92454,90655
92455,42724
92456,113346
92457,101285
92458,47128
92459,44895
92460,109642
92461,95650
92462,49426
92463,118756
92464,89517
92465,45713
92466,100452
92467,43756
92468,50564
92469,97615
92470,93607
92471,49633
92472,81102
92473,46072
92474,111977
92475,45999
92476,118689
92477,42820
92478,57722
92479,44428
92480,93469
92481,100712
92482,48857
92483,106609
92484,106588
92485,47472
92486,46000
92487,97597
92488,86912
92489,48260
92490,99168
92491,87892
92492,43583
92493,111993
92494,90303
92495,100077
92496,88025
92497,93995
92498,103617
92499,94062
92500,43893
92501,96809
92502,89357
92503,43820
92504,84845
92505,45274
92506,78170
92507,78775
92508,47803
92509,79366
92510,111485
92511,86187
92512,100473
92513,91094
92514,93074
92515,82834
92516,43592
92517,43218
92518,102757
92519,108911
92520,91149
92521,48445
92522,57079
92523,48699
92524,101025
92525,98154
92526,44667
92527,49949
92528,84363
92529,101552
92530,101323
92531,43638
92532,97554
92533,43695
92534,96081
92535,96854
92536,91510
92537,95044
92538,100826
92539,42730
92540,45679
92541,104023
92542,101862
92543,94978
92544,123886
92545,113591
92546,85068
92547,92112
92548,106760
92549,112269
92550,41721
92551,93237
92552,86955
92553,84470
92554,94423
92555,43159
92556,44588
92557,103571
92558,91672
92559,48181
92560,117747
92561,43234
92562,94074
92563,45276
92564,84204
92565,45590
92566,118508
92567,98778
92568,99462
92569,100751
92570,95552
92571,50651
92572,100394
92573,119383
92574,91259
92575,117500
92576,46425
92577,89975
92578,43339
92579,87039
92580,120018
92581,91265
92582,116316
92583,89062
92584,94155
92585,101530
92586,103693
92587,44497
92588,106926
92589,98153
92590,105009
92591,84779
92592,108342
92593,45705
92594,94974
92595,46474
92596,46867
92597,103709
92598,83936
92599,48075
92600,82406
92601,78305
92602,43993
92603,83614
92604,45121
92605,43316
92606,45807
92607,42109
92608,45848
92609,119034
92610,44418
92611,42961
92612,120938
92613,113525
92614,102713
92615,126918
92616,102192
92617,45153
92618,108401
92619,102110
92620,76881
92621,45260
92622,94938
92623,125797
92624,77582
92625,94830
92626,92690
92627,107336
92628,98268
92629,132772
92630,105459
92631,83582
92632,88163
92633,104098
92634,82319
92635,101010
92636,89080
92637,89633
92638,52038
92639,85925
92640,91391
92641,104667
92642,131775
92643,119327
92644,93401
92645,99927
92646,105246
92647,108182
92648,42025
92649,44563
92650,109695
92651,97798
92652,91738
92653,73791
92654,45918
92655,122457
92656,115781
92657,45695
92658,43029
92659,46074
92660,126772
92661,94853
92662,47789
92663,78648
92664,105262
92665,106105
92666,83311
92667,90282
92668,110348
92669,96301
92670,44726
92671,42859
92672,125893
92673,102113
92674,81818
92675,44624
92676,82962
92677,86444
92678,46939
92679,115286
92680,112334
92681,87160
92682,109999
92683,89416
92684,94468
92685,82988
92686,90656
92687,43950
92688,44895
92689,48228
92690,93099
92691,88348
92692,43862
92693,105915
92694,115635
92695,103159
92696,48770
92697,85603
92698,129180
92699,44430
92700,97135
92701,43836
92702,48205
92703,53273
92704,92807
92705,46583
92706,46344
92707,96889
92708,81631
92709,87792
92710,45893
92711,96446
92712,81936
92713,90175
92714,44727
92715,103727
92716,101330
92717,118697
92718,42848
92719,96089
92720,78426
92721,101780
92722,44480
92723,86613
92724,123899
92725,101732
92726,128862
92727,104651
92728,47557
92729,46360
92730,43730
92731,82949
92732,42349
92733,53095
92734,120271
92735,122755
92736,95908
92737,87979
92738,44016
92739,86286
92740,96362
92741,45200
92742,43616
92743,44976
92744,89980
92745,94004
92746,97325
92747,112984
92748,106146
92749,109180
92750,53785
92751,130932
92752,98453
92753,42295
92754,92103
92755,45321
92756,95063
92757,45055
92758,116450
92759,103873
92760,80452
92761,100125
92762,127963
92763,45775
92764,88288
92765,90846
92766,50162
92767,106071
92768,104868
92769,91535
92770,97245
92771,45236
92772,109348
92773,113338
92774,86540
92775,45949
92776,47347
92777,118429
92778,89470
92779,46754
92780,112717
92781,47191
92782,95490
92783,44157
92784,47076
92785,89996
92786,86448
92787,101451
92788,96175
92789,43556
92790,107891
92791,89403
92792,140257
92793,120756
92794,96327
92795,82912
92796,104275
92797,48314
92798,82523
92799,104840
92800,94014
92801,97441
92802,114025
92803,115356
92804,44448
92805,44415
92806,114751
92807,88053
92808,100077
92809,116417
92810,43656
92811,95557
92812,80651
92813,92038
92814,109731
92815,92796
92816,94468
92817,48207
92818,82592
92819,92608
92820,103063
92821,84766
92822,46562
92823,90383
92824,121639
92825,114803
92826,93926
92827,107688
92828,43535
92829,98843
92830,94735
92831,52323
92832,50004
92833,89014
92834,99184
92835,106081
92836,89758
92837,94977
92838,82651
92839,40754
92840,115424
92841,45968
92842,110475
92843,106793
92844,96767
92845,45010
92846,89324
92847,47271
92848,96479
92849,79879
92850,47217
92851,44940
92852,82484
92853,84764
92854,44107
92855,45920
92856,85854
92857,110470
92858,45977
92859,46127
92860,112678
92861,104185
92862,93194
92863,95597
92864,101202
92865,86761
92866,44481
92867,46673
92868,43520
92869,98866
92870,105789
92871,41890
92872,41894
92873,96801
92874,110344
92875,44271
92876,93461
92877,43649
92878,44103
92879,91704
92880,89061
92881,97439
92882,44188
92883,44246
92884,44666
92885,107417
92886,58903
92887,44380
92888,41592
92889,96464
92890,107118
92891,90756
92892,56170
92893,105863
92894,81393
92895,90074
92896,116056
92897,87567
92898,45227
92899,43517
92900,81347
92901,45139
92902,91810
92903,83660
92904,103850
92905,97934
92906,91862
92907,102023
92908,98761
92909,45916
92910,106850
92911,44676
92912,45567
92913,83423
92914,44236
92915,83687
92916,84434
92917,94475
92918,83423
92919,108762
92920,50247
92921,42609
92922,93819
92923,118564
92924,100545
92925,94586
92926,103086
92927,44421
92928,103877
92929,95226
92930,118264
92931,92357
92932,48061
92933,43536
92934,90509
92935,85621
92936,42288
92937,89801
92938,104320
92939,46144
92940,46077
92941,94879
92942,93917
92943,43210
92944,103450
92945,86395
92946,43912
92947,104075
92948,120864
92949,115185
92950,78012
92951,91836
92952,89396
92953,99486
92954,51809
92955,101427
92956,102304
92957,94665
92958,50569
92959,102474
92960,43875
92961,101368
92962,99277
92963,98786
92964,98278
92965,110866
92966,79788
92967,95566
92968,43928
92969,95827
92970,43795
92971,115713
92972,98534
92973,43687
92974,95130
92975,52543
92976,104185
92977,45129
92978,43893
92979,117485
92980,77779
92981,44768
92982,51589
92983,47760
92984,120424
92985,93611
92986,83026
92987,45125
92988,115796
92989,91367
92990,43537
92991,85395
92992,94415
92993,44317
92994,44888
92995,104509
92996,92138
92997,87294
92998,45468
92999,85242
93000,45701
93001,45999
93002,95948
93003,45144
93004,119229
93005,43517
93006,42938
93007,121727
93008,80544
93009,122805
93010,94665
93011,102903
93012,46209
93013,97693
93014,73918
93015,100168
93016,92299
93017,103779
93018,97039
93019,98947
93020,48636
93021,46094
93022,130358
93023,84212
93024,109436
93025,99443
93026,44882
93027,43043
93028,44009
93029,47855
93030,45560
93031,124445
93032,78968
93033,47325
93034,94014
93035,43147
93036,120076
93037,86706
93038,86369
93039,46102
93040,96396
93041,91854
93042,100490
93043,44401
93044,110602
93045,45228
93046,42386
93047,123961
93048,82997
93049,88138
93050,99442
93051,43695
93052,83494
93053,44965
93054,106151
93055,44006
93056,115134
93057,81631
93058,90334
93059,99612
93060,51485
93061,79434
93062,85242
93063,45433
93064,123179
93065,42358
93066,46360
93067,49356
93068,105730
93069,86594
93070,86602
93071,46209
93072,95070
93073,102280
93074,45762
93075,116012
93076,95251
93077,47079
93078,130284
93079,43357
93080,120543
93081,99156
93082,56833
93083,47479
93084,93119
93085,94590
93086,118890
93087,45433
93088,94325
93089,43887
93090,87250
93091,45983
93092,43058
93093,44939
93094,130478
93095,45811
93096,106407
93097,83592
93098,47651
93099,46606
93100,101898
93101,91801
93102,86348
93103,113206
93104,44762
93105,95000
93106,129767
93107,83680
93108,105867
93109,44439
93110,102065
93111,86678
93112,99094
93113,83483
93114,116436
93115,43728
93116,47411
93117,121299
93118,111780
93119,134185
93120,99476
93121,101488
93122,48232
93123,48753
93124,98128
93125,51166
93126,109108
93127,105501
93128,91086
93129,45227
93130,94766
93131,95102
93132,124413
93133,101021
93134,87179
93135,93335
93136,94955
93137,40973
93138,124457
93139,101589
93140,95508
93141,46177
93142,120136
93143,44849
93144,95577
93145,98968
93146,47064
93147,96099
93148,97996
93149,113037
93150,43731
93151,93165
93152,113575
93153,89694
93154,77703
93155,88594
93156,86072
93157,44633
93158,87419
93159,104472
93160,46847
93161,46518
93162,93557
93163,105926
93164,44777
93165,99919
93166,45772
93167,87332
93168,104319
93169,83724
93170,106136
93171,95820
93172,113507
93173,117558
93174,80452
93175,106186
93176,48430
93177,88215
93178,103107
93179,91965
93180,119219
93181,88065
93182,89198
93183,102720
93184,98011
93185,111858
93186,89597
93187,99042
93188,98513
93189,79001
93190,94098
93191,75878
93192,99656
93193,102399
93194,96038
93195,106973
93196,105872
93197,116942
93198,100490
93199,52053
93200,118796
93201,42846
93202,81232
93203,97112
93204,47147
93205,83083
93206,45983
93207,107136
93208,123670
93209,85757
93210,49462
93211,46621
93212,77437
93213,44085
93214,114621
93215,43854
93216,45868
93217,96532
93218,79641
93219,93579
93220,80275
93221,84550
93222,125386
93223,97575
93224,74512
93225,81663
93226,43241
93227,48166
93228,80538
93229,92660
93230,92103
93231,44674
93232,99492
93233,98284
93234,116358
93235,96034
93236,81494
93237,106027
93238,87567
93239,103476
93240,116026
93241,46427
93242,43045
93243,109888
93244,93327
93245,44889
93246,99547
93247,99944
93248,78615
93249,44380
93250,91438
93251,110625
93252,116683
93253,91653
93254,88909
93255,114916
93256,44777
93257,75595
93258,100779
93259,80824
93260,89772
93261,94076
93262,45324
93263,94578
93264,43509
93265,100522
93266,82946
93267,104816
93268,97961
93269,43743
93270,80028
93271,95125
93272,44243
93273,80033
93274,44555
93275,79090
93276,43830
93277,98142
93278,84379
93279,85777
93280,88767
93281,115806
93282,95008
93283,44335
93284,81948
93285,43339
93286,104165
93287,48180
93288,49586
93289,96181
93290,87558
93291,108673
93292,98063
93293,113239
93294,86007
93295,99079
93296,83455
93297,96306
93298,41450
93299,44044
93300,119588
93301,77985
93302,109740
93303,95715
93304,84246
93305,106325
93306,43812
93307,43043
93308,102871
93309,103575
93310,44832
93311,123448
93312,95871
93313,46225
93314,101290
93315,94713
93316,99319
93317,44826
93318,89949
93319,51423
93320,100561
93321,127219
93322,90750
93323,101883
93324,43836
93325,47278
93326,102227
93327,128640
93328,85232
93329,103489
93330,44680
93331,97169
93332,99696
93333,93475
93334,47087
93335,87179
93336,106561
93337,102679
93338,46521
93339,45983
93340,53856
93341,108134
93342,46911
93343,86897
93344,92633
93345,105649
93346,82959
93347,117931
93348,101802
93349,110895
93350,97253
93351,104108
93352,91219
93353,43284
93354,125973
93355,89942
93356,44663
93357,80744
93358,111998
93359,98591
93360,95974
93361,78877
93362,97133
93363,96332
93364,103396
93365,129532
93366,135170
93367,91247
93368,85010
93369,86956
93370,107368
93371,44004
93372,91861
93373,46044
93374,112411
93375,99107
93376,94022
93377,45841
93378,82447
93379,45937
93380,96479
93381,44676
93382,115020
93383,46554
93384,45354
93385,47258
93386,43001
93387,85631
93388,93146
93389,98559
93390,44344
93391,109836
93392,114224
93393,46850
93394,47890
93395,92389
93396,124485
93397,42798
93398,88995
93399,43045
93400,98289
93401,80828
93402,47497
93403,46174
93404,89000
93405,120730
93406,110556
93407,102361
93408,83582
93409,106929
93410,111015
93411,45765
93412,81235
93413,44719
93414,44410
93415,100884
93416,44436
93417,101795
93418,78326
93419,44335
93420,46045
93421,88054
93422,100251
93423,45706
93424,94934
93425,124888
93426,88464
93427,85210
93428,46845
93429,97016
93430,109719
93431,112229
93432,100183
93433,94035
93434,83311
93435,45817
93436,106226
93437,46239
93438,107715
93439,106518
93440,45848
93441,93375
93442,47341
93443,43038
93444,44047
93445,84059
93446,47215
93447,118165
93448,97934
93449,80857
93450,115235
93451,46642
93452,85713
93453,82553
93454,107817
93455,102519
93456,78730
93457,102913
93458,91157
93459,44357
93460,92216
93461,112682
93462,42503
93463,93925
93464,93204
93465,128019
93466,130970
93467,111176
93468,44852
93469,43669
93470,101830
93471,101800
93472,110384
93473,43744
93474,46624
93475,44724
93476,99254
93477,46428
93478,112461
93479,101354
93480,125603
93481,97482
93482,82121
93483,93006
93484,44032
93485,84864
93486,48677
93487,92795
93488,46707
93489,43544
93490,95738
93491,48640
93492,43483
93493,46023
93494,44564
93495,44567
93496,119297
93497,120365
93498,96281
93499,42764
93500,92219
93501,45415
93502,103980
93503,89363
93504,43646
93505,85737
93506,101780
93507,97131
93508,92020
93509,100671
93510,96175
93511,119802
93512,46494
93513,94078
93514,44885
93515,44926
93516,109258
93517,103393
93518,79871
93519,89651
93520,98167
93521,108996
93522,94806
93523,43536
93524,113865
93525,42818
93526,45651
93527,46688
93528,49575
93529,94187
93530,109558
93531,84803
93532,91938
93533,45413
93534,45979
93535,105220
93536,95075
93537,82747
93538,90698
93539,86629
93540,78406
93541,45314
93542,41709
93543,90920
93544,86296
93545,73871
93546,49571
93547,75878
93548,44695
93549,43833
93550,43276
93551,44941
93552,94533
93553,110472
93554,44187
93555,102625
93556,45006
93557,98013
93558,46468
93559,114533
93560,115827
93561,50884
93562,46047
93563,88128
93564,46469
93565,91200
93566,114154
93567,106738
93568,80114
93569,102685
93570,90658
93571,42991
93572,86256
93573,96856
93574,43836
93575,44904
93576,103320
93577,114555
93578,83423
93579,99664
93580,111816
93581,96582
93582,44699
93583,45916
93584,90170
93585,79237
93586,95827
93587,78148
93588,94072
93589,43693
93590,97697
93591,43730
93592,44084
93593,43363
93594,104005
93595,108605
93596,45763
93597,83394
93598,104707
93599,46140
93600,45785
93601,102466
93602,113110
93603,47245
93604,47101
93605,121786
93606,102498
93607,101989
93608,48253
93609,99442
93610,43891
93611,107803
93612,100191
93613,44383
93614,85842
93615,84747
93616,110795
93617,49895
93618,40381
93619,106383
93620,128539
93621,104542
93622,42190
93623,49398
93624,88594
93625,99889
93626,92564
93627,43724
93628,44502
93629,121354
93630,89448
93631,46052
93632,102773
93633,87243
93634,87789
93635,46463
93636,120424
93637,105457
93638,94268
93639,46158
93640,50612
93641,43301
93642,95832
93643,88980
93644,95995
93645,46250
93646,101954
93647,91560
93648,101071
93649,91356
93650,45930
93651,80881
93652,43147
93653,95806
93654,42746
93655,46518
93656,111557
93657,45187
93658,41934
93659,46029
93660,78185
93661,82834
93662,87899
93663,92274
93664,107425
93665,88449
93666,47951
93667,119543
93668,108106
93669,110343
93670,105171
93671,101932
93672,51014
93673,44754
93674,85305
93675,99338
93676,72512
93677,92352
93678,101535
93679,112440
93680,108447
93681,89215
93682,95768
93683,83540
93684,91024
93685,44837
93686,46044
93687,46137
93688,90742
93689,47527
93690,87186
93691,54907
93692,44336
93693,78426
93694,49378
93695,52524
93696,93718
93697,98635
93698,44599
93699,92591
93700,45948
93701,89373
93702,114261
93703,44484
93704,78648
93705,43543
93706,44311
93707,98028
93708,117122
93709,44935
93710,42983
93711,43620
93712,95920
93713,104790
93714,44895
93715,106038
93716,89768
93717,102056
93718,110079
93719,43378
93720,44596
93721,43836
93722,86950
93723,49944
93724,104709
93725,48054
93726,76276
93727,91693
93728,91477
93729,43731
93730,46007
93731,122409
93732,44345
93733,97429
93734,88031
93735,93142
93736,89879
93737,113649
93738,44729
93739,110878
93740,44856
93741,77620
93742,45598
93743,86169
93744,46185
93745,108401
93746,103466
93747,88413
93748,80104
93749,88179
93750,90233
93751,43084
93752,88586
93753,91801
93754,127647
93755,86075
93756,50012
93757,43849
93758,98876
93759,43681
93760,102604
93761,43899
93762,99347
93763,46733
93764,118125
93765,89122
93766,108399
93767,88162
93768,99558
93769,94472
93770,118971
93771,43066
93772,44162
93773,93969
93774,90543
93775,44193
93776,44476
93777,43167
93778,98826
93779,46114
93780,106250
93781,98563
93782,47726
93783,46288
93784,46362
93785,89717
93786,78784
93787,115846
93788,95415
93789,91644
93790,89120
93791,46207
93792,94019
93793,92086
93794,105842
93795,96522
93796,93644
93797,92148
93798,46413
93799,78906
93800,88535
93801,46030
93802,94620
93803,46797
93804,102185
93805,92958
93806,82600
93807,42017
93808,87475
93809,93913
93810,45301
93811,99739
93812,122538
93813,46735
93814,86808
93815,46815
93816,93335
93817,95014
93818,104133
93819,44936
93820,45337
93821,92181
93822,92292
93823,100584
93824,44528
93825,88453
93826,88905
93827,86926
93828,45176
93829,106112
93830,99330
93831,46697
93832,100850
93833,90224
93834,83707
93835,107407
93836,110023
93837,94859
93838,44794
93839,122808
93840,81950
93841,47013
93842,92320
93843,77474
93844,84845
93845,101578
93846,95224
93847,101355
93848,81182
93849,96497
93850,112380
93851,102080
93852,79280
93853,45877
93854,95984
93855,43259
93856,78900
93857,101976
93858,83930
93859,44960
93860,96069
93861,93932
93862,46719
93863,82474
93864,44144
93865,91670
93866,97138
93867,86706
93868,90009
93869,83201
93870,91610
93871,45378
93872,103083
93873,94635
93874,92127
93875,45004
93876,45274
93877,125838
93878,125038
93879,98546
93880,50327
93881,108166
93882,109890
93883,44114
93884,105648
93885,44220
93886,44840
93887,114349
93888,47202
93889,114614
93890,44755
93891,47347
93892,44473
93893,91143
93894,81981
93895,105724
93896,118995
93897,80213
93898,44909
93899,44333
93900,45787
93901,126902
93902,110260
93903,48139
93904,102668
93905,97141
93906,110107
93907,98334
93908,114203
93909,46147
93910,97755
93911,88455
93912,96558
93913,79413
93914,98750
93915,103761
93916,44936
93917,44336
93918,104888
93919,75639
93920,82002
93921,82682
93922,94221
93923,45162
93924,94947
93925,99982
93926,90281
93927,91596
93928,84806
93929,86702
93930,45342
93931,42087
93932,100329
93933,87509
93934,78305
93935,47802
93936,78716
93937,49175
93938,91931
93939,97642
93940,43283
93941,101168
93942,43474
93943,86002
93944,83001
93945,45561
93946,94099
93947,84154
93948,111761
93949,106022
93950,42898
93951,105532
93952,47631
93953,112758
93954,89086
93955,105786
93956,43862
93957,94537
93958,97471
93959,100735
93960,91141
93961,46072
93962,43463
93963,89971
93964,80889
93965,111748
93966,45228
93967,83520
93968,90447
93969,105800
93970,42799
93971,44800
93972,56607
93973,102148
93974,45924
93975,107946
93976,84030
93977,94417
93978,45228
93979,46927
93980,118296
93981,48483
93982,91438
93983,87789
93984,121571
93985,121565
93986,48163
93987,43146
93988,132286
93989,89233
93990,128914
93991,82324
93992,43758
93993,74757
93994,101304
93995,43482
93996,98424
93997,45677
93998,42921
93999,94687
94000,84321
94001,84154
94002,102134
94003,112039
94004,43087
94005,48547
94006,45846
94007,122128
94008,118247
94009,83065
94010,98229
94011,46636
94012,92368
94013,96808
94014,43551
94015,96187
94016,91255
94017,43921
94018,117507
94019,101519
94020,104801
94021,102120
94022,77475
94023,102683
94024,45236
94025,45439
94026,81512
94027,97345
94028,117861
94029,43685
94030,45258
94031,84080
94032,83916
94033,121995
94034,126228
94035,42658
94036,45341
94037,111549
94038,86369
94039,112473
94040,97837
94041,108619
94042,43260
94043,46974
94044,95991
94045,120659
94046,46933
94047,107131
94048,84041
94049,44610
94050,45279
94051,45702
94052,79871
94053,95144
94054,81278
94055,102934
94056,90167
94057,42037
94058,126970
94059,105604
94060,51490
94061,104135
94062,92139
94063,95255
94064,89374
94065,45455
94066,131599
94067,44194
94068,136701
94069,109760
94070,92084
94071,48182
94072,48899
94073,103779
94074,43825
94075,90384
94076,88852
94077,86521
94078,47452
94079,43928
94080,90277
94081,82724
94082,101527
94083,96279
94084,44679
94085,90331
94086,99095
94087,44535
94088,107251
94089,102270
94090,86283
94091,114039
94092,91170
94093,78161
94094,104021
94095,113091
94096,98392
94097,116434
94098,47302
94099,98818
94100,113857
94101,105886
94102,124047
94103,106181
94104,89400
94105,90437
94106,118771
94107,44755
94108,102264
94109,108005
94110,115138
94111,102841
94112,105665
94113,87137
94114,86395
94115,86568
94116,45028
94117,102895
94118,50614
94119,80567
94120,45822
94121,101987
94122,84730
94123,95027
94124,83849
94125,118183
94126,46201
94127,43400
94128,86742
94129,43832
94130,134576
94131,101936
94132,90788
94133,42921
94134,94788
94135,47454
94136,113734
94137,43919
94138,49284
94139,86426
94140,51326
94141,97423
94142,44074
94143,81179
94144,79847
94145,125957
94146,46321
94147,91411
94148,45442
94149,93323
94150,42802
94151,48243
94152,44011
94153,94059
94154,117228
94155,108323
94156,45653
94157,45788
94158,102971
94159,44244
94160,90969
94161,87768
94162,92313
94163,111682
94164,83581
94165,82251
94166,99356
94167,96864
94168,41779
94169,45489
94170,89467
94171,102367
94172,99053
94173,95515
94174,82260
94175,95304
94176,96518
94177,96836
94178,116886
94179,83479
94180,50627
94181,85792
94182,120689
94183,53272
94184,87842
94185,45892
94186,103720
94187,93657
94188,101597
94189,107415
94190,93398
94191,88531
94192,93852
94193,86955
94194,87652
94195,96081
94196,52500
94197,46663
94198,108006
94199,101438
94200,43552
94201,120197
94202,42504
94203,123463
94204,92618
94205,44937
94206,95954
94207,103848
94208,44284
94209,44215
94210,78954
94211,125764
94212,90599
94213,47246
94214,45952
94215,91719
94216,43461
94217,46061
94218,44924
94219,77961
94220,102276
94221,91105
94222,82600
94223,46234
94224,82866
94225,78098
94226,45197
94227,103138
94228,133778
94229,42017
94230,43557
94231,98113
94232,46371
94233,94673
94234,92781
94235,89516
94236,84466
94237,118473
94238,87648
94239,87198
94240,44884
94241,86089
94242,43780
94243,98732
94244,46630
94245,85500
94246,88038
94247,97198
94248,88971
94249,130542
94250,80464
94251,78012
94252,88705
94253,92053
94254,43906
94255,84018
94256,98987
94257,83916
94258,47353
94259,91227
94260,98938
94261,45952
94262,105923
94263,43447
94264,42574
94265,92066
94266,93131
94267,83147
94268,80722
94269,42062
94270,91735
94271,91486
94272,95472
94273,43541
94274,45165
94275,93740
94276,87077
94277,120042
94278,111607
94279,91850
94280,44266
94281,96253
94282,110429
94283,121833
94284,83855
94285,94696
94286,87192
94287,46223
94288,46541
94289,44546
94290,92006
94291,105330
94292,85243
94293,44102
94294,44612
94295,118668
94296,42059
94297,89948
94298,101513
94299,45023
94300,83256
94301,45382
94302,42876
94303,97246
94304,83480
94305,46934
94306,124316
94307,105369
94308,74967
94309,93208
94310,82677
94311,47855
94312,45845
94313,104711
94314,46228
94315,92897
94316,112758
94317,43398
94318,82090
94319,95697
94320,90798
94321,92852
94322,92788
94323,47880
94324,47358
94325,91510
94326,102262
94327,53444
94328,45245
94329,107851
94330,48219
94331,105658
94332,99625
94333,97242
94334,44520
94335,100422
94336,45049
94337,99959
94338,120179
94339,46545
94340,99794
94341,47462
94342,42382
94343,89761
94344,44692
94345,108923
94346,94754
94347,94294
94348,84410
94349,96556
94350,98447
94351,43805
94352,44868
94353,90741
94354,45735
94355,88343
94356,44955
94357,103718
94358,84748
94359,45176
94360,110278
94361,97225
94362,108887
94363,95471
94364,103063
94365,107761
94366,89063
94367,47387
94368,99940
94369,41483
94370,93005
94371,45187
94372,111697
94373,44038
94374,77422
94375,87913
94376,119364
94377,83029
94378,102795
94379,44320
94380,46483
94381,96544
94382,107351
94383,44799
94384,42613
94385,111249
94386,85243
94387,46982
94388,43711
94389,43728
94390,95772
94391,122287
94392,98623
94393,81061
94394,75199
94395,129551
94396,109659
94397,94063
94398,87922
94399,41757
94400,44689
94401,95046
94402,86987
94403,132134
94404,44283
94405,99688
94406,41524
94407,114047
94408,89259
94409,105431
94410,97554
94411,80663
94412,100333
94413,117358
94414,89390
94415,100193
94416,43743
94417,43220
94418,44873
94419,92423
94420,103120
94421,82875
94422,88809
94423,48274
94424,44693
94425,116299
94426,107539
94427,119209
94428,43223
94429,114851
94430,111288
94431,89623
94432,92268
94433,120707
94434,43723
94435,43544
94436,97475
94437,45329
94438,96366
94439,96712
94440,100673
94441,78161
94442,78954
94443,96925
94444,99481
94445,46149
94446,111042
94447,85501
94448,91539
94449,113120
94450,78609
94451,45471
94452,109064
94453,83301
94454,43369
94455,92268
94456,43385
94457,107512
94458,92307
94459,88031
94460,42767
94461,107770
94462,45583
94463,106257
94464,79856
94465,44403
94466,90542
94467,100329
94468,55660
94469,81641
94470,117428
94471,43772
94472,44800
94473,48759
94474,106247
94475,89515
94476,125951
94477,41026
94478,43929
94479,46603
94480,43582
94481,44961
94482,88163
94483,51164
94484,88370
94485,43730
94486,51990
94487,44347
94488,107716
94489,92431
94490,113685
94491,112105
94492,48086
94493,41974
94494,46974
94495,82474
94496,91554
94497,43977
94498,92526
94499,116762
94500,90833
94501,97121
94502,48609
94503,110274
94504,45386
94505,101210
94506,81482
94507,118453
94508,93396
94509,48908
94510,101368
94511,45860
94512,113836
94513,105209
94514,76414
94515,73918
94516,107075
94517,45219
94518,86170
94519,46583
94520,94673
94521,80810
94522,96950
94523,136593
94524,43036
94525,44135
94526,80086
94527,109426
94528,82177
94529,85768
94530,124330
94531,44962
94532,46166
94533,42325
94534,96595
94535,84052
94536,44340
94537,44535
94538,88132
94539,48310
94540,45672
94541,98179
94542,87149
94543,88346
94544,98624
94545,44438
94546,115639
94547,113830
94548,108538
94549,98790
94550,45486
94551,53893
94552,93643
94553,126963
94554,47702
94555,102746
94556,99344
94557,80906
94558,77258
94559,95032
94560,96237
94561,119076
94562,45859
94563,122792
94564,113767
94565,102652
94566,86282
94567,43831
94568,83699
94569,46033
94570,42870
94571,45158
94572,87638
94573,106343
94574,107368
94575,90269
94576,96938
94577,45105
94578,104876
94579,131692
94580,118895
94581,43110
94582,87665
94583,84648
94584,120616
94585,50732
94586,100313
94587,80817
94588,93894
94589,103895
94590,95271
94591,99896
94592,106263
94593,116402
94594,105656
94595,44086
94596,96270
94597,43592
94598,84844
94599,91517
94600,110010
94601,43017
94602,44682
94603,108033
94604,107926
94605,46515
94606,46723
94607,90442
94608,81025
94609,84659
94610,112363
94611,100784
94612,43411
94613,106624
94614,128596
94615,45165
94616,90565
94617,81755
94618,86292
94619,81398
94620,46020
94621,41775
94622,89588
94623,88068
94624,98897
94625,129345
94626,79370
94627,44514
94628,83390
94629,49279
94630,46197
94631,92371
94632,81221
94633,104655
94634,94743
94635,136639
94636,88743
94637,105900
94638,122747
94639,42733
94640,90176
94641,77925
94642,83993
94643,76942
94644,95474
94645,46206
94646,121259
94647,89551
94648,55538
94649,96765
94650,46695
94651,44140
94652,104025
94653,123063
94654,96406
94655,93305
94656,44961
94657,90800
94658,100274
94659,110707
94660,106747
94661,48498
94662,45053
94663,90230
94664,88162
94665,90719
94666,97988
94667,116113
94668,44271
94669,89630
94670,97313
94671,41717
94672,99538
94673,87676
94674,105351
94675,94865
94676,53918
94677,98943
94678,108891
94679,97355
94680,96358
94681,43436
94682,44904
94683,96967
94684,84576
94685,92691
94686,81182
94687,44438
94688,88413
94689,112766
94690,81408
94691,125213
94692,98774
94693,43085
94694,89553
94695,99181
94696,93532
94697,46899
94698,87362
94699,44220
94700,46807
94701,47092
94702,124188
94703,129737
94704,53694
94705,86785
94706,43174
94707,105349
94708,95803
94709,89701
94710,101575
94711,119500
94712,99686
94713,48146
94714,88533
94715,118381
94716,101300
94717,80322
94718,107770
94719,98244
94720,99357
94721,56340
94722,95674
94723,46584
94724,47006
94725,44789
94726,47071
94727,49196
94728,78069
94729,93084
94730,85712
94731,108247
94732,107105
94733,47496
94734,93054
94735,96011
94736,84272
94737,43019
94738,92803
94739,100544
94740,87791
94741,94343
94742,102401
94743,104765
94744,91693
94745,115381
94746,88552
94747,44077
94748,100902
94749,98714
94750,45665
94751,120072
94752,52069
94753,41798
94754,103182
94755,43736
94756,50512
94757,95683
94758,90618
94759,99563
94760,91845
94761,44084
94762,92284
94763,45266
94764,105647
94765,98364
94766,46052
94767,44412
94768,111222
94769,102131
94770,117469
94771,119780
94772,44370
94773,99199
94774,106031
94775,83029
94776,99800
94777,78983
94778,45038
94779,91970
94780,45707
94781,45033
94782,95670
94783,130894
94784,98693
94785,89828
94786,48293
94787,44118
94788,43103
94789,47889
94790,46065
94791,101336
94792,105252
94793,137131
94794,83930
94795,117747
94796,100912
94797,48188
94798,80213
94799,100044
94800,45936
94801,43866
94802,76058
94803,124041
94804,94470
94805,45237
94806,99367
94807,89363
94808,100751
94809,43383
94810,97351
94811,129588
94812,50825
94813,104488
94814,44401
94815,101366
94816,44677
94817,49299
94818,93982
94819,49593
94820,45013
94821,49374
94822,119865
94823,120568
94824,86207
94825,112133
94826,45904
94827,89097
94828,92843
94829,99266
94830,109383
94831,101800
94832,55294
94833,105553
94834,102790
94835,104977
94836,44034
94837,46233
94838,48211
94839,91843
94840,45127
94841,43517
94842,50529
94843,41490
94844,44237
94845,83147
94846,52733
94847,117352
94848,46728
94849,97293
94850,104878
94851,117898
94852,107915
94853,47229
94854,86238
94855,53374
94856,43296
94857,46121
94858,88182
94859,95476
94860,46188
94861,45204
94862,45494
94863,94599
94864,115367
94865,112282
94866,89324
94867,102710
94868,42118
94869,45922
94870,43357
94871,80399
94872,47405
94873,88525
94874,101248
94875,45370
94876,91018
94877,94716
94878,103675
94879,85182
94880,76636
94881,102854
94882,81518
94883,130977
94884,82519
94885,82286
94886,117651
94887,139145
94888,108188
94889,79539
94890,124955
94891,117151
94892,85598
94893,83961
94894,50578
94895,47132
94896,110290
94897,44021
94898,92088
94899,76535
94900,97053
94901,48555
94902,95132
94903,44086
94904,89668
94905,94072
94906,44133
94907,90004
94908,78631
94909,44887
94910,46300
94911,124372
94912,86364
94913,48561
94914,76058
94915,92629
94916,43401
94917,42865
94918,122002
94919,83206
94920,102346
94921,95308
94922,106585
94923,47774
94924,91629
94925,45096
94926,99633
94927,45916
94928,110195
94929,91476
94930,89741
94931,85652
94932,46152
94933,46444
94934,48273
94935,97217
94936,99837
94937,44599
94938,110695
94939,81339
94940,87286
94941,46148
94942,51099
94943,45806
94944,46800
94945,43411
94946,52871
94947,44376
94948,83916
94949,130623
94950,45026
94951,44499
94952,110840
94953,97744
94954,47204
94955,50275
94956,49494
94957,99789
94958,44494
94959,106706
94960,89652
94961,87081
94962,44086
94963,45429
94964,44997
94965,86434
94966,91179
94967,83558
94968,94288
94969,76261
94970,91572
94971,106954
94972,43517
94973,93181
94974,44018
94975,83971
94976,99276
94977,45665
94978,118188
94979,89584
94980,45134
94981,101544
94982,91047
94983,44853
94984,44203
94985,44231
94986,91704
94987,46451
94988,90647
94989,89651
94990,104190
94991,51097
94992,101612
94993,44715
94994,45432
94995,98780
94996,49074
94997,94948
94998,47083
94999,46255
95000,134839
95001,130890
95002,103794
95003,88791
95004,87076
95005,96222
95006,87192
95007,77827
95008,45110
95009,105449
95010,112300
95011,45024
95012,94708
95013,44221
95014,46042
95015,84275
95016,100641
95017,108214
95018,48864
95019,91748
95020,45677
95021,44526
95022,43381
95023,105895
95024,94181
95025,95988
95026,124484
95027,56517
95028,78702
95029,45054
95030,45576
95031,113002
95032,126403
95033,83631
95034,45883
95035,42036
95036,45976
95037,117624
95038,42210
95039,97162
95040,111823
95041,97938
95042,126377
95043,101454
95044,73493
95045,43323
95046,105734
95047,89578
95048,113947
95049,107185
95050,89375
95051,97696
95052,96751
95053,88439
95054,105560
95055,94894
95056,110311
95057,44182
95058,116398
95059,45024
95060,91653
95061,44956
95062,112912
95063,120493
95064,131887
95065,94982
95066,98809
95067,113557
95068,101892
95069,44176
95070,43139
95071,108610
95072,92933
95073,80906
95074,76940
95075,92803
95076,79514
95077,91938
95078,126305
95079,91173
95080,102595
95081,43147
95082,46624
95083,109918
95084,93990
95085,76649
95086,80794
95087,46211
95088,45832
95089,100699
95090,98831
95091,99885
95092,42964
95093,43636
95094,93438
95095,45197
95096,127798
95097,47161
95098,96747
95099,82724
95100,94912
95101,105619
95102,94280
95103,96386
95104,46205
95105,44410
95106,81503
95107,84739
95108,108153
95109,102805
95110,104279
95111,91744
95112,98573
95113,46154
95114,89093
95115,44809
95116,44968
95117,43479
95118,90343
95119,104089
95120,89285
95121,88474
95122,44695
95123,100508
95124,46415
95125,43167
95126,50279
95127,43423
95128,114722
95129,95213
95130,101860
95131,91468
95132,103213
95133,119894
95134,100139
95135,106049
95136,94268
95137,94670
95138,86858
95139,86439
95140,41490
95141,102644
95142,43247
95143,43620
95144,93178
95145,43535
95146,99333
95147,91315
95148,87845
95149,82697
95150,81900
95151,98671
95152,47832
95153,95073
95154,48874
95155,93930
95156,46058
95157,85754
95158,77505
95159,77620
95160,88352
95161,89812
95162,46909
95163,83364
95164,98390
95165,100877
95166,120136
95167,43528
95168,85877
95169,44125
95170,48164
95171,85058
95172,86255
95173,131426
95174,106141
95175,44086
95176,80335
95177,100925
95178,94395
95179,99342
95180,45227
95181,45179
95182,101959
95183,44192
95184,86426
95185,107004
95186,86462
95187,79487
95188,95692
95189,95581
95190,45978
95191,101295
95192,44559
95193,100091
95194,96385
95195,120813
95196,46422
95197,46689
95198,102329
95199,112547
95200,116343
95201,86302
95202,56852
95203,46643
95204,111616
95205,43161
95206,44652
95207,107204
95208,95516
95209,49007
95210,92103
95211,43911
95212,46368
95213,100815
95214,99573
95215,105493
95216,45286
95217,46057
95218,104918
95219,102135
95220,119396
95221,128824
95222,97839
95223,93487
95224,43150
95225,45065
95226,88529
95227,95566
95228,43924
95229,44938
95230,88817
95231,45268
95232,101503
95233,90390
95234,95456
95235,93926
95236,43447
95237,47364
95238,45740
95239,108741
95240,89463
95241,110042
95242,86176
95243,46173
95244,77422
95245,53711
95246,55804
95247,113766
95248,100515
95249,44250
95250,44768
95251,44679
95252,92562
95253,99625
95254,79857
95255,48084
95256,119507
95257,44012
95258,78251
95259,87842
95260,92579
95261,114366
95262,44932
95263,46723
95264,41052
95265,43171
95266,81102
95267,95908
95268,93607
95269,98198
95270,45653
95271,132780
95272,127322
95273,89250
95274,92208
95275,90589
95276,99955
95277,82091
95278,85777
95279,79957
95280,85551
95281,45673
95282,44203
95283,84323
95284,45919
95285,78269
95286,111742
95287,84732
95288,44082
95289,91229
95290,46398
95291,45014
95292,105227
95293,94290
95294,101484
95295,97989
95296,132298
95297,84693
95298,84780
95299,44831
95300,114190
95301,102140
95302,45269
95303,47207
95304,52034
95305,92006
95306,108303
95307,98301
95308,41094
95309,91212
95310,44685
95311,94022
95312,103682
95313,88951
95314,94821
95315,111089
95316,42570
95317,50740
95318,101213
95319,137329
95320,45468
95321,99761
95322,114437
95323,121886
95324,48885
95325,91411
95326,45921
95327,83366
95328,83601
95329,94621
95330,43469
95331,97021
95332,105126
95333,45428
95334,93705
95335,82789
95336,89498
95337,103852
95338,90544
95339,89067
95340,87486
95341,93621
95342,112336
95343,97605
95344,52343
95345,102240
95346,93359
95347,93487
95348,105084
95349,113874
95350,44093
95351,54181
95352,125768
95353,98362
95354,112668
95355,80829
95356,96765
95357,121523
95358,104587
95359,43197
95360,100127
95361,86568
95362,95826
95363,43147
95364,95586
95365,53003
95366,89451
95367,88316
95368,44088
95369,112944
95370,91377
95371,90749
95372,98552
95373,94740
95374,44388
95375,44036
95376,128083
95377,81203
95378,84716
95379,46462
95380,113454
95381,97505
95382,97056
95383,88348
95384,88387
95385,138543
95386,105711
95387,41988
95388,110934
95389,77859
95390,99455
95391,46005
95392,102662
95393,91966
95394,100717
95395,43884
95396,92246
95397,47191
95398,45778
95399,103342
95400,113291
95401,43578
95402,107802
95403,98574
95404,91594
95405,108058
95406,102498
95407,83029
95408,44040
95409,82913
95410,44661
95411,111242
95412,94122
95413,111883
95414,90811
95415,97318
95416,129230
95417,45960
95418,77198
95419,94062
95420,115046
95421,102502
95422,47918
95423,89366
95424,46904
95425,83631
95426,96444
95427,84853
95428,45591
95429,88731
95430,125129
95431,46483
95432,44858
95433,49751
95434,80462
95435,86358
95436,122657
95437,87918
95438,96122
95439,49777
95440,43190
95441,41809
95442,121248
95443,111858
95444,127181
95445,84557
95446,47010
95447,106218
95448,101907
95449,44590
95450,44564
95451,99505
95452,45563
95453,91530
95454,93335
95455,45588
95456,45301
95457,95675
95458,42733
95459,105329
95460,44246
95461,45383
95462,95586
95463,103090
95464,77627
95465,99902
95466,47502
95467,93889
95468,46341
95469,83660
95470,90461
95471,46539
95472,110753
95473,96387
95474,102894
95475,118078
95476,44393
95477,101784
95478,83022
95479,100633
95480,104154
95481,82901
95482,45341
95483,83393
95484,76596
95485,74777
95486,45040
95487,43576
95488,103744
95489,81354
95490,77133
95491,48383
95492,126247
95493,45280
95494,126974
95495,45340
95496,45736
95497,93574
95498,53127
95499,95132
95500,87939
95501,120430
95502,104057
95503,45720
95504,44038
95505,98724
95506,43923
95507,96120
95508,80221
95509,99848
95510,46441
95511,51267
95512,101168
95513,77818
95514,90072
95515,44727
95516,117681
95517,111265
95518,86702
95519,126023
95520,111520
95521,99747
95522,104629
95523,90446
95524,101824
95525,47308
95526,47986
95527,47767
95528,44641
95529,88261
95530,98457
95531,89191
95532,42292
95533,105127
95534,98468
95535,90655
95536,44006
95537,47559
95538,42908
95539,86570
95540,93713
95541,87660
95542,80726
95543,109246
95544,45960
95545,83083
95546,98410
95547,92974
95548,45320
95549,122965
95550,43002
95551,96100
95552,83495
95553,44137
95554,95122
95555,113181
95556,102079
95557,93697
95558,105291
95559,44234
95560,112871
95561,90246
95562,94513
95563,45820
95564,89332
95565,87169
95566,42818
95567,93097
95568,117669
95569,87791
95570,81137
95571,80633
95572,51007
95573,50384
95574,98748
95575,51852
95576,100003
95577,91320
95578,131570
95579,52164
95580,124450
95581,85247
95582,113786
95583,128112
95584,88753
95585,86757
95586,44685
95587,45368
95588,112326
95589,80829
95590,100975
95591,84659
95592,104343
95593,94137
95594,98439
95595,127595
95596,45411
95597,45323
95598,89982
95599,43228
95600,85223
95601,103216
95602,91802
95603,99060
95604,84707
95605,44868
95606,106435
95607,46171
95608,51139
95609,93502
95610,86347
95611,84708
95612,46767
95613,102091
95614,45615
95615,44317
95616,117682
95617,120704
95618,85390
95619,95437
95620,98350
95621,88319
95622,92992
95623,111667
95624,44939
95625,120864
95626,123659
95627,43968
95628,127144
95629,94580
95630,90195
95631,101894
95632,75442
95633,116699
95634,45516
95635,91831
95636,85573
95637,82997
95638,46787
95639,46952
95640,87753
95641,96791
95642,113292
95643,107773
95644,96663
95645,101013
95646,95864
95647,44330
95648,85543
95649,101129
95650,97887
95651,45757
95652,44082
95653,76739
95654,84212
95655,44457
95656,91121
95657,44390
95658,105829
95659,104808
95660,109348
95661,44049
95662,99886
95663,109175
95664,87013
95665,103644
95666,84531
95667,87829
95668,94383
95669,90732
95670,44011
95671,84635
95672,81264
95673,88795
95674,101790
95675,120851
95676,93109
95677,99325
95678,106371
95679,108533
95680,96785
95681,99557
95682,118143
95683,44685
95684,47276
95685,97319
95686,81461
95687,116776
95688,89473
95689,45261
95690,45681
95691,102783
95692,45832
95693,99789
95694,45258
95695,43896
95696,51557
95697,46134
95698,47996
95699,106839
95700,44040
95701,80106
95702,107464
95703,124955
95704,85226
95705,76218
95706,84607
95707,47461
95708,88581
95709,43965
95710,108381
95711,45218
95712,90447
95713,52002
95714,121360
95715,85544
95716,108898
95717,101490
95718,46929
95719,99005
95720,80102
95721,83423
95722,83582
95723,43107
95724,123027
95725,45144
95726,118381
95727,102173
95728,109618
95729,43175
95730,43513
95731,91109
95732,45135
95733,92620
95734,122774
95735,83522
95736,45955
95737,45347
95738,47869
95739,85802
95740,95714
95741,93671
95742,48060
95743,88526
95744,82838
95745,83852
95746,104472
95747,45999
95748,43738
95749,87546
95750,44616
95751,43173
95752,113403
95753,44082
95754,79642
95755,109510
95756,44477
95757,45096
95758,102385
95759,46761
95760,48888
95761,94333
95762,116811
95763,96590
95764,108483
95765,105475
95766,106417
95767,97144
95768,92546
95769,93242
95770,95650
95771,92122
95772,92634
95773,119118
95774,102476
95775,46087
95776,45883
95777,118966
95778,108849
95779,50221
95780,84839
95781,45883
95782,44420
95783,44321
95784,94793
95785,104974
95786,50781
95787,114050
95788,81264
95789,98033
95790,43255
95791,43232
95792,87632
95793,45241
95794,89898
95795,45146
95796,93274
95797,45624
95798,44346
95799,79340
95800,41485
95801,45960
95802,42962
95803,84366
95804,46277
95805,43965
95806,110553
95807,47832
95808,55324
95809,42301
95810,44208
95811,94164
95812,47256
95813,98877
95814,101565
95815,89128
95816,124041
95817,105245
95818,92666
95819,94204
95820,46121
95821,86086
95822,108398
95823,114809
95824,44831
95825,109277
95826,119823
95827,92617
95828,85655
95829,90218
95830,42851
95831,86176
95832,114766
95833,128169
95834,101215
95835,85929
95836,102925
95837,114128
95838,102491
95839,44939
95840,45080
95841,115186
95842,44664
95843,45130
95844,122058
95845,114793
95846,101116
95847,113150
95848,42348
95849,77118
95850,86007
95851,122002
95852,97920
95853,46221
95854,95826
95855,43072
95856,99973
95857,44674
95858,106520
95859,122365
95860,51324
95861,107983
95862,98075
95863,45865
95864,49224
95865,119228
95866,102876
95867,43538
95868,97533
95869,84696
95870,86667
95871,92111
95872,46569
95873,55975
95874,45318
95875,45484
95876,47677
95877,81540
95878,80868
95879,93625
95880,88018
95881,88517
95882,100522
95883,116785
95884,45690
95885,44674
95886,83912
95887,47319
95888,101917
95889,133383
95890,46064
95891,45468
95892,80838
95893,100314
95894,84876
95895,91139
95896,43950
95897,79207
95898,43968
95899,107116
95900,43188
95901,45756
95902,92846
95903,91888
95904,125979
95905,44604
95906,108867
95907,42722
95908,48036
95909,88183
95910,43309
95911,94064
95912,46700
95913,95804
95914,46911
95915,94494
95916,46660
95917,110725
95918,100109
95919,81138
95920,93457
95921,44905
95922,72906
95923,47954
95924,95314
95925,78098
95926,107492
95927,91861
95928,44230
95929,97542
95930,41934
95931,98012
95932,90726
95933,46463
95934,44541
95935,51940
95936,96922
95937,102295
95938,94330
95939,95958
95940,86702
95941,81675
95942,108609
95943,47987
95944,43069
95945,104784
95946,87813
95947,80253
95948,91347
95949,116399
95950,45127
95951,91325
95952,100703
95953,45112
95954,77456
95955,101511
95956,101033
95957,92149
95958,131713
95959,44484
95960,48245
95961,106787
95962,46586
95963,75763
95964,91771
95965,45468
95966,112374
95967,130970
95968,43610
95969,100604
95970,42882
95971,46335
95972,87208
95973,96042
95974,96162
95975,108093
95976,47928
95977,44664
95978,43618
95979,97778
95980,105231
95981,101685
95982,102169
95983,95516
95984,45662
95985,75669
95986,43485
95987,79787
95988,42844
95989,137464
95990,45739
95991,43635
95992,50567
95993,46303
95994,102676
95995,41122
95996,89428
95997,83915
95998,88460
95999,81343
96000,78332
96001,95898
96002,90269
96003,85570
96004,48017
96005,104372
96006,90937
96007,48294
96008,44350
96009,50955
96010,85207
96011,107523
96012,44745
96013,44973
96014,105220
96015,83897
96016,89978
96017,102012
96018,42920
96019,117349
96020,81855
96021,96606
96022,99365
96023,89475
96024,118013
96025,106798
96026,101006
96027,99621
96028,79552
96029,86204
96030,116925
96031,92156
96032,44631
96033,87535
96034,98453
96035,113150
96036,101730
96037,44492
96038,46481
96039,94043
96040,78574
96041,91028
96042,105018
96043,118381
96044,45739
96045,98242
96046,98699
96047,84247
96048,103391
96049,111539
96050,87479
96051,92468
96052,91426
96053,103127
96054,105698
96055,92261
96056,88054
96057,101163
96058,109881
96059,118002
96060,50751
96061,81809
96062,44271
96063,85750
96064,102638
96065,80662
96066,44053
96067,98766
96068,52567
96069,44310
96070,91458
96071,46064
96072,45244
96073,97183
96074,101780
96075,45273
96076,56720
96077,77582
96078,118507
96079,48994
96080,118075
96081,95875
96082,122170
96083,43543
96084,106561
96085,99752
96086,83278
96087,96109
96088,99273
96089,92548
96090,118235
96091,44029
96092,97863
96093,103281
96094,44801
96095,46832
96096,45062
96097,122716
96098,88783
96099,84138
96100,86471
96101,94383
96102,83074
96103,89433
96104,86810
96105,96446
96106,99058
96107,95629
96108,102630
96109,87960
96110,98444
96111,45559
96112,116445
96113,80290
96114,98259
96115,45024
96116,101111
96117,102780
96118,107294
96119,107063
96120,95329
96121,100902
96122,48426
96123,47010
96124,90565
96125,46635
96126,44941
96127,45618
96128,90021
96129,46629
96130,90039
96131,118862
96132,45105
96133,94770
96134,106129
96135,112717
96136,46093
96137,45503
96138,79131
96139,106807
96140,95902
96141,106865
96142,46611
96143,80086
96144,82916
96145,45853
96146,116784
96147,46501
96148,88954
96149,46056
96150,86031
96151,101750
96152,94062
96153,45848
96154,83912
96155,86600
96156,128404
96157,91647
96158,92726
96159,94257
96160,90305
96161,95516
96162,45677
96163,55773
96164,83503
96165,78928
96166,102519
96167,85822
96168,46644
96169,87268
96170,95329
96171,46686
96172,91018
96173,44129
96174,92379
96175,48302
96176,127136
96177,87452
96178,117334
96179,48028
96180,43493
96181,46127
96182,114957
96183,104276
96184,82525
96185,43858
96186,44570
96187,84844
96188,105671
96189,43132
96190,44509
96191,83360
96192,44639
96193,111539
96194,98465
96195,97059
96196,81278
96197,95454
96198,50898
96199,80236
96200,108264
96201,90150
96202,85577
96203,87039
96204,81314
96205,110329
96206,46547
96207,94209
96208,103063
96209,48183
96210,103060
96211,46053
96212,104717
96213,95283
96214,115078
96215,42058
96216,87749
96217,124614
96218,54714
96219,92788
96220,79939
96221,44386
96222,46972
96223,95940
96224,102023
96225,46922
96226,102012
96227,78161
96228,110429
96229,90384
96230,99282
96231,123766
96232,86172
96233,44460
96234,82553
96235,100876
96236,86352
96237,99783
96238,100795
96239,96519
96240,44755
96241,104041
96242,45908
96243,108714
96244,45277
96245,101194
96246,91364
96247,45186
96248,116166
96249,100952
96250,90530
96251,42608
96252,47772
96253,102795
96254,115413
96255,95089
96256,43266
96257,43814
96258,87088
96259,91200
96260,90908
96261,109742
96262,102520
96263,101188
96264,93661
96265,103090
96266,79051
96267,46867
96268,106365
96269,98190
96270,101503
96271,78778
96272,121018
96273,48311
96274,101444
96275,124495
96276,125721
96277,93419
96278,92701
96279,82997
96280,43805
96281,95161
96282,104529
96283,43933
96284,52283
96285,47100
96286,92770
96287,51015
96288,104915
96289,94954
96290,44792
96291,44918
96292,44886
96293,104373
96294,58767
96295,45050
96296,96689
96297,105397
96298,110710
96299,123791
96300,43694
96301,92364
96302,97290
96303,83238
96304,108074
96305,94244
96306,111710
96307,77571
96308,42185
96309,85751
96310,44565
96311,92088
96312,46738
96313,43687
96314,97046
96315,44449
96316,43381
96317,83278
96318,111528
96319,82413
96320,43889
96321,92291
96322,107667
96323,41510
96324,82957
96325,96188
96326,81314
96327,44330
96328,81489
96329,117294
96330,106447
96331,89575
96332,130031
96333,126403
96334,93441
96335,83116
96336,44246
96337,97108
96338,96134
96339,108239
96340,112326
96341,41692
96342,43919
96343,88415
96344,89067
96345,94155
96346,100807
96347,45940
96348,105535
96349,85532
96350,107245
96351,45403
96352,94339
96353,100638
96354,46692
96355,109426
96356,96695
96357,88790
96358,103055
96359,90077
96360,93147
96361,102180
96362,111321
96363,89000
96364,110444
96365,48781
96366,45166
96367,43255
96368,47374
96369,88257
96370,50002
96371,44390
96372,45487
96373,46839
96374,92055
96375,91354
96376,102357
96377,129603
96378,44317
96379,108251
96380,116771
96381,103206
96382,43608
96383,44602
96384,101027
96385,44729
96386,93290
96387,90169
96388,84215
96389,42764
96390,87129
96391,94766
96392,45178
96393,91792
96394,92813
96395,101460
96396,110910
96397,44546
96398,101760
96399,102396
96400,115318
96401,42590
96402,43376
96403,46086
96404,96275
96405,103675
96406,43872
96407,82491
96408,47356
96409,98577
96410,93375
96411,85582
96412,98212
96413,43705
96414,98624
96415,87175
96416,44352
96417,114905
96418,46047
96419,45902
96420,77627
96421,109064
96422,104855
96423,80452
96424,94161
96425,44625
96426,91070
96427,108606
96428,93742
96429,100371
96430,94114
96431,101664
96432,117000
96433,49070
96434,104786
96435,46183
96436,45154
96437,110101
96438,45870
96439,90952
96440,97992
96441,107124
96442,127871
96443,123305
96444,85860
96445,84637
96446,110738
96447,101669
96448,90839
96449,112129
96450,86064
96451,79871
96452,85717
96453,94534
96454,112774
96455,123382
96456,79078
96457,44332
96458,106313
96459,91844
96460,43633
96461,93302
96462,44947
96463,91685
96464,44349
96465,74323
96466,80947
96467,89235
96468,95525
96469,93607
96470,44703
96471,101964
96472,91060
96473,45756
96474,47493
96475,101612
96476,78199
96477,113394
96478,107171
96479,43564
96480,99688
96481,127437
96482,92632
96483,91237
96484,101168
96485,96244
96486,93529
96487,107003
96488,48185
96489,48187
96490,47041
96491,85232
96492,96468
96493,132264
96494,47591
96495,94894
96496,46346
96497,43537
96498,82910
96499,77013
96500,99626
96501,84118
96502,56623
96503,41359
96504,95203
96505,110876
96506,82860
96507,83937
96508,41973
96509,46787
96510,38929
96511,123352
96512,93383
96513,43087
96514,103053
96515,43571
96516,44105
96517,90347
96518,84656
96519,103731
96520,91180
96521,51626
96522,107031
96523,51743
96524,47129
96525,90742
96526,78940
96527,46589
96528,116062
96529,43785
96530,100233
96531,89978
96532,44674
96533,79071
96534,86760
96535,84594
96536,90602
96537,74512
96538,45587
96539,41298
96540,107796
96541,48736
96542,79694
96543,127155
96544,96815
96545,92885
96546,105011
96547,82516
96548,54308
96549,100947
96550,91395
96551,43395
96552,99550
96553,119253
96554,104184
96555,92462
96556,45023
96557,103491
96558,44590
96559,86929
96560,85344
96561,43105
96562,90941
96563,131163
96564,121427
96565,98049
96566,83419
96567,100823
96568,78548
96569,95865
96570,46386
96571,87176
96572,131914
96573,111010
96574,97597
96575,116204
96576,45035
96577,44817
96578,44552
96579,49899
96580,98761
96581,93494
96582,41320
96583,95550
96584,98139
96585,52730
96586,104220
96587,84875
96588,42816
96589,100926
96590,98605
96591,46795
96592,121224
96593,128344
96594,89214
96595,94773
96596,83278
96597,91933
96598,126115
96599,120322
96600,82523
96601,94547
96602,44231
96603,126374
96604,47110
96605,45176
96606,46539
96607,84955
96608,43005
96609,49750
96610,85930
96611,109526
96612,86628
96613,101737
96614,46140
96615,103372
96616,117035
96617,77985
96618,45708
96619,78332
96620,85131
96621,46551
96622,108120
96623,46092
96624,99738
96625,84696
96626,108996
96627,89687
96628,89764
96629,89951
96630,49077
96631,82769
96632,95924
96633,105867
96634,104184
96635,110167
96636,86162
96637,44427
96638,97123
96639,43014
96640,129819
96641,80322
96642,91255
96643,92891
96644,81627
96645,100564
96646,43989
96647,101880
96648,92071
96649,49306
96650,83916
96651,113748
96652,92060
96653,99399
96654,126856
96655,108362
96656,101304
96657,89424
96658,92404
96659,88731
96660,44021
96661,102046
96662,103755
96663,128344
96664,110324
96665,86686
96666,98916
96667,92082
96668,126941
96669,99632
96670,101101
96671,77861
96672,46089
96673,108762
96674,99741
96675,102415
96676,117985
96677,86283
96678,43969
96679,78047
96680,104694
96681,45305
96682,46200
96683,43448
96684,90517
96685,44796
96686,80597
96687,96565
96688,91744
96689,96092
96690,45325
96691,87738
96692,91246
96693,121519
96694,91054
96695,44278
96696,86829
96697,89613
96698,94029
96699,46997
96700,104542
96701,42786
96702,101927
96703,83724
96704,108270
96705,110832
96706,84891
96707,45819
96708,88668
96709,102718
96710,52052
96711,44673
96712,82697
96713,91345
96714,94339
96715,78267
96716,81647
96717,98047
96718,100540
96719,90354
96720,80794
96721,83582
96722,86187
96723,44456
96724,44414
96725,45017
96726,51449
96727,43650
96728,46988
96729,47654
96730,78377
96731,92803
96732,108061
96733,99626
96734,109976
96735,106034
96736,78503
96737,44216
96738,94766
96739,130442
96740,92444
96741,92968
96742,105160
96743,109315
96744,106781
96745,115569
96746,113385
96747,45322
96748,41811
96749,83700
96750,81772
96751,111481
96752,103291
96753,44246
96754,93243
96755,107904
96756,89562
96757,48369
96758,96321
96759,108015
96760,103612
96761,116947
96762,45797
96763,46276
96764,43222
96765,50807
96766,47712
96767,88937
96768,81818
96769,43332
96770,88621
96771,101191
96772,50897
96773,44249
96774,79777
96775,94014
96776,84212
96777,94022
96778,43436
96779,97972
96780,108743
96781,89401
96782,43421
96783,107990
96784,93757
96785,123895
96786,95679
96787,110022
96788,89982
96789,77619
96790,46940
96791,113335
96792,101645
96793,89140
96794,106289
96795,84166
96796,47404
96797,78410
96798,52956
96799,108943
96800,109088
96801,89844
96802,87582
96803,87037
96804,97244
96805,98209
96806,82490
96807,85716
96808,94673
96809,101331
96810,84442
96811,89631
96812,43708
96813,112743
96814,93666
96815,81685
96816,86365
96817,45566
96818,104359
96819,101604
96820,78653
96821,89952
96822,118504
96823,119725
96824,81234
96825,98630
96826,99128
96827,88354
96828,106452
96829,47936
96830,44380
96831,45405
96832,43184
96833,102499
96834,46044
96835,88109
96836,102868
96837,104928
96838,90538
96839,43942
96840,43836
96841,98758
96842,98022
96843,47788
96844,138543
96845,125072
96846,41823
96847,113939
96848,136303
96849,92518
96850,47428
96851,90683
96852,41867
96853,89461
96854,103945
96855,99075
96856,84182
96857,107795
96858,91173
96859,112267
96860,132425
96861,84218
96862,116793
96863,45915
96864,100471
96865,92084
96866,129689
96867,102319
96868,124254
96869,87659
96870,50327
96871,89578
96872,46305
96873,56684
96874,80459
96875,113828
96876,44864
96877,85565
96878,41437
96879,90807
96880,54369
96881,105508
96882,46875
96883,45839
96884,83916
96885,90130
96886,91183
96887,43847
96888,77827
96889,46009
96890,103721
96891,44111
96892,94449
96893,45546
96894,74967
96895,83295
96896,45878
96897,50306
96898,101628
96899,47651
96900,87151
96901,78630
96902,92321
96903,95284
96904,79490
96905,100464
96906,118832
96907,117238
96908,101295
96909,99140
96910,43734
96911,104439
96912,97608
96913,87807
96914,95036
96915,106371
96916,44390
96917,44067
96918,45448
96919,120052
96920,110630
96921,41693
96922,83882
96923,97416
96924,48892
96925,91806
96926,85961
96927,44426
96928,47969
96929,94832
96930,91948
96931,52509
96932,91962
96933,44448
96934,45723
96935,104603
96936,105875
96937,44028
96938,83761
96939,103288
96940,50244
96941,105544
96942,83065
96943,98596
96944,82505
96945,101068
96946,91172
96947,45700
96948,99537
96949,95840
96950,45648
96951,109088
96952,99250
96953,42275
96954,100933
96955,42377
96956,92100
96957,87231
96958,93404
96959,46052
96960,109704
96961,87361
96962,118915
96963,132735
96964,120190
96965,52558
96966,92833
96967,49993
96968,44398
96969,89283
96970,86120
96971,130195
96972,50525
96973,113646
96974,90769
96975,80657
96976,74497
96977,98461
96978,48405
96979,44098
96980,104498
96981,91537
96982,96933
96983,44023
96984,108505
96985,46607
96986,90831
96987,81538
96988,45250
96989,44144
96990,96352
96991,91095
96992,90269
96993,96533
96994,102201
96995,78277
96996,85524
96997,52402
96998,94184
96999,43439
97000,98251
97001,90104
97002,98995
97003,89565
97004,108396
97005,121165
97006,82802
97007,43951
97008,94743
97009,94415
97010,121100
97011,95557
97012,90123
97013,100422
97014,88448
97015,120007
97016,91734
97017,46603
97018,78877
97019,98905
97020,108784
97021,115376
97022,103765
97023,42497
97024,45614
97025,88162
97026,47651
97027,46213
97028,92086
97029,89749
97030,117840
97031,101948
97032,109836
97033,94626
97034,88876
97035,97601
97036,114376
97037,113075
97038,47671
97039,44079
97040,94952
97041,89123
97042,89906
97043,87413
97044,99142
97045,88466
97046,78185
97047,44025
97048,87503
97049,91137
97050,87206
97051,87540
97052,98528
97053,98901
97054,80831
97055,46107
97056,94713
97057,125493
97058,100443
97059,48777
97060,44583
97061,96038
97062,44129
97063,81762
97064,104514
97065,85686
97066,78148
97067,97807
97068,102545
97069,45295
97070,97450
97071,41097
97072,105649
97073,88938
97074,94490
97075,48406
97076,83916
97077,99137
97078,95963
97079,101929
97080,52208
97081,47180
97082,111395
97083,101889
97084,112852
97085,44926
97086,117048
97087,86044
97088,91948
97089,92211
97090,100949
97091,100850
97092,42906
97093,88030
97094,48604
97095,88165
97096,51184
97097,43722
97098,117136
97099,43375
97100,76684
97101,44450
97102,86683
97103,44813
97104,99194
97105,102702
97106,96416
97107,84001
97108,44160
97109,80546
97110,43260
97111,104005
97112,89270
97113,44599
97114,118115
97115,121491
97116,89295
97117,55118
97118,43675
97119,86121
97120,106364
97121,111272
97122,53991
97123,106996
97124,46152
97125,43674
97126,86015
97127,46583
97128,80238
97129,84483
97130,43731
97131,45215
97132,95254
97133,108336
97134,90673
97135,113145
97136,45530
97137,105700
97138,46060
97139,75595
97140,80662
97141,104501
97142,43697
97143,44702
97144,136408
97145,112039
97146,120607
97147,93683
97148,85761
97149,104235
97150,90545
97151,117007
97152,44007
97153,116363
97154,90926
97155,45906
97156,89005
97157,129819
97158,44191
97159,44426
97160,106228
97161,43889
97162,109686
97163,84704
97164,97025
97165,100172
97166,97183
97167,101227
97168,90941
97169,78389
97170,43919
97171,105535
97172,119054
97173,47285
97174,96811
97175,110095
97176,123972
97177,47760
97178,137087
97179,43933
97180,97775
97181,44750
97182,95424
97183,45048
97184,97925
97185,123857
97186,98759
97187,90948
97188,89540
97189,121854
97190,96124
97191,92912
97192,107520
97193,45143
97194,46431
97195,46136
97196,135931
97197,120659
97198,122708
97199,92912
97200,83360
97201,47187
97202,119480
97203,99256
97204,85679
97205,85623
97206,44279
97207,86534
97208,91743
97209,44558
97210,118470
97211,47356
97212,93084
97213,50233
97214,78015
97215,43374
97216,96724
97217,89264
97218,44601
97219,91943
97220,46232
97221,87357
97222,47275
97223,90024
97224,108700
97225,45854
97226,41986
97227,88363
97228,45991
97229,116898
97230,98757
97231,44092
97232,44619
97233,93467
97234,115955
97235,87791
97236,102377
97237,87339
97238,110282
97239,46146
97240,82186
97241,90311
97242,46898
97243,99443
97244,90411
97245,99837
97246,45958
97247,99431
97248,44215
97249,95283
97250,87621
97251,45894
97252,88971
97253,82682
97254,105701
97255,124459
97256,42764
97257,92668
97258,92741
97259,47844
97260,43939
97261,47410
97262,121751
97263,100797
97264,55923
97265,42673
97266,104581
97267,43955
97268,80431
97269,44144
97270,104344
97271,98319
97272,105176
97273,88752
97274,103475
97275,97951
97276,47730
97277,107504
97278,105832
97279,85860
97280,95269
97281,94614
97282,41849
97283,113999
97284,43341
97285,45442
97286,46395
97287,101238
97288,89328
97289,99540
97290,47113
97291,51732
97292,46777
97293,104087
97294,44007
97295,87695
97296,96285
97297,93375
97298,100657
97299,101208
97300,88310
97301,84784
97302,106553
97303,86128
97304,89470
97305,78730
97306,113594
97307,107603
97308,100162
97309,43886
97310,98047
97311,108269
97312,108216
97313,45700
97314,110409
97315,91306
97316,97814
97317,109230
97318,99817
97319,102631
97320,115324
97321,93881
97322,105734
97323,89813
97324,87870
97325,80964
97326,76880
97327,44410
97328,43463
97329,43645
97330,108106
97331,88330
97332,99215
97333,44606
97334,89557
97335,47476
97336,44201
97337,118770
97338,43178
97339,87143
97340,104758
97341,110069
97342,107340
97343,44074
97344,86387
97345,106383
97346,99264
97347,88212
97348,115019
97349,113483
97350,96564
97351,118159
97352,45680
97353,114614
97354,100522
97355,92483
97356,98755
97357,116656
97358,90430
97359,46356
97360,54105
97361,110692
97362,86177
97363,92983
97364,44795
97365,85682
97366,79493
97367,99523
97368,44386
97369,109141
97370,45284
97371,95961
97372,106850
97373,130776
97374,46341
97375,113768
97376,82744
97377,47444
97378,46479
97379,95825
97380,105323
97381,107124
97382,128674
97383,74956
97384,100318
97385,138241
97386,119339
97387,77827
97388,88332
97389,44089
97390,109830
97391,48770
97392,44055
97393,88814
97394,107122
97395,90063
97396,99515
97397,92186
97398,103581
97399,45915
97400,96567
97401,88679
97402,91683
97403,84792
97404,76432
97405,43322
97406,79581
97407,87736
97408,93768
97409,76872
97410,118072
97411,109664
97412,75669
97413,48039
97414,48010
97415,98660
97416,100540
97417,90294
97418,42105
97419,86660
97420,44118
97421,50692
97422,114008
97423,110310
97424,84432
97425,44446
97426,85773
97427,45638
97428,50136
97429,94639
97430,46376
97431,45969
97432,95476
97433,43109
97434,95529
97435,88756
97436,95943
97437,88933
97438,44535
97439,94442
97440,83583
97441,47708
97442,96552
97443,93580
97444,46876
97445,102365
97446,117914
97447,43222
97448,83311
97449,89248
97450,92998
97451,45538
97452,44818
97453,95091
97454,78305
97455,95730
97456,46564
97457,94184
97458,81063
97459,53539
97460,106769
97461,45400
97462,101394
97463,119019
97464,84906
97465,120049
97466,99402
97467,109761
97468,85821
97469,82160
97470,116545
97471,96015
97472,44432
97473,81214
97474,46606
97475,97319
97476,45046
97477,91465
97478,43730
97479,92388
97480,45576
97481,45006
97482,98739
97483,85524
97484,96987
97485,79910
97486,52492
97487,99194
97488,92529
97489,109886
97490,92110
97491,45911
97492,48369
97493,113324
97494,121688
97495,95533
97496,82171
97497,46301
97498,85034
97499,81159
97500,122307
97501,88907
97502,79008
97503,43707
97504,45139
97505,48217
97506,93255
97507,112547
97508,90792
97509,105784
97510,138751
97511,83001
97512,118848
97513,98951
97514,44962
97515,94470
97516,46218
97517,92179
97518,105734
97519,87934
97520,43354
97521,104974
97522,43567
97523,83065
97524,86723
97525,79102
97526,110621
97527,44301
97528,80998
97529,45307
97530,75639
97531,85648
97532,81745
97533,99298
97534,43529
97535,46287
97536,106527
97537,130832
97538,97814
97539,101406
97540,99718
97541,115290
97542,103390
97543,104593
97544,42950
97545,95965
97546,101163
97547,97141
97548,89072
97549,85145
97550,89045
97551,42953
97552,45924
97553,91855
97554,94673
97555,47634
97556,84764
97557,43713
97558,43085
97559,101086
97560,95831
97561,94391
97562,45473
97563,128272
97564,112722
97565,45163
97566,98503
97567,53670
97568,43291
97569,45625
97570,77569
97571,45179
97572,43954
97573,99423
97574,87289
97575,48605
97576,46302
97577,43435
97578,79024
97579,53330
97580,85040
97581,47563
97582,92148
97583,96750
97584,77859
97585,101663
97586,83195
97587,93495
97588,122193
97589,53621
97590,90321
97591,44494
97592,85019
97593,89030
97594,100454
97595,79871
97596,43934
97597,85183
97598,48706
97599,48770
97600,44415
97601,45165
97602,48869
97603,54697
97604,43909
97605,112083
97606,83823
97607,102148
97608,44975
97609,99105
97610,123115
97611,45170
97612,90610
97613,44409
97614,96695
97615,79274
97616,44220
97617,49540
97618,81433
97619,114350
97620,44995
97621,44558
97622,49964
97623,45466
97624,92433
97625,88455
97626,88053
97627,93145
97628,92774
97629,46277
97630,87884
97631,44174
97632,124316
97633,106927
97634,125275
97635,89968
97636,43210
97637,89472
97638,92619
97639,45748
97640,94647
97641,45358
97642,85636
97643,111374
97644,97408
97645,133502
97646,50298
97647,92353
97648,82923
97649,46302
97650,43635
97651,95255
97652,124356
97653,44654
97654,104967
97655,98255
97656,100525
97657,44174
97658,42777
97659,86723
97660,102870
97661,111054
97662,96338
97663,90976
97664,105123
97665,93347
97666,90676
97667,95066
97668,46786
97669,94688
97670,82333
97671,45672
97672,95867
97673,83455
97674,44842
97675,96737
97676,44330
97677,98243
97678,97798
97679,42976
97680,80166
97681,43797
97682,113145
97683,91432
97684,76796
97685,45696
97686,108017
97687,87175
97688,100172
97689,102912
97690,100264
97691,43458
97692,42355
97693,90993
97694,53956
97695,101731
97696,99184
97697,129261
97698,47050
97699,43098
97700,43969
97701,42062
97702,91653
97703,75148
97704,44922
97705,94487
97706,86283
97707,90182
97708,109333
97709,116766
97710,94839
97711,107091
97712,46080
97713,84889
97714,111283
97715,81331
97716,115198
97717,47828
97718,89668
97719,105804
97720,91035
97721,44322
97722,120278
97723,80465
97724,94810
97725,90040
97726,77985
97727,137418
97728,84346
97729,43063
97730,83256
97731,106780
97732,87055
97733,94044
97734,84780
97735,47818
97736,42823
97737,43743
97738,45513
97739,45227
97740,46774
97741,89072
97742,100691
97743,83374
97744,121442
97745,51392
97746,46372
97747,107091
97748,47333
97749,88148
97750,41867
97751,111144
97752,47876
97753,110306
97754,95148
97755,97167
97756,105289
97757,43555
97758,46800
97759,86952
97760,102636
97761,94163
97762,103990
97763,101353
97764,44927
97765,97183
97766,90707
97767,119390
97768,116480
97769,45621
97770,116898
97771,45236
97772,86485
97773,117486
97774,43953
97775,109015
97776,47789
97777,48717
97778,92020
97779,93550
97780,81239
97781,117420
97782,98848
97783,124423
97784,44266
97785,93044
97786,89682
97787,81217
97788,45087
97789,102615
97790,89700
97791,122723
97792,86370
97793,43861
97794,44436
97795,47342
97796,83999
97797,49765
97798,82177
97799,46566
97800,100458
97801,101751
97802,84841
97803,117500
97804,127818
97805,78426
97806,47125
97807,79146
97808,89403
97809,44404
97810,44942
97811,97871
97812,129189
97813,92416
97814,76109
97815,43799
97816,88466
97817,102434
97818,103319
97819,86294
97820,46057
97821,80431
97822,86784
97823,113040
97824,86283
97825,93460
97826,97554
97827,75763
97828,108867
97829,122221
97830,82155
97831,42730
97832,46099
97833,43110
97834,108632
97835,46483
97836,120244
97837,90765
97838,105114
97839,86919
97840,102863
97841,94417
97842,45471
97843,48761
97844,85869
97845,90260
97846,102917
97847,102877
97848,97604
97849,47547
97850,47530
97851,45069
97852,95972
97853,99420
97854,44728
97855,104124
97856,103831
97857,94766
97858,46769
97859,90475
97860,95327
97861,115614
97862,98547
97863,52855
97864,84646
97865,47392
97866,99634
97867,41956
97868,44438
97869,82792
97870,106165
97871,92166
97872,114056
97873,111422
97874,97341
97875,84059
97876,98312
97877,97554
97878,85637
97879,104969
97880,123474
97881,48819
97882,49531
97883,83754
97884,100084
97885,94806
97886,114903
97887,105533
97888,118299
97889,86127
97890,85991
97891,78840
97892,96081
97893,43478
97894,118105
97895,47009
97896,118630
97897,46689
97898,108890
97899,44144
97900,55890
97901,108219
97902,94062
97903,87303
97904,43743
97905,45955
97906,86038
97907,47693
97908,120754
97909,96768
97910,42649
97911,44852
97912,45713
97913,45888
97914,87441
97915,49530
97916,93760
97917,45393
97918,78406
97919,100826
97920,103355
97921,44059
97922,43342
97923,113025
97924,118715
97925,47583
97926,102556
97927,44310
97928,44412
97929,44821
97930,45560
97931,89560
97932,113385
97933,88260
97934,96918
97935,43758
97936,45422
97937,80014
97938,112795
97939,45384
97940,44266
97941,107092
97942,44167
97943,45387
97944,105911
97945,97877
97946,88749
97947,43210
97948,85551
97949,45369
97950,108220
97951,87659
97952,85348
97953,45361
97954,47182
97955,91810
97956,89142
97957,96406
97958,98555
97959,106434
97960,83909
97961,44098
97962,45661
97963,45831
97964,96685
97965,81453
97966,82682
97967,110761
97968,50646
97969,90366
97970,87526
97971,79024
97972,53674
97973,53111
97974,98421
97975,75595
97976,92612
97977,50195
97978,105010
97979,113122
97980,101710
97981,94393
97982,106148
97983,108853
97984,111870
97985,45504
97986,51476
97987,105674
97988,96085
97989,109888
97990,76886
97991,100050
97992,45999
97993,98503
97994,44908
97995,43535
97996,46488
97997,131388
97998,47206
97999,83035
98000,47039
98001,122398
98002,123673
98003,47358
98004,106171
98005,47773
98006,95370
98007,110911
98008,102392
98009,100327
98010,86894
98011,105022
98012,78633
98013,93855
98014,46583
98015,102082
98016,108984
98017,46379
98018,45889
98019,99642
98020,119285
98021,99168
98022,101290
98023,89038
98024,95632
98025,94475
98026,112837
98027,98142
98028,89499
98029,87138
98030,102062
98031,50273
98032,41451
98033,103313
98034,111333
98035,97704
98036,48287
98037,104063
98038,48103
98039,118370
98040,48625
98041,45319
98042,111742
98043,103256
98044,102527
98045,46928
98046,81332
98047,47729
98048,91875
98049,94713
98050,45381
98051,84990
98052,98699
98053,44204
98054,121507
98055,86481
98056,43504
98057,46544
98058,101465
98059,83249
98060,44905
98061,55281
98062,44937
98063,48420
98064,98017
98065,106422
98066,105737
98067,45799
98068,105084
98069,108853
98070,45280
98071,86278
98072,95475
98073,45583
98074,119356
98075,101683
98076,108443
98077,43955
98078,45354
98079,46874
98080,84063
98081,110014
98082,90341
98083,43946
98084,46689
98085,106672
98086,99451
98087,43655
98088,100405
98089,44996
98090,117828
98091,110775
98092,87672
98093,46747
98094,45738
98095,85595
98096,97942
98097,48480
98098,98456
98099,45268
98100,104782
98101,80706
98102,48456
98103,45176
98104,90343
98105,47389
98106,92762
98107,101505
98108,81460
98109,87535
98110,91857
98111,44572
98112,43600
98113,80749
98114,46022
98115,115340
98116,116776
98117,45852
98118,101211
98119,43657
98120,121748
98121,110709
98122,43706
98123,111373
98124,46246
98125,47272
98126,45210
98127,94811
98128,86242
98129,48218
98130,44452
98131,43389
98132,102254
98133,80290
98134,95378
98135,92729
98136,44311
98137,88484
98138,46655
98139,89952
98140,105629
98141,44023
98142,110359
98143,50329
98144,122441
98145,86052
98146,86463
98147,125226
98148,109768
98149,88237
98150,120131
98151,101249
98152,84992
98153,87454
98154,102315
98155,47349
98156,107978
98157,89883
98158,85183
98159,82829
98160,85894
98161,105419
98162,113538
98163,101527
98164,46369
98165,115653
98166,96412
98167,116878
98168,113756
98169,102869
98170,107404
98171,98509
98172,108665
98173,41719
98174,44661
98175,44674
98176,92729
98177,98377
98178,44429
98179,45816
98180,45684
98181,98769
98182,116797
98183,106600
98184,45893
98185,44447
98186,83655
98187,85743
98188,91891
98189,43396
98190,99899
98191,45213
98192,78038
98193,47015
98194,41722
98195,46797
98196,113145
98197,45717
98198,93965
98199,58312
98200,54244
98201,43396
98202,80290
98203,102390
98204,87050
98205,108058
98206,45493
98207,47650
98208,44332
98209,93994
98210,47656
98211,45963
98212,42457
98213,43897
98214,112703
98215,95986
98216,103216
98217,52792
98218,54372
98219,88424
98220,108074
98221,117428
98222,44828
98223,100846
98224,100659
98225,44849
98226,47411
98227,77195
98228,86686
98229,101427
98230,89511
98231,108459
98232,114318
98233,44431
98234,46088
98235,91951
98236,93585
98237,48514
98238,45286
98239,103266
98240,46945
98241,83699
98242,92784
98243,101916
98244,42723
98245,93772
98246,45702
98247,133126
98248,97673
98249,49865
98250,50020
98251,46737
98252,100298
98253,98778
98254,46750
98255,44805
98256,103105
98257,98229
98258,82116
98259,113748
98260,44554
98261,77178
98262,96611
98263,51566
98264,96683
98265,80969
98266,45666
98267,82283
98268,78060
98269,95811
98270,98713
98271,86670
98272,119161
98273,110554
98274,83159
98275,120864
98276,84267
98277,77237
98278,89575
98279,110343
98280,45421
98281,88347
98282,87015
98283,47405
98284,101268
98285,116608
98286,45786
98287,79956
98288,75669
98289,95770
98290,99363
98291,45092
98292,44799
98293,100572
98294,103999
98295,44905
98296,81762
98297,102504
98298,99246
98299,45203
98300,103339
98301,87615
98302,79747
98303,99971
98304,43679
98305,47387
98306,48340
98307,109239
98308,45019
98309,45323
98310,93580
98311,46509
98312,91198
98313,88370
98314,43761
98315,90537
98316,94204
98317,45787
98318,122799
98319,44836
98320,42723
98321,100719
98322,111557
98323,87009
98324,48359
98325,116369
98326,89758
98327,45814
98328,101494
98329,113272
98330,43480
98331,43024
98332,108362
98333,95443
98334,45654
98335,46519
98336,94806
98337,105325
98338,92748
98339,96112
98340,83735
98341,82628
98342,112563
98343,44421
98344,43410
98345,43758
98346,126639
98347,42346
98348,99865
98349,44053
98350,92286
98351,95779
98352,128489
98353,46085
98354,44280
98355,85890
98356,83909
98357,50621
98358,46169
98359,89734
98360,106265
98361,107012
98362,92729
98363,126572
98364,51449
98365,125050
98366,43646
98367,107450
98368,105073
98369,82036
98370,83147
98371,99983
98372,43493
98373,96944
98374,80877
98375,45552
98376,94314
98377,98590
98378,111748
98379,106440
98380,105039
98381,45717
98382,79198
98383,88693
98384,132993
98385,91781
98386,45296
98387,79939
98388,88756
98389,45663
98390,48486
98391,44711
98392,91059
98393,113145
98394,99971
98395,94163
98396,46392
98397,103050
98398,111857
98399,43681
98400,43691
98401,88928
98402,44965
98403,134406
98404,111240
98405,44666
98406,133123
98407,86756
98408,46745
98409,44381
98410,44071
98411,94664
98412,97236
98413,94280
98414,42305
98415,46595
98416,122152
98417,44234
98418,100778
98419,101551
98420,44673
98421,103675
98422,91242
98423,94374
98424,45631
98425,95255
98426,105527
98427,108396
98428,98231
98429,101765
98430,99281
98431,48608
98432,47081
98433,113044
98434,91063
98435,45848
98436,45447
98437,45300
98438,106029
98439,46122
98440,126699
98441,88923
98442,89992
98443,82155
98444,88787
98445,101060
98446,44788
98447,47387
98448,50210
98449,46420
98450,83676
98451,110394
98452,107671
98453,45013
98454,117184
98455,46387
98456,48706
98457,94427
98458,44363
98459,92084
98460,108175
98461,105268
98462,94029
98463,44860
98464,97285
98465,81947
98466,46894
98467,48400
98468,83549
98469,116956
98470,97396
98471,46591
98472,90938
98473,48163
98474,99519
98475,88657
98476,100045
98477,46624
98478,43630
98479,86868
98480,100625
98481,43685
98482,82951
98483,45082
98484,110516
98485,48665
98486,100596
98487,45192
98488,99524
98489,44825
98490,98484
98491,47937
98492,43817
98493,93760
98494,45264
98495,135370
98496,100264
98497,93953
98498,88335
98499,95779
98500,44890
98501,93498
98502,89973
98503,88288
98504,44411
98505,81940
98506,116813
98507,98085
98508,112466
98509,85956
98510,80388
98511,91140
98512,45897
98513,91591
98514,120568
98515,102289
98516,111187
98517,129762
98518,98596
98519,123363
98520,100358
98521,94039
98522,45172
98523,47830
98524,47197
98525,89440
98526,94053
98527,44036
98528,114009
98529,45150
98530,45506
98531,86627
98532,46019
98533,45132
98534,99105
98535,53059
98536,47341
98537,99273
98538,45254
98539,46983
98540,85076
98541,94002
98542,43317
98543,89983
98544,82485
98545,45140
98546,105923
98547,98360
98548,86734
98549,89223
98550,82500
98551,43797
98552,89626
98553,92014
98554,43396
98555,105865
98556,116350
98557,46649
98558,84348
98559,46006
98560,89230
98561,112684
98562,41261
98563,86101
98564,99005
98565,105203
98566,119604
98567,104887
98568,43369
98569,85018
98570,42552
98571,124755
98572,101413
98573,91320
98574,116104
98575,85275
98576,115967
98577,92313
98578,94104
98579,48123
98580,50905
98581,84753
98582,97319
98583,79626
98584,44769
98585,81772
98586,98468
98587,131625
98588,105429
98589,112890
98590,43831
98591,105799
98592,108556
98593,44815
98594,47604
98595,43888
98596,141550
98597,90393
98598,99195
98599,94717
98600,43955
98601,86253
98602,44001
98603,97120
98604,43931
98605,88654
98606,45185
98607,111458
98608,108895
98609,115767
98610,109802
98611,107937
98612,47485
98613,112547
98614,95271
98615,109659
98616,119907
98617,44809
98618,89159
98619,114219
98620,104145
98621,102627
98622,119629
98623,46115
98624,95728
98625,99266
98626,115319
98627,44680
98628,89107
98629,80236
98630,87928
98631,46557
98632,87771
98633,88370
98634,47024
98635,44535
98636,88517
98637,43904
98638,103990
98639,91188
98640,92138
98641,94219
98642,46247
98643,47345
98644,44386
98645,91654
98646,97137
98647,103981
98648,46609
98649,46042
98650,75635
98651,102396
98652,46235
98653,44817
98654,111557
98655,98778
98656,40003
98657,47681
98658,106100
98659,95008
98660,53917
98661,105632
98662,104846
98663,46268
98664,92541
98665,43836
98666,48406
98667,77854
98668,43259
98669,91357
98670,45860
98671,46131
98672,99668
98673,102934
98674,47453
98675,130341
98676,46522
98677,50585
98678,118002
98679,117249
98680,46826
98681,78918
98682,44993
98683,90355
98684,95089
98685,46557
98686,87575
98687,46572
98688,114412
98689,48114
98690,109490
98691,44234
98692,109330
98693,115711
98694,45323
98695,100207
98696,87836
98697,94809
98698,86873
98699,89224
98700,80543
98701,103999
98702,78653
98703,89433
98704,88596
98705,102736
98706,98022
98707,94417
98708,94616
98709,43498
98710,42984
98711,116051
98712,119745
98713,100363
98714,51218
98715,95756
98716,42764
98717,87564
98718,81529
98719,101025
98720,100536
98721,47153
98722,42063
98723,93335
98724,98223
98725,54925
98726,44974
98727,104897
98728,118830
98729,111658
98730,46745
98731,89324
98732,93673
98733,92730
98734,107133
98735,98104
98736,88876
98737,45988
98738,87460
98739,44085
98740,101901
98741,108475
98742,118145
98743,89533
98744,111785
98745,102127
98746,92550
98747,120322
98748,47239
98749,83165
98750,46995
98751,87039
98752,77064
98753,44050
98754,119998
98755,108293
98756,52898
98757,98556
98758,87922
98759,112459
98760,46142
98761,88555
98762,47418
98763,91294
98764,43912
98765,48460
98766,88958
98767,90890
98768,98501
98769,109823
98770,77216
98771,96288
98772,44659
98773,95627
98774,44998
98775,99856
98776,105950
98777,76751
98778,102446
98779,93509
98780,87452
98781,113039
98782,91683
98783,47438
98784,88054
98785,46761
98786,76789
98787,115808
98788,96988
98789,80896
98790,45185
98791,49273
98792,43822
98793,80857
98794,87054
98795,47300
98796,49917
98797,81010
98798,47654
98799,84184
98800,85215
98801,89781
98802,84799
98803,48166
98804,46258
98805,95681
98806,100134
98807,96494
98808,45702
98809,93653
98810,44540
98811,103208
98812,96780
98813,90629
98814,103486
98815,108475
98816,40516
98817,44340
98818,45852
98819,95442
98820,106279
98821,43104
98822,43323
98823,83240
98824,96209
98825,44910
98826,109409
98827,43536
98828,89822
98829,42946
98830,88179
98831,45407
98832,81270
98833,91345
98834,101871
98835,107817
98836,98997
98837,88966
98838,96788
98839,43210
98840,127128
98841,102043
98842,83057
98843,91605
98844,44140
98845,43085
98846,81343
98847,98352
98848,47047
98849,44306
98850,93621
98851,82408
98852,46228
98853,53117
98854,46839
98855,88290
98856,101622
98857,82553
98858,98302
98859,47389
98860,46851
98861,44228
98862,104889
98863,43901
98864,44385
98865,74865
98866,42424
98867,99484
98868,52502
98869,45912
98870,46716
98871,44910
98872,42306
98873,89284
98874,47056
98875,91179
98876,82749
98877,45519
98878,47467
98879,44484
98880,44088
98881,46737
98882,100074
98883,99482
98884,47849
98885,118643
98886,91797
98887,46216
98888,86992
98889,78246
98890,98287
98891,96856
98892,43357
98893,92529
98894,47482
98895,43711
98896,99059
98897,86332
98898,90520
98899,91842
98900,92983
98901,83055
98902,98968
98903,49841
98904,45078
98905,114476
98906,108315
98907,97258
98908,92618
98909,45999
98910,129310
98911,102614
98912,84736
98913,45061
98914,43609
98915,101915
98916,90892
98917,44460
98918,43746
98919,94254
98920,101949
98921,92895
98922,46162
98923,44702
98924,108148
98925,44590
98926,94163
98927,102689
98928,51664
98929,92906
98930,44285
98931,44886
98932,43311
98933,104484
98934,104070
98935,47163
98936,90937
98937,44237
98938,98208
98939,99145
98940,93543
98941,97188
98942,44455
98943,78379
98944,99044
98945,44840
98946,84102
98947,48803
98948,45723
98949,43253
98950,96299
98951,85420
98952,41939
98953,103164
98954,43693
98955,84766
98956,45449
98957,105110
98958,101510
98959,46360
98960,103297
98961,87145
98962,76151
98963,111070
98964,50808
98965,88867
98966,47552
98967,89235
98968,43022
98969,83631
98970,95363
98971,108295
98972,107631
98973,89543
98974,40583
98975,43768
98976,90608
98977,89820
98978,117082
98979,114233
98980,94219
98981,121344
98982,45616
98983,74201
98984,45099
98985,45286
98986,44208
98987,87202
98988,44460
98989,103701
98990,91854
98991,99283
98992,94827
98993,79968
98994,44802
98995,113298
98996,95007
98997,43548
98998,44613
98999,100882
99000,124164
99001,46383
99002,94391
99003,110700
99004,98625
99005,86789
99006,99016
99007,43799
99008,99377
99009,46707
99010,95816
99011,42685
99012,98599
99013,92262
99014,104246
99015,94269
99016,88597
99017,43579
99018,103208
99019,110413
99020,43810
99021,43139
99022,104850
99023,90480
99024,123179
99025,111508
99026,94565
99027,56723
99028,121367
99029,46279
99030,119027
99031,102742
99032,80824
99033,103299
99034,42799
99035,89525
99036,113109
99037,43723
99038,77146
99039,90715
99040,52048
99041,95076
99042,106797
99043,43535
99044,104244
99045,92846
99046,44873
99047,79720
99048,43320
99049,43043
99050,43085
99051,84189
99052,52130
99053,42662
99054,87276
99055,96034
99056,81542
99057,46131
99058,100752
99059,79706
99060,96837
99061,86104
99062,104260
99063,87957
99064,93410
99065,46725
99066,76931
99067,44078
99068,133970
99069,44331
99070,86376
99071,47702
99072,43024
99073,117276
99074,45095
99075,111457
99076,51043
99077,49036
99078,93975
99079,109612
99080,93089
99081,44144
99082,44578
99083,45170
99084,83576
99085,100445
99086,115908
99087,48337
99088,93252
99089,92640
99090,91738
99091,45279
99092,47766
99093,44552
99094,44849
99095,42859
99096,105324
99097,108606
99098,90533
99099,83617
99100,50909
99101,96268
99102,46198
99103,43926
99104,88113
99105,44757
99106,44983
99107,85038
99108,43198
99109,47205
99110,102396
99111,46855
99112,44746
99113,95819
99114,103999
99115,91193
99116,115352
99117,49127
99118,103371
99119,87457
99120,88877
99121,77861
99122,90678
99123,102178
99124,45104
99125,48446
99126,77486
99127,46197
99128,45395
99129,44050
99130,47047
99131,92512
99132,122113
99133,109226
99134,115401
99135,120249
99136,89866
99137,110022
99138,95635
99139,44618
99140,47809
99141,82522
99142,80073
99143,92230
99144,94899
99145,104446
99146,97577
99147,102310
99148,139459
99149,92150
99150,105023
99151,105978
99152,45258
99153,87455
99154,43035
99155,43577
99156,107110
99157,100038
99158,44001
99159,80598
99160,80753
99161,94413
99162,114446
99163,45052
99164,96874
99165,98359
99166,89738
99167,114945
99168,83616
99169,46448
99170,92073
99171,99009
99172,89608
99173,43679
99174,86554
99175,78060
99176,87656
99177,103699
99178,45373
99179,121543
99180,41382
99181,79627
99182,90604
99183,99023
99184,80762
99185,92586
99186,90413
99187,111466
99188,126746
99189,46224
99190,109691
99191,47912
99192,45863
99193,90848
99194,46263
99195,49742
99196,42735
99197,104646
99198,44747
99199,43064
99200,96919
99201,46140
99202,91794
99203,110743
99204,43798
99205,115735
99206,87235
99207,98989
99208,90694
99209,92377
99210,117840
99211,107055
99212,43443
99213,97739
99214,53218
99215,42498
99216,41779
99217,122585
99218,113643
99219,114672
99220,91918
99221,98284
99222,78251
99223,49412
99224,83455
99225,127912
99226,98752
99227,77280
99228,92280
99229,84307
99230,45322
99231,45523
99232,96172
99233,104825
99234,105977
99235,99097
99236,94022
99237,85429
99238,102741
99239,100563
99240,44249
99241,86803
99242,43922
99243,42521
99244,107122
99245,47540
99246,52416
99247,44384
99248,98194
99249,83369
99250,81668
99251,49595
99252,46116
99253,52549
99254,44372
99255,43785
99256,118998
99257,114632
99258,82123
99259,101629
99260,99443
99261,45429
99262,94216
99263,76041
99264,97887
99265,115088
99266,98656
99267,48064
99268,80152
99269,114042
99270,113370
99271,92126
99272,46262
99273,103785
99274,102228
99275,103166
99276,82218
99277,91115
99278,45121
99279,48044
99280,109850
99281,97190
99282,94015
99283,125310
99284,105664
99285,42289
99286,88912
99287,43399
99288,77422
99289,87041
99290,77871
99291,98453
99292,88971
99293,84117
99294,46070
99295,42764
99296,44390
99297,101118
99298,101503
99299,75850
99300,123927
99301,100329
99302,44187
99303,88586
99304,88862
99305,90508
99306,90295
99307,90430
99308,44822
99309,94213
99310,45429
99311,100551
99312,95150
99313,99855
99314,89239
99315,46632
99316,108181
99317,46011
99318,100967
99319,98281
99320,78487
99321,84543
99322,98994
99323,130622
99324,86340
99325,48343
99326,102617
99327,44410
99328,85956
99329,46596
99330,42687
99331,89808
99332,104437
99333,83131
99334,105829
99335,45310
99336,42641
99337,105974
99338,45736
99339,97411
99340,42234
99341,42876
99342,97034
99343,90698
99344,94213
99345,49739
99346,78784
99347,98218
99348,128594
99349,94199
99350,120292
99351,43515
99352,100554
99353,106190
99354,99580
99355,46353
99356,76636
99357,85087
99358,83943
99359,54176
99360,110269
99361,122124
99362,116289
99363,81537
99364,87426
99365,42922
99366,91871
99367,44161
99368,47366
99369,87745
99370,100156
99371,124189
99372,41912
99373,90026
99374,79353
99375,89508
99376,46452
99377,109020
99378,42425
99379,89118
99380,44716
99381,107078
99382,85389
99383,89891
99384,108379
99385,91840
99386,110221
99387,46915
99388,44490
99389,102012
99390,89728
99391,52200
99392,108909
99393,79598
99394,100201
99395,94806
99396,94781
99397,43610
99398,101683
99399,49685
99400,91539
99401,104030
99402,44120
99403,94692
99404,86699
99405,87652
99406,45423
99407,41610
99408,99828
99409,97842
99410,126879
99411,84576
99412,94955
99413,78058
99414,118556
99415,80290
99416,94318
99417,110378
99418,80079
99419,42377
99420,91482
99421,44308
99422,120413
99423,88111
99424,54296
99425,46814
99426,94853
99427,94834
99428,90177
99429,110223
99430,46155
99431,44048
99432,95788
99433,46798
99434,47528
99435,46069
99436,48192
99437,50010
99438,114752
99439,94278
99440,104915
99441,101194
99442,122167
99443,91838
99444,134829
99445,43060
99446,90843
99447,102555
99448,102531
99449,95656
99450,86736
99451,44275
99452,88193
99453,77437
99454,108069
99455,81125
99456,126909
99457,55659
99458,45049
99459,49508
99460,46970
99461,91397
99462,94926
99463,111682
99464,96702
99465,44814
99466,92396
99467,96614
99468,87870
99469,88956
99470,47005
99471,97721
99472,49780
99473,123441
99474,92082
99475,77620
99476,50239
99477,102613
99478,96752
99479,104317
99480,44996
99481,46857
99482,82555
99483,43633
99484,83995
99485,43693
99486,44230
99487,91492
99488,103978
99489,44864
99490,86764
99491,45366
99492,44363
99493,45680
99494,123946
99495,84290
99496,86695
99497,44546
99498,91817
99499,43554
99500,46744
99501,76872
99502,107527
99503,88710
99504,80952
99505,100412
99506,100599
99507,89429
99508,104358
99509,94829
99510,84780
99511,92182
99512,45023
99513,102627
99514,87552
99515,94049
99516,94350
99517,92906
99518,99105
99519,129179
99520,45687
99521,46635
99522,97837
99523,92052
99524,108954
99525,75936
99526,92049
99527,104389
99528,86742
99529,87078
99530,104603
99531,104241
99532,44051
99533,89397
99534,101057
99535,48817
99536,105243
99537,43994
99538,95281
99539,45158
99540,94986
99541,47145
99542,46052
99543,45350
99544,84504
99545,48466
99546,91719
99547,91585
99548,46557
99549,87683
99550,48933
99551,47305
99552,43345
99553,46329
99554,90357
99555,96921
99556,106071
99557,42980
99558,43183
99559,45129
99560,43773
99561,49801
99562,43478
99563,126448
99564,45738
99565,118366
99566,85747
99567,85863
99568,45299
99569,44959
99570,103317
99571,85156
99572,86234
99573,101203
99574,90244
99575,91388
99576,93557
99577,119658
99578,98869
99579,44202
99580,88485
99581,84138
99582,78728
99583,96741
99584,43935
99585,130427
99586,111842
99587,111597
99588,101924
99589,43693
99590,42764
99591,106938
99592,89612
99593,86549
99594,84353
99595,97340
99596,87949
99597,102011
99598,107494
99599,98781
99600,88971
99601,87557
99602,80019
99603,84650
99604,81364
99605,112559
99606,51831
99607,108208
99608,100879
99609,42262
99610,83001
99611,117361
99612,87567
99613,85280
99614,51154
99615,80662
99616,106146
99617,82338
99618,79871
99619,44160
99620,102618
99621,110779
99622,83549
99623,48649
99624,88413
99625,46612
99626,52432
99627,47320
99628,129258
99629,85239
99630,43063
99631,42375
99632,104091
99633,99020
99634,45791
99635,87941
99636,48088
99637,88470
99638,86158
99639,95453
99640,45568
99641,83092
99642,43340
99643,118965
99644,44353
99645,100854
99646,90021
99647,102766
99648,86997
99649,111309
99650,84610
99651,105924
99652,106722
99653,46464
99654,49029
99655,43376
99656,99550
99657,44979
99658,45633
99659,109524
99660,86721
99661,85334
99662,98418
99663,47763
99664,91347
99665,94617
99666,48694
99667,44837
99668,45647
99669,97882
99670,105252
99671,101393
99672,43381
99673,120133
99674,93590
99675,103509
99676,109811
99677,103175
99678,45607
99679,111872
99680,95263
99681,44058
99682,101790
99683,45493
99684,105702
99685,102078
99686,113038
99687,97864
99688,116797
99689,90234
99690,90940
99691,88457
99692,110620
99693,83765
99694,46364
99695,47923
99696,45231
99697,98412
99698,44415
99699,43296
99700,91996
99701,43913
99702,100317
99703,84631
99704,102527
99705,92198
99706,98285
99707,44037
99708,94845
99709,44984
99710,92341
99711,43859
99712,44401
99713,52755
99714,45023
99715,95582
99716,46805
99717,96007
99718,87419
99719,111099
99720,44099
99721,44436
99722,89601
99723,122943
99724,98475
99725,107181
99726,102396
99727,117721
99728,43374
99729,42676
99730,128594
99731,98463
99732,84905
99733,44413
99734,78135
99735,81467
99736,112360
99737,128168
99738,44107
99739,46579
99740,102593
99741,124297
99742,91408
99743,46090
99744,45699
99745,81167
99746,112494
99747,89363
99748,44083
99749,43977
99750,44317
99751,43699
99752,123826
99753,101492
99754,118810
99755,84742
99756,49922
99757,97279
99758,78069
99759,80010
99760,44112
99761,93865
99762,104406
99763,42306
99764,105863
99765,49620
99766,48556
99767,44620
99768,45727
99769,80322
99770,45830
99771,96632
99772,104824
99773,48362
99774,87181
99775,51508
99776,94035
99777,87680
99778,94965
99779,48847
99780,84855
99781,102113
99782,113498
99783,45077
99784,78648
99785,107385
99786,126000
99787,91379
99788,45554
99789,88634
99790,44887
99791,110936
99792,105829
99793,46528
99794,48401
99795,47755
99796,76113
99797,99204
99798,90325
99799,88618
99800,46991
99801,43867
99802,112659
99803,90012
99804,89283
99805,100145
99806,44162
99807,105479
99808,44287
99809,92051
99810,80656
99811,45849
99812,94141
99813,100925
99814,80675
99815,43535
99816,96500
99817,112531
99818,46418
99819,47470
99820,96216
99821,81779
99822,99248
99823,99897
99824,79787
99825,41384
99826,44685
99827,114993
99828,95452
99829,83195
99830,78098
99831,87941
99832,102459
99833,103380
99834,43657
99835,101910
99836,127571
99837,104727
99838,119059
99839,89380
99840,43801
99841,100183
99842,49895
99843,87631
99844,89028
99845,43848
99846,51697
99847,44484
99848,108210
99849,43228
99850,111271
99851,117340
99852,73493
99853,101239
99854,86040
99855,81369
99856,44086
99857,43293
99858,125154
99859,44500
99860,43345
99861,82326
99862,82157
99863,97738
99864,97254
99865,42906
99866,93115
99867,116924
99868,102782
99869,43021
99870,104707
99871,107292
99872,117290
99873,105220
99874,45972
99875,106883
99876,43566
99877,45968
99878,81682
99879,46551
99880,48695
99881,100963
99882,45669
99883,82372
99884,123933
99885,46414
99886,105814
99887,43167
99888,81654
99889,104741
99890,46862
99891,110713
99892,51467
99893,96870
99894,42952
99895,99779
99896,45295
99897,81099
99898,101101
99899,93165
99900,99804
99901,43190
99902,114816
99903,45379
99904,46496
99905,43407
99906,44163
99907,100136
99908,95747
99909,107143
99910,91325
99911,90170
99912,120491
99913,42166
99914,46230
99915,45594
99916,44318
99917,94179
99918,88809
99919,93939
99920,87903
99921,42921
99922,86108
99923,83631
99924,93638
99925,96929
99926,90692
99927,110352
99928,98190
99929,108864
99930,106265
99931,44964
99932,97944
99933,91738
99934,45569
99935,52132
99936,46536
99937,132332
99938,44447
99939,87044
99940,85598
99941,43820
99942,102370
99943,93335
99944,112598
99945,102410
99946,82548
99947,82516
99948,118848
99949,43524
99950,116670
99951,85056
99952,110828
99953,43831
99954,96321
99955,84610
99956,52906
99957,96677
99958,83159
99959,131869
99960,43384
99961,100857
99962,46143
99963,52772
99964,87042
99965,80820
99966,103768
99967,112255
99968,110349
99969,43389
99970,77178
99971,52494
99972,82002
99973,100885
99974,92370
99975,88073
99976,93806
99977,45316
99978,115422
99979,101168
99980,47579
99981,103122
99982,113085
99983,88697
99984,87880
99985,100554
99986,43675
99987,85363
99988,113979
99989,95081
99990,43440
99991,98569
99992,44418
99993,102426
99994,100255
99995,45586
99996,44965
99997,98240
99998,44692
99999,45398
100000,91900
100001,43567
100002,118672
100003,98075
100004,77624
100005,101034
100006,111299
100007,44617
100008,105504
100009,93497
100010,99148
100011,114806
100012,114920
100013,43448
100014,55907
100015,43552
100016,118771
100017,103873
100018,86442
100019,97903
100020,93885
100021,44917
100022,80600
100023,83598
100024,44964
100025,84719
100026,83278
100027,101803
100028,41992
100029,74512
100030,103317
100031,44763
100032,84549
100033,46524
100034,89003
100035,45198
100036,109785
100037,46156
100038,109562
100039,97838
100040,43722
100041,81631
100042,43132
100043,51735
100044,44918
100045,46838
100046,100627
100047,45856
100048,85463
100049,107923
100050,90932
100051,46056
100052,45459
100053,105545
100054,45747
100055,91947
100056,91225
100057,98390
100058,113697
100059,110128
100060,45919
100061,98985
100062,81649
100063,42520
100064,121169
100065,92844
100066,88249
100067,129836
100068,105700
100069,78638
100070,42066
100071,104124
100072,121639
100073,85566
100074,50653
100075,108461
100076,93861
100077,108686
100078,45021
100079,109451
100080,43803
100081,48030
100082,96490
100083,45306
100084,97988
100085,106371
100086,44117
100087,78032
100088,46811
100089,106291
100090,83506
100091,75284
100092,92002
100093,106194
100094,52490
100095,44698
100096,44053
100097,103755
100098,107249
100099,105785
100100,52691
100101,114811
100102,97133
100103,42727
100104,80299
100105,89063
100106,114296
100107,104232
100108,117920
100109,86822
100110,104186
100111,43951
100112,94826
100113,47481
100114,78940
100115,98059
100116,116204
100117,44337
100118,97067
100119,110281
100120,78877
100121,127600
100122,44229
100123,110566
100124,46863
100125,77727
100126,77178
100127,123981
100128,120100
100129,46233
100130,44207
100131,103701
100132,102569
100133,84487
100134,93148
100135,99111
100136,89929
100137,100050
100138,45706
100139,43313
100140,78653
100141,45938
100142,102852
100143,104786
100144,89275
100145,95566
100146,43671
100147,46886
100148,45525
100149,89426
100150,84560
100151,44319
100152,90488
100153,46727
100154,43037
100155,43011
100156,98750
100157,100317
100158,79549
100159,101139
100160,46505
100161,118433
100162,79274
100163,42190
100164,100089
100165,42519
100166,99523
100167,44084
100168,46541
100169,101476
100170,47534
100171,86342
100172,77859
100173,120216
100174,109909
100175,100688
100176,98082
100177,126357
100178,44289
100179,97569
100180,86106
100181,105415
100182,86207
100183,99780
100184,42578
100185,42900
100186,90493
100187,95597
100188,44118
100189,106692
100190,45378
100191,46930
100192,100519
100193,98433
100194,57643
100195,44242
100196,46310
100197,92634
100198,113022
100199,92618
100200,98108
100201,42735
100202,43666
100203,89149
100204,102757
100205,88980
100206,110401
100207,103515
100208,88527
100209,45028
100210,124865
100211,44690
100212,41682
100213,44777
100214,104466
100215,100560
100216,41296
100217,42309
100218,45922
100219,78251
100220,96244
100221,52978
100222,88371
100223,109131
100224,94488
100225,88417
100226,85490
100227,102973
100228,92960
100229,43799
100230,83256
100231,106690
100232,98393
100233,123299
100234,85294
100235,101361
100236,108556
100237,47531
100238,43190
100239,45767
100240,81299
100241,82607
100242,102169
100243,94744
100244,108301
100245,46358
100246,89002
100247,99095
100248,48568
100249,90667
100250,46259
100251,99885
100252,79143
100253,93472
100254,102928
100255,116060
100256,44460
100257,42673
100258,46582
100259,89094
100260,89654
100261,103453
100262,102175
100263,44709
100264,44790
100265,50702
100266,44215
100267,99052
100268,124756
100269,115484
100270,126876
100271,95570
100272,44961
100273,90671
100274,95964
100275,89080
100276,43608
100277,99437
100278,87923
100279,84649
100280,100125
100281,91402
100282,44301
100283,98211
100284,86930
100285,80761
100286,114540
100287,108112
100288,92113
100289,53720
100290,101488
100291,91344
100292,47306
100293,106424
100294,43108
100295,105183
100296,95399
100297,41047
100298,102782
100299,86640
100300,94251
100301,105941
100302,100760
100303,113023
100304,44877
100305,87457
100306,43284
100307,44780
100308,107730
100309,46402
100310,109131
100311,48797
100312,79586
100313,44535
100314,83812
100315,94670
100316,120049
100317,90468
100318,43582
100319,48656
100320,130207
100321,124934
100322,94744
100323,43803
100324,41763
100325,45333
100326,90746
100327,44856
100328,109327
100329,86083
100330,45454
100331,110706
100332,46801
100333,44895
100334,118689
100335,89090
100336,52698
100337,45618
100338,100880
100339,104236
100340,44777
100341,108646
100342,95924
100343,107346
100344,43929
100345,93099
100346,43043
100347,97103
100348,94022
100349,118926
100350,44720
100351,46737
100352,45658
100353,92345
100354,114887
100355,80282
100356,44050
100357,106919
100358,101847
100359,95280
100360,86653
100361,96168
100362,100541
100363,89115
100364,43937
100365,45395
100366,93998
100367,116407
100368,88400
100369,121123
100370,94172
100371,91469
100372,85824
100373,109260
100374,113434
100375,99201
100376,85381
100377,94767
100378,44864
100379,98050
100380,46416
100381,46521
100382,101494
100383,122175
100384,93039
100385,89079
100386,42440
100387,124702
100388,106666
100389,48973
100390,92263
100391,124250
100392,109750
100393,98583
100394,45741
100395,101655
100396,78269
100397,81466
100398,46660
100399,91685
100400,81997
100401,54145
100402,102128
100403,96308
100404,96180
100405,117700
100406,86382
100407,47652
100408,92058
100409,109675
100410,46510
100411,84377
100412,101533
100413,112203
100414,108328
100415,96144
100416,92957
100417,91172
100418,101566
100419,84798
100420,48377
100421,43629
100422,123689
100423,96368
100424,104635
100425,102650
100426,101866
100427,46865
100428,86830
100429,89202
100430,80212
100431,47978
100432,99089
100433,89260
100434,83468
100435,84727
100436,102027
100437,108084
100438,54692
100439,94707
100440,52332
100441,80431
100442,91198
100443,46545
100444,109811
100445,83311
100446,109190
100447,85519
100448,43290
100449,97341
100450,98401
100451,85941
100452,77859
100453,96075
100454,89057
100455,91789
100456,101790
100457,91009
100458,78503
100459,95382
100460,117715
100461,78033
100462,46417
100463,86812
100464,112944
100465,51688
100466,103221
100467,94780
100468,44839
100469,101389
100470,85254
100471,87836
100472,46982
100473,116836
100474,43736
100475,46456
100476,98616
100477,89202
100478,94648
100479,82258
100480,80651
100481,100530
100482,102760
100483,85174
100484,88887
100485,46078
100486,44335
100487,93557
100488,44333
100489,44822
100490,83083
100491,101824
100492,43974
100493,43745
100494,108154
100495,90615
100496,80290
100497,109153
100498,91259
100499,124593
100500,95646
100501,120251
100502,89476
100503,99783
100504,101478
100505,108376
100506,55496
100507,124958
100508,44575
100509,99321
100510,116079
100511,81883
100512,98581
100513,83147
100514,81899
100515,97814
100516,88801
100517,45578
100518,83131
100519,82592
100520,123718
100521,85501
100522,94373
100523,110117
100524,102527
100525,85920
100526,46438
100527,125418
100528,135585
100529,96422
100530,51550
100531,101709
100532,106669
100533,93305
100534,95351
100535,121944
100536,86038
100537,97319
100538,44215
100539,44733
100540,111708
100541,44246
100542,82622
100543,82693
100544,107232
100545,87829
100546,47416
100547,87274
100548,54927
100549,39549
100550,45041
100551,118183
100552,87812
100553,79321
100554,111210
100555,89095
100556,95557
100557,46052
100558,85588
100559,88376
100560,44284
100561,45130
100562,42599
100563,102210
100564,108805
100565,83001
100566,80547
100567,46850
100568,99538
100569,95541
100570,45539
100571,77620
100572,104123
100573,92998
100574,45817
100575,97183
100576,84628
100577,93626
100578,100428
100579,112179
100580,46930
100581,88332
100582,95701
100583,114412
100584,42702
100585,44991
100586,92529
100587,44755
100588,53631
100589,45195
100590,86687
100591,109951
100592,81473
100593,48072
100594,99541
100595,96522
100596,43654
100597,78701
100598,97149
100599,45713
100600,83654
100601,47960
100602,103442
100603,78891
100604,42650
100605,104816
100606,88374
100607,89689
100608,46931
100609,88394
100610,105254
100611,99273
100612,95495
100613,83182
100614,136215
100615,86950
100616,91229
100617,122200
100618,87150
100619,98850
100620,79263
100621,100845
100622,118746
100623,46405
100624,97079
100625,82907
100626,86064
100627,88502
100628,98106
100629,43255
100630,81727
100631,99615
100632,94766
100633,45812
100634,82944
100635,81862
100636,112841
100637,82287
100638,51027
100639,87131
100640,45685
100641,99137
100642,90319
100643,46786
100644,94777
100645,87821
100646,48177
100647,43785
100648,118085
100649,89184
100650,105430
100651,92023
100652,103582
100653,78426
100654,119545
100655,99524
100656,91957
100657,117132
100658,43191
100659,47383
100660,100428
100661,78081
100662,48055
100663,47719
100664,90193
100665,99131
100666,123109
100667,89203
100668,127049
100669,105057
100670,83070
100671,44895
100672,97531
100673,102108
100674,83735
100675,44013
100676,95892
100677,81403
100678,104695
100679,106695
100680,95122
100681,43509
100682,93896
100683,94204
100684,86743
100685,41491
100686,91915
100687,87929
100688,102982
100689,45999
100690,86660
100691,46604
100692,103424
100693,96970
100694,44373
100695,43552
100696,47007
100697,42767
100698,84658
100699,83549
100700,52331
100701,94734
100702,99780
100703,98937
100704,109231
100705,48758
100706,45145
100707,91776
100708,99517
100709,103990
100710,88143
100711,78679
100712,99477
100713,84050
100714,103653
100715,43545
100716,82091
100717,45165
100718,115924
100719,97133
100720,87727
100721,44666
100722,88693
100723,97673
100724,44520
100725,80106
100726,78185
100727,43607
100728,46083
100729,97498
100730,92229
100731,43380
100732,103332
100733,42413
100734,102665
100735,92817
100736,90923
100737,118433
100738,45891
100739,101245
100740,46799
100741,44162
100742,117134
100743,111179
100744,85374
100745,109285
100746,81239
100747,99381
100748,45904
100749,47136
100750,101237
100751,118389
100752,88880
100753,43980
100754,46006
100755,101159
100756,44234
100757,105973
100758,81299
100759,46181
100760,123387
100761,104388
100762,121262
100763,47769
100764,103002
100765,109625
100766,100623
100767,106811
100768,47037
100769,99074
100770,83912
100771,80152
100772,81331
100773,83455
100774,92133
100775,96212
100776,99549
100777,89364
100778,89772
100779,45911
100780,105809
100781,45870
100782,116598
100783,92407
100784,89530
100785,87535
100786,115769
100787,121946
100788,103809
100789,89462
100790,46007
100791,46775
100792,46591
100793,87602
100794,103873
100795,44435
100796,87582
100797,43576
100798,46879
100799,92139
100800,99850
100801,83680
100802,78066
100803,49742
100804,43758
100805,105834
100806,89769
100807,93012
100808,45615
100809,78873
100810,46534
100811,88928
100812,49445
100813,46961
100814,83399
100815,76218
100816,45939
100817,85748
100818,103631
100819,104203
100820,78684
100821,106631
100822,110022
100823,99888
100824,44978
100825,120633
100826,43706
100827,122043
100828,91784
100829,96866
100830,77607
100831,81999
100832,53468
100833,101027
100834,44899
100835,44324
100836,41511
100837,97804
100838,99213
100839,83778
100840,100771
100841,47078
100842,44433
100843,42942
100844,94616
100845,42684
100846,102427
100847,80116
100848,85067
100849,93427
100850,91406
100851,90810
100852,100313
100853,53336
100854,94806
100855,82361
100856,84252
100857,93912
100858,46444
100859,45999
100860,105401
100861,42592
100862,100871
100863,45876
100864,123746
100865,94577
100866,88109
100867,90897
100868,45465
100869,114869
100870,45923
100871,94906
100872,109026
100873,78624
100874,87740
100875,44077
100876,107142
100877,93648
100878,43950
100879,44599
100880,92154
100881,90343
100882,106669
100883,47445
100884,100087
100885,87932
100886,100066
100887,92645
100888,79919
100889,80543
100890,45024
100891,103347
100892,94265
100893,45235
100894,43210
100895,93396
100896,44063
100897,87884
100898,44614
100899,112770
100900,78032
100901,49858
100902,55200
100903,93764
100904,96016
100905,87345
100906,133689
100907,92224
100908,91045
100909,101029
100910,104845
100911,44516
100912,111956
100913,103231
100914,90102
100915,100629
100916,100400
100917,44183
100918,46815
100919,107223
100920,90404
100921,104145
100922,105477
100923,44109
100924,104754
100925,94923
100926,103107
100927,105939
100928,95705
100929,87813
100930,111309
100931,45300
100932,43764
100933,53219
100934,107851
100935,43911
100936,44260
100937,83019
100938,94975
100939,99982
100940,108069
100941,43745
100942,100663
100943,111468
100944,81814
100945,94948
100946,85196
100947,87582
100948,105819
100949,106147
100950,86623
100951,121557
100952,99177
100953,112670
100954,81212
100955,43737
100956,91655
100957,44775
100958,43831
100959,105383
100960,83760
100961,105017
100962,94110
100963,97892
100964,103720
100965,101818
100966,83123
100967,101450
100968,42584
100969,96836
100970,125989
100971,45938
100972,103979
100973,95238
100974,97315
100975,45139
100976,98880
100977,118977
100978,46681
100979,91552
100980,47494
100981,78968
100982,46715
100983,118465
100984,101902
100985,44632
100986,89731
100987,113820
100988,47725
100989,85590
100990,94448
100991,86045
100992,99151
100993,97577
100994,83631
100995,45037
100996,97264
100997,109028
100998,95696
100999,81342
101000,92923
101001,115966
101002,90183
101003,81649
101004,119543
101005,103265
101006,93691
101007,95522
101008,126568
101009,93792
101010,83195
101011,43962
101012,100771
101013,109298
101014,107979
101015,106647
101016,43288
101017,48381
101018,44326
101019,45695
101020,46173
101021,45325
101022,44995
101023,47577
101024,86745
101025,85477
101026,108321
101027,81235
101028,84956
101029,84928
101030,81032
101031,45678
101032,106916
101033,103917
101034,93424
101035,95170
101036,88370
101037,47477
101038,143494
101039,113363
101040,98684
101041,114896
101042,108575
101043,102644
101044,46655
101045,43576
101046,45204
101047,45548
101048,75896
101049,114227
101050,88894
101051,93375
101052,83341
101053,92198
101054,45024
101055,86754
101056,45676
101057,79797
101058,113820
101059,102581
101060,82875
101061,46610
101062,44746
101063,51503
101064,94318
101065,98229
101066,88877
101067,101721
101068,96477
101069,87986
101070,94898
101071,45667
101072,91602
101073,86176
101074,104246
101075,82770
101076,77279
101077,95243
101078,43504
101079,81409
101080,114467
101081,99437
101082,109269
101083,44086
101084,110207
101085,96153
101086,84470
101087,45870
101088,101809
101089,88041
101090,43183
101091,105144
101092,107124
101093,42584
101094,50614
101095,103600
101096,49070
101097,43528
101098,121309
101099,45809
101100,44235
101101,83432
101102,100951
101103,43604
101104,49825
101105,96695
101106,46415
101107,103339
101108,53892
101109,46048
101110,44077
101111,100548
101112,93643
101113,123388
101114,44799
101115,44766
101116,84782
101117,106261
101118,47285
101119,105438
101120,83699
101121,94089
101122,91058
101123,122669
101124,85303
101125,79571
101126,45185
101127,42577
101128,44236
101129,114780
101130,100871
101131,76636
101132,45272
101133,84002
101134,46269
101135,87034
101136,45053
101137,100657
101138,82886
101139,50830
101140,43581
101141,44577
101142,94476
101143,44460
101144,100030
101145,52822
101146,107979
101147,109181
101148,96714
101149,99208
101150,104921
101151,47368
101152,91433
101153,88634
101154,49435
101155,92259
101156,46539
101157,88076
101158,44252
101159,117389
101160,48148
101161,80909
101162,107884
101163,98366
101164,43934
101165,80762
101166,51541
101167,92956
101168,43672
101169,101582
101170,45879
101171,42455
101172,123147
101173,51856
101174,85837
101175,46326
101176,111554
101177,107588
101178,76218
101179,46463
101180,102444
101181,42801
101182,112965
101183,93214
101184,106689
101185,86065
101186,45253
101187,107521
101188,112256
101189,91430
101190,102731
101191,45848
101192,78609
101193,47136
101194,125497
101195,45105
101196,89055
101197,93429
101198,45461
101199,103675
101200,45122
101201,45631
101202,43588
101203,78830
101204,88128
101205,46583
101206,46815
101207,87821
101208,120607
101209,45594
101210,117141
101211,94063
101212,43674
101213,91515
101214,126177
101215,106323
101216,99185
101217,97149
101218,102370
101219,42134
101220,95951
101221,99335
101222,51835
101223,99318
101224,102787
101225,126186
101226,113594
101227,94353
101228,48343
101229,80063
101230,44356
101231,99763
101232,89030
101233,45005
101234,47467
101235,99752
101236,81631
101237,93455
101238,83418
101239,101693
101240,97015
101241,81906
101242,51231
101243,107753
101244,90231
101245,99444
101246,100849
101247,92958
101248,88212
101249,111806
101250,89097
101251,107357
101252,47125
101253,43661
101254,120377
101255,105903
101256,85568
101257,44998
101258,116471
101259,108661
101260,45954
101261,109279
101262,96298
101263,46535
101264,99250
101265,74323
101266,46516
101267,77764
101268,103284
101269,46124
101270,99374
101271,43673
101272,88326
101273,131436
101274,98968
101275,117187
101276,107555
101277,46090
101278,43059
101279,47241
101280,98368
101281,46601
101282,88816
101283,88633
101284,118375
101285,46779
101286,93467
101287,45474
101288,104971
101289,45088
101290,92346
101291,97693
101292,111450
101293,43539
101294,100449
101295,47927
101296,88832
101297,88589
101298,100307
101299,44938
101300,43542
101301,105940
101302,105221
101303,87303
101304,91262
101305,100103
101306,121006
101307,80086
101308,120277
101309,94394
101310,98099
101311,88246
101312,106067
101313,43382
101314,92263
101315,103973
101316,96407
101317,105071
101318,88759
101319,46118
101320,93171
101321,102683
101322,94744
101323,81805
101324,46711
101325,45704
101326,98897
101327,78389
101328,101822
101329,46698
101330,45995
101331,112027
101332,45753
101333,82474
101334,51729
101335,44418
101336,88162
101337,112066
101338,44765
101339,106449
101340,87076
101341,47974
101342,104834
101343,90884
101344,87080
101345,47639
101346,96314
101347,78305
101348,118869
101349,46825
101350,93605
101351,45018
101352,103206
101353,44554
101354,125082
101355,100771
101356,88575
101357,113644
101358,45862
101359,98106
101360,90380
101361,90980
101362,103774
101363,43812
101364,113523
101365,85505
101366,92377
101367,108069
101368,103969
101369,106893
101370,104130
101371,43236
101372,98866
101373,108222
101374,102251
101375,94744
101376,111144
101377,45680
101378,86561
101379,116885
101380,85306
101381,98268
101382,127715
101383,99715
101384,77998
101385,44271
101386,99333
101387,44528
101388,45281
101389,104756
101390,125346
101391,94081
101392,47231
101393,51776
101394,116454
101395,43995
101396,46925
101397,96524
101398,131329
101399,47084
101400,86962
101401,98822
101402,86523
101403,47754
101404,89318
101405,124459
101406,90548
101407,93857
101408,99140
101409,43717
101410,121206
101411,79787
101412,115978
101413,47399
101414,88293
101415,44494
101416,89694
101417,78817
101418,124268
101419,44832
101420,108996
101421,84511
101422,82255
101423,78058
101424,43322
101425,129235
101426,105031
101427,86526
101428,98236
101429,46062
101430,87821
101431,108911
101432,91809
101433,84914
101434,119127
101435,103936
101436,97467
101437,118837
101438,48642
101439,43633
101440,45861
101441,94594
101442,108424
101443,48763
101444,44399
101445,103402
101446,80399
101447,99907
101448,45155
101449,97993
101450,95377
101451,104783
101452,44359
101453,45426
101454,92769
101455,135321
101456,120493
101457,94658
101458,109196
101459,45324
101460,44892
101461,88881
101462,114945
101463,87233
101464,108316
101465,41763
101466,44469
101467,109400
101468,99345
101469,80824
101470,81069
101471,47299
101472,45943
101473,84065
101474,100567
101475,44311
101476,44275
101477,125880
101478,86359
101479,106027
101480,98503
101481,89282
101482,43142
101483,47242
101484,94920
101485,87875
101486,50279
101487,113900
101488,88760
101489,94183
101490,100507
101491,98745
101492,45509
101493,105395
101494,76218
101495,93876
101496,43798
101497,90643
101498,83131
101499,109418
101500,90010
101501,101194
101502,90885
101503,44874
101504,92924
101505,44606
101506,92923
101507,102271
101508,75442
101509,44682
101510,94513
101511,45919
101512,99264
101513,89937
101514,91627
101515,119745
101516,44206
101517,92158
101518,93576
101519,47369
101520,82770
101521,110647
101522,51597
101523,49914
101524,91699
101525,107263
101526,44663
101527,104649
101528,45206
101529,45350
101530,91912
101531,46199
101532,45033
101533,42641
101534,45594
101535,46586
101536,101532
101537,83549
101538,91553
101539,96786
101540,103106
101541,46786
101542,98078
101543,106046
101544,45476
101545,83916
101546,46444
101547,80236
101548,76205
101549,82485
101550,77707
101551,92248
101552,113316
101553,104901
101554,88113
101555,86222
101556,85645
101557,98647
101558,44306
101559,96041
101560,84222
101561,98571
101562,96969
101563,105026
101564,89273
101565,81681
101566,102404
101567,85468
101568,102385
101569,99671
101570,114685
101571,44358
101572,85777
101573,46094
101574,41820
101575,125361
101576,108239
101577,99151
101578,86868
101579,107988
101580,89402
101581,45223
101582,101583
101583,88242
101584,91829
101585,46366
101586,104079
101587,110567
101588,96793
101589,103368
101590,117410
101591,105116
101592,96420
101593,119104
101594,42626
101595,106092
101596,102987
101597,88939
101598,85850
101599,42789
101600,81549
101601,43370
101602,90590
101603,45005
101604,107690
101605,43975
101606,105291
101607,87466
101608,43089
101609,116514
101610,92053
101611,112566
101612,86500
101613,99768
101614,90698
101615,87577
101616,90977
101617,99902
101618,46521
101619,45580
101620,100644
101621,46582
101622,47795
101623,45800
101624,94080
101625,44949
101626,102208
101627,45378
101628,44190
101629,47037
101630,95911
101631,48791
101632,111842
101633,107970
101634,112181
101635,92158
101636,95530
101637,90657
101638,108999
101639,104688
101640,99472
101641,43628
101642,83426
101643,91620
101644,100213
101645,43493
101646,113427
101647,45853
101648,95475
101649,96227
101650,101325
101651,53393
101652,107758
101653,82681
101654,46969
101655,109929
101656,91162
101657,93803
101658,89084
101659,102590
101660,52093
101661,91635
101662,43376
101663,48786
101664,45186
101665,131379
101666,44552
101667,96866
101668,105720
101669,115523
101670,49143
101671,98868
101672,101627
101673,42771
101674,89049
101675,119289
101676,105096
101677,43990
101678,113192
101679,90599
101680,44965
101681,42739
101682,110285
101683,43675
101684,86431
101685,105238
101686,88165
101687,46013
101688,103591
101689,46122
101690,81199
101691,88631
101692,98717
101693,84286
101694,105591
101695,90979
101696,103624
101697,118829
101698,82916
101699,101215
101700,102958
101701,46404
101702,46028
101703,98231
101704,100663
101705,98470
101706,50937
101707,113454
101708,41389
101709,97018
101710,45925
101711,94820
101712,44099
101713,106110
101714,88705
101715,114533
101716,46288
101717,113454
101718,50291
101719,97263
101720,47736
101721,90060
101722,44317
101723,85997
101724,43629
101725,88219
101726,88593
101727,93427
101728,96182
101729,111968
101730,43821
101731,93529
101732,43394
101733,44222
101734,84022
101735,105082
101736,42577
101737,46260
101738,46772
101739,93713
101740,94754
101741,130020
101742,43142
101743,102976
101744,100074
101745,88443
101746,109851
101747,120210
101748,92038
101749,45309
101750,79865
101751,100829
101752,95647
101753,97127
101754,85143
101755,87556
101756,137543
101757,45380
101758,45911
101759,125682
101760,123770
101761,90960
101762,43353
101763,46259
101764,118085
101765,108440
101766,55007
101767,86174
101768,46815
101769,101413
101770,51713
101771,44058
101772,82347
101773,42082
101774,80651
101775,102757
101776,83680
101777,91479
101778,101662
101779,102614
101780,80452
101781,104658
101782,94517
101783,47169
101784,49963
101785,110440
101786,116006
101787,42983
101788,124587
101789,97132
101790,113194
101791,117925
101792,51692
101793,87151
101794,46157
101795,45467
101796,90248
101797,81591
101798,42779
101799,96600
101800,101009
101801,43139
101802,105063
101803,44537
101804,49466
101805,110603
101806,44732
101807,52438
101808,105908
101809,91121
101810,79300
101811,81613
101812,101234
101813,101382
101814,88094
101815,103962
101816,91240
101817,124431
101818,85921
101819,116039
101820,44235
101821,86554
101822,100615
101823,112613
101824,45219
101825,112207
101826,86283
101827,47286
101828,123668
101829,42585
101830,104790
101831,42353
101832,106441
101833,90907
101834,78894
101835,120298
101836,42584
101837,46779
101838,108210
101839,79239
101840,96644
101841,75913
101842,92749
101843,93607
101844,109621
101845,42608
101846,41614
101847,45887
101848,108145
101849,108536
101850,43689
101851,85879
101852,44876
101853,51418
101854,112378
101855,92677
101856,94127
101857,88143
101858,80653
101859,43047
101860,111310
101861,82682
101862,113031
101863,105134
101864,94577
101865,76886
101866,94627
101867,92919
101868,85084
101869,103317
101870,47272
101871,94031
101872,90431
101873,94773
101874,43986
101875,99484
101876,89968
101877,100116
101878,44759
101879,89231
101880,111892
101881,46360
101882,104983
101883,86146
101884,97039
101885,103920
101886,115664
101887,135670
101888,101927
101889,46969
101890,86747
101891,135201
101892,95974
101893,44092
101894,122494
101895,102368
101896,46459
101897,105197
101898,45383
101899,94967
101900,87672
101901,44633
101902,45158
101903,45510
101904,86040
101905,90590
101906,87743
101907,94886
101908,43333
101909,104348
101910,93690
101911,101538
101912,43675
101913,89519
101914,116079
101915,93676
101916,112553
101917,45955
101918,95451
101919,80290
101920,84816
101921,110872
101922,86171
101923,100656
101924,124653
101925,119407
101926,88072
101927,81319
101928,102092
101929,49310
101930,91866
101931,118189
101932,44565
101933,86205
101934,44198
101935,42644
101936,95893
101937,95289
101938,100446
101939,43916
101940,80837
101941,52095
101942,98464
101943,43537
101944,45618
101945,95130
101946,81239
101947,48241
101948,111457
101949,80406
101950,105735
101951,77963
101952,54355
101953,44317
101954,103628
101955,88457
101956,100836
101957,100262
101958,93467
101959,45754
101960,114224
101961,87870
101962,89333
101963,120864
101964,109659
101965,114635
101966,88420
101967,96181
101968,88973
101969,78267
101970,46483
101971,99715
101972,101977
101973,92981
101974,109548
101975,82467
101976,100124
101977,94780
101978,44593
101979,47383
101980,49294
101981,119921
101982,98130
101983,89411
101984,45817
101985,43382
101986,82079
101987,83324
101988,43900
101989,107657
101990,112380
101991,92649
101992,44865
101993,111697
101994,118323
101995,45387
101996,93658
101997,98590
101998,105209
101999,43956
102000,46155
102001,41512
102002,47822
102003,114626
102004,96708
102005,105438
102006,92664
102007,85404
102008,45015
102009,77422
102010,83916
102011,47142
102012,43517
102013,94370
102014,99194
102015,97449
102016,50026
102017,105513
102018,118192
102019,104360
102020,101327
102021,46737
102022,47558
102023,92049
102024,42665
102025,111492
102026,42969
102027,111507
102028,45995
102029,51987
102030,103181
102031,44013
102032,91405
102033,45531
102034,99166
102035,102018
102036,43259
102037,43188
102038,82725
102039,113331
102040,46772
102041,112680
102042,92264
102043,45990
102044,104589
102045,44520
102046,86593
102047,102283
102048,88955
102049,43608
102050,76916
102051,43542
102052,45598
102053,101721
102054,47427
102055,91566
102056,42927
102057,86822
102058,122573
102059,43600
102060,92274
102061,90170
102062,91800
102063,83091
102064,49488
102065,76591
102066,85582
102067,98125
102068,52354
102069,85194
102070,121300
102071,102286
102072,47712
102073,92818
102074,90077
102075,44373
102076,110557
102077,43493
102078,90986
102079,84134
102080,87047
102081,104499
102082,41579
102083,50110
102084,101936
102085,77456
102086,84090
102087,82009
102088,86099
102089,97575
102090,92261
102091,111811
102092,108316
102093,104231
102094,88416
102095,106404
102096,45090
102097,87131
102098,83896
102099,79242
102100,115778
102101,90178
102102,93913
102103,98593
102104,105841
102105,46947
102106,51532
102107,90111
102108,98161
102109,99184
102110,104817
102111,48269
102112,118135
102113,92371
102114,93109
102115,90561
102116,44715
102117,83692
102118,98471
102119,45363
102120,111049
102121,106875
102122,56903
102123,47186
102124,55816
102125,78778
102126,43645
102127,92220
102128,96737
102129,114270
102130,88889
102131,113380
102132,80651
102133,85086
102134,42294
102135,46149
102136,96242
102137,81814
102138,120662
102139,46686
102140,47823
102141,95040
102142,46652
102143,46880
102144,97738
102145,44599
102146,79252
102147,45235
102148,109631
102149,74499
102150,43412
102151,100777
102152,82561
102153,43220
102154,44453
102155,100286
102156,103895
102157,87713
102158,49460
102159,43979
102160,109062
102161,101369
102162,43902
102163,119533
102164,44459
102165,88927
102166,50334
102167,44113
102168,86427
102169,102708
102170,48010
102171,46266
102172,89411
102173,82997
102174,96836
102175,90287
102176,100658
102177,113857
102178,46045
102179,89382
102180,44852
102181,98332
102182,107777
102183,78286
102184,85241
102185,45396
102186,44189
102187,100874
102188,105329
102189,45057
102190,94737
102191,85721
102192,80452
102193,93658
102194,43210
102195,94310
102196,84313
102197,97569
102198,81922
102199,108080
102200,46618
102201,101160
102202,95168
102203,99184
102204,106036
102205,97621
102206,79775
102207,51749
102208,45936
102209,121309
102210,94810
102211,100871
102212,93524
102213,88497
102214,45455
102215,42859
102216,46086
102217,88942
102218,121186
102219,111675
102220,46476
102221,81080
102222,116135
102223,51937
102224,102349
102225,43229
102226,88370
102227,46343
102228,101907
102229,99666
102230,83631
102231,116424
102232,95411
102233,114533
102234,88054
102235,116734
102236,45380
102237,86837
102238,43018
102239,90053
102240,47435
102241,51497
102242,88101
102243,79641
102244,116454
102245,89654
102246,46559
102247,82241
102248,110990
102249,111242
102250,43165
102251,84727
102252,88026
102253,105560
102254,80825
102255,44731
102256,89761
102257,48061
102258,45588
102259,43736
102260,52223
102261,97989
102262,104253
102263,43420
102264,45747
102265,97898
102266,95775
102267,97032
102268,44497
102269,127814
102270,46073
102271,43571
102272,80404
102273,56940
102274,99463
102275,89201
102276,105820
102277,89018
102278,107669
102279,42966
102280,86702
102281,46408
102282,99163
102283,120269
102284,103967
102285,45393
102286,118189
102287,115758
102288,90799
102289,89989
102290,83427
102291,45610
102292,105994
102293,42778
102294,45523
102295,102092
102296,94002
102297,110896
102298,110596
102299,111415
102300,82155
102301,84375
102302,94450
102303,94894
102304,43110
102305,119719
102306,81901
102307,45620
102308,103091
102309,44042
102310,79514
102311,99251
102312,118115
102313,45252
102314,43924
102315,44799
102316,90795
102317,42268
102318,43731
102319,42875
102320,116948
102321,45288
102322,47135
102323,51180
102324,100161
102325,81408
102326,44843
102327,44210
102328,42499
102329,101803
102330,45227
102331,85679
102332,105867
102333,46849
102334,46038
102335,111455
102336,46679
102337,43484
102338,44426
102339,83745
102340,101512
102341,97892
102342,103858
102343,42799
102344,44015
102345,85856
102346,88688
102347,79966
102348,43454
102349,109205
102350,96606
102351,104538
102352,49172
102353,83092
102354,43644
102355,105864
102356,44300
102357,89448
102358,124583
102359,85925
102360,45369
102361,104062
102362,98839
102363,81980
102364,46591
102365,101006
102366,89711
102367,101527
102368,93841
102369,47102
102370,47492
102371,114152
102372,48455
102373,46790
102374,89814
102375,82309
102376,109740
102377,44996
102378,116222
102379,109005
102380,45269
102381,45685
102382,46570
102383,94405
102384,45073
102385,91356
102386,48642
102387,89523
102388,88723
102389,79105
102390,105661
102391,44799
102392,43693
102393,45727
102394,86762
102395,95634
102396,102120
102397,102312
102398,44360
102399,45816
102400,104685
102401,122292
102402,103259
102403,84130
102404,99297
102405,102755
102406,100392
102407,76880
102408,46075
102409,44767
102410,85878
102411,86602
102412,84948
102413,121639
102414,48289
102415,43481
102416,49553
102417,55574
102418,130575
102419,45320
102420,43951
102421,91148
102422,82467
102423,118915
102424,97097
102425,84337
102426,88090
102427,107800
102428,91604
102429,78453
102430,89056
102431,119477
102432,78679
102433,42809
102434,45994
102435,97237
102436,45932
102437,85999
102438,44729
102439,133033
102440,116470
102441,113148
102442,95582
102443,45493
102444,46162
102445,44518
102446,81627
102447,93636
102448,84104
102449,47668
102450,100753
102451,90517
102452,104649
102453,97911
102454,43205
102455,84355
102456,46125
102457,44736
102458,92127
102459,121405
102460,47053
102461,45876
102462,103220
102463,131651
102464,94971
102465,47815
102466,102782
102467,84648
102468,44775
102469,83484
102470,110637
102471,101068
102472,90140
102473,45186
102474,44755
102475,99318
102476,92529
102477,86854
102478,94089
102479,89199
102480,47898
102481,45994
102482,94924
102483,47068
102484,42455
102485,122585
102486,116117
102487,92338
102488,89939
102489,87914
102490,100437
102491,47527
102492,43399
102493,88994
102494,96188
102495,96399
102496,45422
102497,105266
102498,45538
102499,90722
102500,44404
102501,89406
102502,95153
102503,124756
102504,92139
102505,93525
102506,42876
102507,50539
102508,118724
102509,112117
102510,44578
102511,44922
102512,79828
102513,89645
102514,102997
102515,105785
102516,45367
102517,101848
102518,43357
102519,100045
102520,78900
102521,101617
102522,45393
102523,107922
102524,101798
102525,46055
102526,44016
102527,113596
102528,98416
102529,46454
102530,121395
102531,98151
102532,92011
102533,45870
102534,116355
102535,45875
102536,86439
102537,93607
102538,46108
102539,47136
102540,43602
102541,96765
102542,132158
102543,45243
102544,48442
102545,117721
102546,83931
102547,46391
102548,44679
102549,44429
102550,99514
102551,101932
102552,43378
102553,44117
102554,90371
102555,101527
102556,100689
102557,96441
102558,47386
102559,108706
102560,100309
102561,44099
102562,84272
102563,45290
102564,93955
102565,104104
102566,82505
102567,125314
102568,93497
102569,80813
102570,101083
102571,83694
102572,46961
102573,104212
102574,50391
102575,44912
102576,84615
102577,82409
102578,89463
102579,87336
102580,44433
102581,86503
102582,45623
102583,45185
102584,118426
102585,47329
102586,48723
102587,56042
102588,93751
102589,43926
102590,102096
102591,102788
102592,42766
102593,46203
102594,83782
102595,44763
102596,103765
102597,51487
102598,47833
102599,93375
102600,44963
102601,89140
102602,48166
102603,94620
102604,89048
102605,88988
102606,109904
102607,43152
102608,74080
102609,106034
102610,94629
102611,98163
102612,43966
102613,78251
102614,115797
102615,43758
102616,102031
102617,95806
102618,102407
102619,44269
102620,92165
102621,103440
102622,45380
102623,102550
102624,47304
102625,45027
102626,82014
102627,121702
102628,47563
102629,95604
102630,83516
102631,47139
102632,47075
102633,45337
102634,94986
102635,46680
102636,48426
102637,47312
102638,76605
102639,85443
102640,44641
102641,43916
102642,83451
102643,117709
102644,44419
102645,124028
102646,45114
102647,102782
102648,82123
102649,45598
102650,43862
102651,106516
102652,97174
102653,101288
102654,99974
102655,92128
102656,45918
102657,45733
102658,87791
102659,83606
102660,94491
102661,51122
102662,42991
102663,99474
102664,103033
102665,45432
102666,95092
102667,123670
102668,96525
102669,44777
102670,112428
102671,114740
102672,98193
102673,82957
102674,114754
102675,92640
102676,97001
102677,44915
102678,97300
102679,47038
102680,129881
102681,86303
102682,43043
102683,49289
102684,107504
102685,102094
102686,43856
102687,87758
102688,44354
102689,126483
102690,83995
102691,86613
102692,80073
102693,136036
102694,105018
102695,84465
102696,77650
102697,42838
102698,42140
102699,97902
102700,89126
102701,87721
102702,77558
102703,93712
102704,43514
102705,95451
102706,89729
102707,96145
102708,117381
102709,48908
102710,93880
102711,105867
102712,96818
102713,46339
102714,80785
102715,101432
102716,103794
102717,92463
102718,101412
102719,42863
102720,116960
102721,83660
102722,92166
102723,98554
102724,87138
102725,118199
102726,128829
102727,100457
102728,85299
102729,45187
102730,99336
102731,109686
102732,45910
102733,47421
102734,121516
102735,96245
102736,78133
102737,43509
102738,77925
102739,98641
102740,102528
102741,89253
102742,87718
102743,42876
102744,101465
102745,44672
102746,47305
102747,91830
102748,109910
102749,98590
102750,110529
102751,91604
102752,56165
102753,127135
102754,90150
102755,43346
102756,43589
102757,123442
102758,114118
102759,90720
102760,83582
102761,94468
102762,79478
102763,45998
102764,79281
102765,44669
102766,106769
102767,48072
102768,111688
102769,45533
102770,117520
102771,43518
102772,83909
102773,99134
102774,44137
102775,102399
102776,106294
102777,118966
102778,78778
102779,80014
102780,113043
102781,111027
102782,123240
102783,82116
102784,45249
102785,102090
102786,47686
102787,86338
102788,90470
102789,124867
102790,44242
102791,43618
102792,114180
102793,92274
102794,80236
102795,84752
102796,51734
102797,51268
102798,91356
102799,45019
102800,85565
102801,49595
102802,41763
102803,91903
102804,44410
102805,50597
102806,48106
102807,43435
102808,92900
102809,92020
102810,46172
102811,87145
102812,77326
102813,122689
102814,44842
102815,44317
102816,88879
102817,49118
102818,44210
102819,43756
102820,43606
102821,46740
102822,45332
102823,117353
102824,95957
102825,77650
102826,120610
102827,91007
102828,91558
102829,46166
102830,92038
102831,89115
102832,94955
102833,127206
102834,48388
102835,43110
102836,98937
102837,44575
102838,91601
102839,43562
102840,80509
102841,89806
102842,45159
102843,83981
102844,75669
102845,102328
102846,90814
102847,102251
102848,108619
102849,129696
102850,46005
102851,107419
102852,41736
102853,107430
102854,87958
102855,110064
102856,125727
102857,102017
102858,91051
102859,94467
102860,43713
102861,92139
102862,87262
102863,90770
102864,42823
102865,40162
102866,77620
102867,45385
102868,79966
102869,46231
102870,43641
102871,86742
102872,106355
102873,100537
102874,108269
102875,45373
102876,100845
102877,44709
102878,94526
102879,107010
102880,113568
102881,86113
102882,44612
102883,120186
102884,47400
102885,50185
102886,83588
102887,96033
102888,88134
102889,78185
102890,56145
102891,92312
102892,43018
102893,118135
102894,101130
102895,43535
102896,88744
102897,94062
102898,90127
102899,79243
102900,124214
102901,43198
102902,94616
102903,110325
102904,95504
102905,104183
102906,87147
102907,102449
102908,105162
102909,44434
102910,87708
102911,44485
102912,43614
102913,125756
102914,43222
102915,122494
102916,101227
102917,45354
102918,99526
102919,46415
102920,112620
102921,45165
102922,41604
102923,88780
102924,82869
102925,45464
102926,97536
102927,98591
102928,94468
102929,84298
102930,77619
102931,111806
102932,91624
102933,97153
102934,94176
102935,94062
102936,93589
102937,103455
102938,92521
102939,46343
102940,94806
102941,99971
102942,98943
102943,43909
102944,47250
102945,90155
102946,44532
102947,47112
102948,45732
102949,94056
102950,48026
102951,107963
102952,86702
102953,42919
102954,104238
102955,91987
102956,96266
102957,45681
102958,112268
102959,44928
102960,57200
102961,124395
102962,44187
102963,85311
102964,45878
102965,98620
102966,79593
102967,98916
102968,43795
102969,42764
102970,127299
102971,103221
102972,44448
102973,88948
102974,99696
102975,44805
102976,79321
102977,88474
102978,90312
102979,102048
102980,98088
102981,103645
102982,105099
102983,120802
102984,78609
102985,77901
102986,43135
102987,113593
102988,93195
102989,113363
102990,98937
102991,105201
102992,76946
102993,87684
102994,93551
102995,102216
102996,46170
102997,82091
102998,43662
102999,93375
103000,42584
103001,42590
103002,89712
103003,114241
103004,107158
103005,46281
103006,109730
103007,45919
103008,41428
103009,43350
103010,100019
103011,91273
103012,43060
103013,108143
103014,89224
103015,91601
103016,100764
103017,86897
103018,45345
103019,76908
103020,85435
103021,106419
103022,87903
103023,46095
103024,111515
103025,77998
103026,97246
103027,88523
103028,43831
103029,97839
103030,44239
103031,100658
103032,43448
103033,43210
103034,43660
103035,47231
103036,77456
103037,45227
103038,47399
103039,81742
103040,39553
103041,101353
103042,47037
103043,94152
103044,87664
103045,44762
103046,82099
103047,42519
103048,96176
103049,101594
103050,82730
103051,45817
103052,83039
103053,108292
103054,44017
103055,93215
103056,105710
103057,97760
103058,104563
103059,89555
103060,46103
103061,44085
103062,105749
103063,91984
103064,110700
103065,83282
103066,112555
103067,108116
103068,103184
103069,100051
103070,101920
103071,97175
103072,48073
103073,45589
103074,77218
103075,98363
103076,46069
103077,42062
103078,99088
103079,105459
103080,47492
103081,54249
103082,55047
103083,88317
103084,44584
103085,47858
103086,89875
103087,81520
103088,113572
103089,93097
103090,97498
103091,90120
103092,93990
103093,43132
103094,101328
103095,93198
103096,44476
103097,103594
103098,44439
103099,43799
103100,89068
103101,114450
103102,100632
103103,94698
103104,106150
103105,49409
103106,42779
103107,84842
103108,56820
103109,79478
103110,96221
103111,93879
103112,45846
103113,112708
103114,84844
103115,110989
103116,89540
103117,49713
103118,45138
103119,93864
103120,46830
103121,98616
103122,96579
103123,45022
103124,90883
103125,101729
103126,47227
103127,109596
103128,88357
103129,45732
103130,97838
103131,46368
103132,113594
103133,43191
103134,44406
103135,43616
103136,98166
103137,121262
103138,116463
103139,45513
103140,100645
103141,78286
103142,119339
103143,47442
103144,116367
103145,46484
103146,99789
103147,88457
103148,110469
103149,87310
103150,48041
103151,93321
103152,96058
103153,46663
103154,55827
103155,102552
103156,44098
103157,119210
103158,99005
103159,94981
103160,121650
103161,98141
103162,98866
103163,95483
103164,121018
103165,111672
103166,87455
103167,43719
103168,43251
103169,95876
103170,42025
103171,102169
103172,46591
103173,90924
103174,117379
103175,93627
103176,95867
103177,50419
103178,78428
103179,89943
103180,106449
103181,44971
103182,42615
103183,118371
103184,93053
103185,86992
103186,77687
103187,45285
103188,113309
103189,85593
103190,118164
103191,122881
103192,88400
103193,48509
103194,51800
103195,100294
103196,48007
103197,114521
103198,103193
103199,46665
103200,44093
103201,77826
103202,90390
103203,101267
103204,90277
103205,46636
103206,87791
103207,123275
103208,44691
103209,44038
103210,96644
103211,89472
103212,45909
103213,87186
103214,105263
103215,95105
103216,87489
103217,110217
103218,124899
103219,105284
103220,45750
103221,84586
103222,95490
103223,42883
103224,111607
103225,50949
103226,101915
103227,45300
103228,40607
103229,44011
103230,50731
103231,46369
103232,43327
103233,91629
103234,44310
103235,94894
103236,81913
103237,45684
103238,91423
103239,94034
103240,114107
103241,43853
103242,43529
103243,111778
103244,42141
103245,93235
103246,81627
103247,98831
103248,88150
103249,96601
103250,111923
103251,119802
103252,47757
103253,98503
103254,58439
103255,42316
103256,118232
103257,45009
103258,136971
103259,45899
103260,44882
103261,45231
103262,129762
103263,116149
103264,117220
103265,87044
103266,127812
103267,95167
103268,99887
103269,102110
103270,43877
103271,86305
103272,99892
103273,43478
103274,44766
103275,93438
103276,98399
103277,106315
103278,45021
103279,93234
103280,45586
103281,83238
103282,45292
103283,95596
103284,87627
103285,93295
103286,91407
103287,44343
103288,86416
103289,105545
103290,104443
103291,104254
103292,44289
103293,100322
103294,86174
103295,90090
103296,43139
103297,42247
103298,96660
103299,46074
103300,44040
103301,46025
103302,86107
103303,91855
103304,99672
103305,44233
103306,44107
103307,111100
103308,88267
103309,109783
103310,121696
103311,46169
103312,53536
103313,52021
103314,51878
103315,98938
103316,100771
103317,46743
103318,100674
103319,46831
103320,104677
103321,101751
103322,93639
103323,44409
103324,51772
103325,114490
103326,88457
103327,83147
103328,44039
103329,57841
103330,43279
103331,96606
103332,45055
103333,121056
103334,115213
103335,100070
103336,84758
103337,42266
103338,98239
103339,94966
103340,85860
103341,45986
103342,43928
103343,52525
103344,98123
103345,103045
103346,46313
103347,99842
103348,97281
103349,44034
103350,117492
103351,44728
103352,96121
103353,91899
103354,93671
103355,105545
103356,49762
103357,44892
103358,97757
103359,101427
103360,101374
103361,49922
103362,113756
103363,87995
103364,45540
103365,45057
103366,49402
103367,58152
103368,120069
103369,91852
103370,47426
103371,43406
103372,101642
103373,84586
103374,85867
103375,116226
103376,90109
103377,93974
103378,104606
103379,88575
103380,42844
103381,46656
103382,45135
103383,97039
103384,78844
103385,100029
103386,46304
103387,113337
103388,117759
103389,95197
103390,83265
103391,87652
103392,48812
103393,92686
103394,101205
103395,44066
103396,101180
103397,82485
103398,55589
103399,84313
103400,104468
103401,84119
103402,94806
103403,121290
103404,109208
103405,96607
103406,97539
103407,40548
103408,43697
103409,96271
103410,115518
103411,96445
103412,45139
103413,46453
103414,97325
103415,44236
103416,85705
103417,43322
103418,54907
103419,43424
103420,44432
103421,47611
103422,85143
103423,82682
103424,96741
103425,89259
103426,101907
103427,47689
103428,99273
103429,82964
103430,83909
103431,122074
103432,44905
103433,119457
103434,86670
103435,108006
103436,43381
103437,90667
103438,77456
103439,116410
103440,89486
103441,52718
103442,88324
103443,104083
103444,106585
103445,111440
103446,121331
103447,51952
103448,46159
103449,123585
103450,43396
103451,51219
103452,86791
103453,48020
103454,126935
103455,97967
103456,96362
103457,118407
103458,101172
103459,43278
103460,97475
103461,82768
103462,94155
103463,46168
103464,44769
103465,48909
103466,82780
103467,44623
103468,49034
103469,106149
103470,45908
103471,88386
103472,111084
103473,89054
103474,84476
103475,84534
103476,45391
103477,44614
103478,86876
103479,84659
103480,101456
103481,88317
103482,117936
103483,93445
103484,118226
103485,74715
103486,118326
103487,44036
103488,91432
103489,94673
103490,103304
103491,42400
103492,97110
103493,44744
103494,96299
103495,42721
103496,86054
103497,83115
103498,129748
103499,44001
103500,46646
103501,110057
103502,107957
103503,43632
103504,81857
103505,99539
103506,99500
103507,100500
103508,96489
103509,97839
103510,106109
103511,116089
103512,42818
103513,83092
103514,45154
103515,46446
103516,91147
103517,80374
103518,91936
103519,41974
103520,100649
103521,102795
103522,43836
103523,98691
103524,118571
103525,90515
103526,43385
103527,44386
103528,53188
103529,45787
103530,83366
103531,116208
103532,97957
103533,85178
103534,46877
103535,83302
103536,97248
103537,98452
103538,116443
103539,53659
103540,88260
103541,133202
103542,94129
103543,45372
103544,47760
103545,48163
103546,88789
103547,47120
103548,101922
103549,44902
103550,101824
103551,112289
103552,108605
103553,106573
103554,76880
103555,98236
103556,100949
103557,107598
103558,103528
103559,126771
103560,74582
103561,51987
103562,44885
103563,98331
103564,79774
103565,98365
103566,45523
103567,101233
103568,88026
103569,109546
103570,83549
103571,95952
103572,84435
103573,46453
103574,116402
103575,102869
103576,44310
103577,111125
103578,46116
103579,43739
103580,98714
103581,113832
103582,93130
103583,92162
103584,98607
103585,108301
103586,43048
103587,95226
103588,44676
103589,109966
103590,46926
103591,44824
103592,45328
103593,42799
103594,102381
103595,48762
103596,44084
103597,88759
103598,83956
103599,97698
103600,110128
103601,80152
103602,96666
103603,101784
103604,110935
103605,48199
103606,46495
103607,90315
103608,85090
103609,94616
103610,42765
103611,101095
103612,88991
103613,44767
103614,46807
103615,101730
103616,81017
103617,47784
103618,91552
103619,96919
103620,119880
103621,102867
103622,84576
103623,95789
103624,93152
103625,42735
103626,96340
103627,100414
103628,112407
103629,46206
103630,80848
103631,86354
103632,91549
103633,95028
103634,85538
103635,99098
103636,98626
103637,110441
103638,48377
103639,96662
103640,132552
103641,121203
103642,94475
103643,123937
103644,100262
103645,96099
103646,95445
103647,44698
103648,78060
103649,77071
103650,116205
103651,94670
103652,101691
103653,92924
103654,42930
103655,90013
103656,103183
103657,97226
103658,42250
103659,45738
103660,88150
103661,81704
103662,78759
103663,90531
103664,105291
103665,82779
103666,90805
103667,104573
103668,80933
103669,78246
103670,90843
103671,78702
103672,107288
103673,90754
103674,93935
103675,47955
103676,106454
103677,46801
103678,45136
103679,114786
103680,97498
103681,45385
103682,88812
103683,41905
103684,107054
103685,107078
103686,43576
103687,95250
103688,96480
103689,46114
103690,95090
103691,42909
103692,45307
103693,86902
103694,43536
103695,89101
103696,44956
103697,95840
103698,41418
103699,87108
103700,96983
103701,101585
103702,43881
103703,96645
103704,80677
103705,45475
103706,106616
103707,42764
103708,115708
103709,44280
103710,47206
103711,45651
103712,45657
103713,45464
103714,94278
103715,45338
103716,46063
103717,98006
103718,81901
103719,99699
103720,117790
103721,48601
103722,44376
103723,48894
103724,48479
103725,45710
103726,85814
103727,101886
103728,45866
103729,123659
103730,45950
103731,101540
103732,94342
103733,108476
103734,99167
103735,47033
103736,122409
103737,98749
103738,87151
103739,110431
103740,120955
103741,49721
103742,48299
103743,105073
103744,89982
103745,46185
103746,92105
103747,94014
103748,99288
103749,118837
103750,51287
103751,98217
103752,99195
103753,43948
103754,97291
103755,90855
103756,105735
103757,86460
103758,104773
103759,90515
103760,95996
103761,109755
103762,83001
103763,121310
103764,116084
103765,44694
103766,95247
103767,43545
103768,90036
103769,82600
103770,89513
103771,120607
103772,52445
103773,109893
103774,94127
103775,87578
103776,97859
103777,43296
103778,84726
103779,52204
103780,97235
103781,98580
103782,89605
103783,46003
103784,44111
103785,87612
103786,81221
103787,121152
103788,110094
103789,97247
103790,97312
103791,46511
103792,51394
103793,50354
103794,44142
103795,98456
103796,101023
103797,43535
103798,88304
103799,81360
103800,50489
103801,119208
103802,94363
103803,99779
103804,92974
103805,79868
103806,103948
103807,102002
103808,89729
103809,48747
103810,94014
103811,93797
103812,76880
103813,42987
103814,90294
103815,126853
103816,98824
103817,114591
103818,50423
103819,80355
103820,45279
103821,97088
103822,112250
103823,98854
103824,77114
103825,87772
103826,43671
103827,95356
103828,99423
103829,78305
103830,47667
103831,45882
103832,97427
103833,90452
103834,87561
103835,89582
103836,121440
103837,45354
103838,83065
103839,95395
103840,119383
103841,97994
103842,43635
103843,107912
103844,46807
103845,44831
103846,87063
103847,105385
103848,116271
103849,91965
103850,107832
103851,44685
103852,45431
103853,46444
103854,76108
103855,110413
103856,52766
103857,43362
103858,98830
103859,117215
103860,47642
103861,94062
103862,104405
103863,44430
103864,47630
103865,123963
103866,57209
103867,84070
103868,89128
103869,43497
103870,109239
103871,100605
103872,44687
103873,45134
103874,44104
103875,52531
103876,88810
103877,105677
103878,81080
103879,82698
103880,43403
103881,109972
103882,77569
103883,98240
103884,51564
103885,96058
103886,126769
103887,46308
103888,94374
103889,84204
103890,80593
103891,86454
103892,48353
103893,123046
103894,90384
103895,121971
103896,91728
103897,98203
103898,106930
103899,126196
103900,43101
103901,95620
103902,101339
103903,45873
103904,96947
103905,91723
103906,97517
103907,117732
103908,100710
103909,97308
103910,47529
103911,44891
103912,95204
103913,46434
103914,95938
103915,95329
103916,47206
103917,43999
103918,93826
103919,47967
103920,121949
103921,44723
103922,77505
103923,44696
103924,88607
103925,93865
103926,41896
103927,91446
103928,85768
103929,96874
103930,88577
103931,45706
103932,45605
103933,119823
103934,49475
103935,45210
103936,95089
103937,97201
103938,117526
103939,41960
103940,84772
103941,93033
103942,113970
103943,89521
103944,43789
103945,47111
103946,53392
103947,83660
103948,45611
103949,84853
103950,94086
103951,46702
103952,93803
103953,95199
103954,56490
103955,89555
103956,44386
103957,98684
103958,44254
103959,86183
103960,122074
103961,93093
103962,44162
103963,118559
103964,40712
103965,123717
103966,83707
103967,104853
103968,95089
103969,43831
103970,111597
103971,89820
103972,43234
103973,108496
103974,89706
103975,105162
103976,104967
103977,45143
103978,108764
103979,92575
103980,99420
103981,96422
103982,80236
103983,83900
103984,45244
103985,129449
103986,95421
103987,108474
103988,122872
103989,85945
103990,93467
103991,50529
103992,106220
103993,93398
103994,111046
103995,95275
103996,43699
103997,98581
103998,110632
103999,96244
104000,90070
104001,106806
104002,89623
104003,107546
104004,108867
104005,45509
104006,98866
104007,46833
104008,45962
104009,112833
104010,99740
104011,78012
104012,49553
104013,120920
104014,46200
104015,108573
104016,95446
104017,91317
104018,48535
104019,116938
104020,85980
104021,76526
104022,90523
104023,47990
104024,44569
104025,105647
104026,88610
104027,43620
104028,43969
104029,77569
104030,45269
104031,96651
104032,43455
104033,48739
104034,104834
104035,46226
104036,109571
104037,88191
104038,96899
104039,77619
104040,95711
104041,88564
104042,87758
104043,114928
104044,101055
104045,93524
104046,83582
104047,42526
104048,50485
104049,83247
104050,49299
104051,99225
104052,52863
104053,52158
104054,108814
104055,46678
104056,45670
104057,112626
104058,46174
104059,82282
104060,98761
104061,136600
104062,91264
104063,119723
104064,76064
104065,51896
104066,110224
104067,42622
104068,47977
104069,91673
104070,96109
104071,95862
104072,96709
104073,44404
104074,99759
104075,89045
104076,46751
104077,97123
104078,108768
104079,43678
104080,86603
104081,113412
104082,82832
104083,98899
104084,91268
104085,83958
104086,125237
104087,102443
104088,84626
104089,112547
104090,88657
104091,101337
104092,46680
104093,43211
104094,81396
104095,90219
104096,43276
104097,43517
104098,46476
104099,109650
104100,119910
104101,43121
104102,101975
104103,109751
104104,50136
104105,100217
104106,87672
104107,102606
104108,43825
104109,100923
104110,43581
104111,44810
104112,44336
104113,46367
104114,89694
104115,94155
104116,78426
104117,84059
104118,42837
104119,47038
104120,105356
104121,85211
104122,45104
104123,93534
104124,43097
104125,85936
104126,104773
104127,90118
104128,96823
104129,43360
104130,84553
104131,88303
104132,105102
104133,95293
104134,44831
104135,45905
104136,93974
104137,92103
104138,95008
104139,50354
104140,44752
104141,119056
104142,46899
104143,88837
104144,111756
104145,121856
104146,85522
104147,83916
104148,93434
104149,114526
104150,89983
104151,94995
104152,45316
104153,43330
104154,111364
104155,98749
104156,52119
104157,58605
104158,44512
104159,42585
104160,110189
104161,89027
104162,89160
104163,46813
104164,89248
104165,101344
104166,44438
104167,90462
104168,124423
104169,41910
104170,96422
104171,95697
104172,85788
104173,89961
104174,45894
104175,104327
104176,81648
104177,104996
104178,99062
104179,46281
104180,124965
104181,102773
104182,95628
104183,120424
104184,47342
104185,95329
104186,78631
104187,84022
104188,118145
104189,95830
104190,84780
104191,91141
104192,109650
104193,124661
104194,94184
104195,84780
104196,43319
104197,80365
104198,88894
104199,109264
104200,124872
104201,44688
104202,100652
104203,100727
104204,49614
104205,89974
104206,109682
104207,89225
104208,41910
104209,44836
104210,96155
104211,93699
104212,106223
104213,44865
104214,78185
104215,99325
104216,101430
104217,41641
104218,84316
104219,92038
104220,43635
104221,45200
104222,92204
104223,110479
104224,104179
104225,95825
104226,99952
104227,114171
104228,100033
104229,109555
104230,119407
104231,86564
104232,100735
104233,100691
104234,44226
104235,95170
104236,94022
104237,121523
104238,91766
104239,83578
104240,104416
104241,44048
104242,82047
104243,47192
104244,131947
104245,44108
104246,98155
104247,44892
104248,84784
104249,45401
104250,100849
104251,98012
104252,86934
104253,48092
104254,111667
104255,96688
104256,52891
104257,126422
104258,100741
104259,103996
104260,79177
104261,85937
104262,44432
104263,44819
104264,117070
104265,96154
104266,91539
104267,43825
104268,80388
104269,108398
104270,104890
104271,46685
104272,39682
104273,43976
104274,43606
104275,95169
104276,46217
104277,44310
104278,54934
104279,46210
104280,83506
104281,105754
104282,124990
104283,43121
104284,43750
104285,110757
104286,107021
104287,44472
104288,93008
104289,85783
104290,94265
104291,46815
104292,98637
104293,122251
104294,96326
104295,45613
104296,102531
104297,116816
104298,103504
104299,50810
104300,107258
104301,112320
104302,92921
104303,88030
104304,48309
104305,100604
104306,43067
104307,44862
104308,93229
104309,87271
104310,47159
104311,43487
104312,93400
104313,109760
104314,95372
104315,102617
104316,99062
104317,97118
104318,102429
104319,108563
104320,46130
104321,82600
104322,42664
104323,92165
104324,89463
104325,87124
104326,104786
104327,120656
104328,84488
104329,92023
104330,105899
104331,42438
104332,81056
104333,98475
104334,102898
104335,78161
104336,84639
104337,101494
104338,109122
104339,85750
104340,125683
104341,44228
104342,103290
104343,47542
104344,42222
104345,98859
104346,103279
104347,94449
104348,44640
104349,45117
104350,91196
104351,124894
104352,48163
104353,106149
104354,102679
104355,118977
104356,49161
104357,109454
104358,110651
104359,47415
104360,96006
104361,98651
104362,124334
104363,103105
104364,101531
104365,47124
104366,101583
104367,45278
104368,109875
104369,96606
104370,78618
104371,95486
104372,80567
104373,113423
104374,101276
104375,79817
104376,87672
104377,44274
104378,47127
104379,43767
104380,95433
104381,95448
104382,45107
104383,45331
104384,100204
104385,85125
104386,94817
104387,93375
104388,116051
104389,92844
104390,124910
104391,115824
104392,107688
104393,46911
104394,88639
104395,43028
104396,46238
104397,78820
104398,97592
104399,80322
104400,89275
104401,54253
104402,77230
104403,108538
104404,101720
104405,45887
104406,96695
104407,44060
104408,87791
104409,46574
104410,81334
104411,96674
104412,44891
104413,110133
104414,83147
104415,44235
104416,41686
104417,46203
104418,110172
104419,52081
104420,42799
104421,43630
104422,109295
104423,89497
104424,48161
104425,109639
104426,44624
104427,83666
104428,82989
104429,94766
104430,112276
104431,85750
104432,46241
104433,44130
104434,76388
104435,95258
104436,46459
104437,44505
104438,54020
104439,95961
104440,43463
104441,106061
104442,123371
104443,99240
104444,44663
104445,45753
104446,102018
104447,43711
104448,123667
104449,44959
104450,46341
104451,45883
104452,103567
104453,104114
104454,43588
104455,106870
104456,45677
104457,44386
104458,107588
104459,97679
104460,94475
104461,94207
104462,90665
104463,89698
104464,84215
104465,98259
104466,104846
104467,101057
104468,44895
104469,86660
104470,42915
104471,100731
104472,101356
104473,84988
104474,84537
104475,46797
104476,99756
104477,95028
104478,91653
104479,44855
104480,99368
104481,97816
104482,122007
104483,90650
104484,108407
104485,106536
104486,45436
104487,109669
104488,44180
104489,46265
104490,88589
104491,92134
104492,44590
104493,119569
104494,45055
104495,83206
104496,95083
104497,115257
104498,107518
104499,75771
104500,96325
104501,122395
104502,113573
104503,85970
104504,96806
104505,45956
104506,49841
104507,100093
104508,77569
104509,45999
104510,102053
104511,82628
104512,43255
104513,95615
104514,99120
104515,87025
104516,104834
104517,94827
104518,97679
104519,83560
104520,54181
104521,107294
104522,82057
104523,105704
104524,85437
104525,42875
104526,119255
104527,76468
104528,108757
104529,94643
104530,91573
104531,45130
104532,99067
104533,44579
104534,85510
104535,92262
104536,103760
104537,95516
104538,92811
104539,111507
104540,81129
104541,78426
104542,45063
104543,44337
104544,97977
104545,125380
104546,85049
104547,109087
104548,84273
104549,102369
104550,118115
104551,91618
104552,116006
104553,107824
104554,100180
104555,100736
104556,45113
104557,43677
104558,82198
104559,91624
104560,85712
104561,92393
104562,91003
104563,44118
104564,114150
104565,90536
104566,106727
104567,99890
104568,102355
104569,101437
104570,99414
104571,121811
104572,47731
104573,44271
104574,90912
104575,99854
104576,100967
104577,98471
104578,44029
104579,43045
104580,106823
104581,87243
104582,116514
104583,43296
104584,81060
104585,96657
104586,46109
104587,112997
104588,102838
104589,50430
104590,93463
104591,43577
104592,87673
104593,45468
104594,110107
104595,110094
104596,116352
104597,45781
104598,94783
104599,42580
104600,46018
104601,87656
104602,97444
104603,46978
104604,117749
104605,101886
104606,85830
104607,85862
104608,91549
104609,101192
104610,47983
104611,44290
104612,102634
104613,98618
104614,90024
104615,44850
104616,84615
104617,89193
104618,120618
104619,123727
104620,118058
104621,44282
104622,43311
104623,83942
104624,102090
104625,104122
104626,44796
104627,85925
104628,109134
104629,108440
104630,44272
104631,43693
104632,52740
104633,47634
104634,104107
104635,111294
104636,88400
104637,114295
104638,77727
104639,104339
104640,90679
104641,80275
104642,43437
104643,98051
104644,104889
104645,100735
104646,115536
104647,108782
104648,86090
104649,101508
104650,92183
104651,108186
104652,103102
104653,116919
104654,113158
104655,88693
104656,82594
104657,92989
104658,107866
104659,84763
104660,89694
104661,88525
104662,88938
104663,102654
104664,111585
104665,87791
104666,54847
104667,57882
104668,103352
104669,98432
104670,102063
104671,101068
104672,56833
104673,86848
104674,83133
104675,95753
104676,83438
104677,40013
104678,90423
104679,48575
104680,99164
104681,99982
104682,93705
104683,43849
104684,85801
104685,44367
104686,98244
104687,47477
104688,98738
104689,96435
104690,94129
104691,44340
104692,45052
104693,121133
104694,106092
104695,118432
104696,94865
104697,101594
104698,83557
104699,47116
104700,44365
104701,82997
104702,92985
104703,48229
104704,52081
104705,90052
104706,43284
104707,79476
104708,100427
104709,47485
104710,90355
104711,88535
104712,46219
104713,83289
104714,77620
104715,107162
104716,100552
104717,81205
104718,79131
104719,44319
104720,47543
104721,76112
104722,44398
104723,87324
104724,91436
104725,133627
104726,46663
104727,88708
104728,74804
104729,83103
104730,102966
104731,46951
104732,54818
104733,47936
104734,115729
104735,98520
104736,108051
104737,101776
104738,85894
104739,106848
104740,87672
104741,43005
104742,85768
104743,133023
104744,84053
104745,99897
104746,91229
104747,45448
104748,43980
104749,44895
104750,47282
104751,107536
104752,107111
104753,99780
104754,42400
104755,46621
104756,95023
104757,85478
104758,45150
104759,92198
104760,45576
104761,84137
104762,46778
104763,111196
104764,102978
104765,43641
104766,79871
104767,46327
104768,45793
104769,47782
104770,99192
104771,102767
104772,94987
104773,87460
104774,107945
104775,47498
104776,97337
104777,100717
104778,115813
104779,43363
104780,45135
104781,89822
104782,125064
104783,90353
104784,100839
104785,93974
104786,43834
104787,96502
104788,98581
104789,92744
104790,79541
104791,102151
104792,94341
104793,42468
104794,98427
104795,97928
104796,98001
104797,42490
104798,43845
104799,88047
104800,43333
104801,44727
104802,86346
104803,42438
104804,94823
104805,120239
104806,100078
104807,84557
104808,42443
104809,45117
104810,100014
104811,50584
104812,41687
104813,90310
104814,91776
104815,90225
104816,102712
104817,80399
104818,84576
104819,43711
104820,87181
104821,57297
104822,48334
104823,83131
104824,80398
104825,42764
104826,122871
104827,90714
104828,86698
104829,96885
104830,101374
104831,115189
104832,94212
104833,94498
104834,100186
104835,94007
104836,111672
104837,50678
104838,101691
104839,90670
104840,47169
104841,85274
104842,99426
104843,88041
104844,93375
104845,89314
104846,53071
104847,44673
104848,44084
104849,44580
104850,115349
104851,111060
104852,43545
104853,119376
104854,44277
104855,111651
104856,88633
104857,88725
104858,95342
104859,82127
104860,92165
104861,102181
104862,43234
104863,43721
104864,44905
104865,98011
104866,41027
104867,77818
104868,119049
104869,110128
104870,107675
104871,44669
104872,78374
104873,109720
104874,126695
104875,118321
104876,83631
104877,45140
104878,108752
104879,101550
104880,115850
104881,96712
104882,41858
104883,106022
104884,104944
104885,45798
104886,78853
104887,105460
104888,109571
104889,81833
104890,77569
104891,52189
104892,100264
104893,86955
104894,83001
104895,45389
104896,44106
104897,45005
104898,47545
104899,108488
104900,47198
104901,47654
104902,47730
104903,99321
104904,44673
104905,48680
104906,42184
104907,128146
104908,84212
104909,44157
104910,92126
104911,105798
104912,104319
104913,97430
104914,99668
104915,83143
104916,46071
104917,117281
104918,45375
104919,91485
104920,42764
104921,89619
104922,115367
104923,94460
104924,98319
104925,43712
104926,84867
104927,44256
104928,126198
104929,102161
104930,98590
104931,54841
104932,81866
104933,47057
104934,86478
104935,98591
104936,89523
104937,121933
104938,43545
104939,88464
104940,98175
104941,105472
104942,99806
104943,46098
104944,44540
104945,113421
104946,94786
104947,43731
104948,130566
104949,76684
104950,42440
104951,82821
104952,44576
104953,102413
104954,94713
104955,103966
104956,103127
104957,44176
104958,78834
104959,89020
104960,45700
104961,106707
104962,93156
104963,118246
104964,47615
104965,118036
104966,100837
104967,49532
104968,109822
104969,95319
104970,77353
104971,106428
104972,98243
104973,44077
104974,104182
104975,106509
104976,99615
104977,84238
104978,108344
104979,84927
104980,51457
104981,96230
104982,43355
104983,83825
104984,94851
104985,47244
104986,89469
104987,100078
104988,82774
104989,103150
104990,83546
104991,47320
104992,119292
104993,99767
104994,43731
104995,46764
104996,81381
104997,101309
104998,107553
104999,43250
105000,48691
105001,90706
105002,44305
105003,110535
105004,79173
105005,112770
105006,44898
105007,77703
105008,78269
105009,77505
105010,85689
105011,92351
105012,84975
105013,78559
105014,44060
105015,87800
105016,108487
105017,44335
105018,46407
105019,45238
105020,44333
105021,45934
105022,50930
105023,47140
105024,121946
105025,94213
105026,91929
105027,103335
105028,117210
105029,82467
105030,99287
105031,107099
105032,46126
105033,107027
105034,45839
105035,113714
105036,99171
105037,88977
105038,44160
105039,101252
105040,45614
105041,98190
105042,77446
105043,44006
105044,48427
105045,85183
105046,81165
105047,83203
105048,44902
105049,96750
105050,98445
105051,54234
105052,102942
105053,43142
105054,43366
105055,76596
105056,44262
105057,101823
105058,92564
105059,92108
105060,45558
105061,44564
105062,43290
105063,48085
105064,90123
105065,90317
105066,105864
105067,101987
105068,43979
105069,44670
105070,93968
105071,91297
105072,45117
105073,48033
105074,101909
105075,122203
105076,98280
105077,45434
105078,49519
105079,84174
105080,99550
105081,86205
105082,131058
105083,47139
105084,80857
105085,89814
105086,45531
105087,108814
105088,91149
105089,107691
105090,106383
105091,42873
105092,94262
105093,110062
105094,47930
105095,91654
105096,86959
105097,116870
105098,45436
105099,49049
105100,88283
105101,96271
105102,90684
105103,46216
105104,105598
105105,93814
105106,48081
105107,43448
105108,43260
105109,109626
105110,50253
105111,87284
105112,102106
105113,43172
105114,80290
105115,48979
105116,86650
105117,89115
105118,103296
105119,41734
105120,111842
105121,86670
105122,91824
105123,45713
105124,103368
105125,44018
105126,75476
105127,97411
105128,89397
105129,101661
105130,84173
105131,44846
105132,41996
105133,43728
105134,102787
105135,94072
105136,101987
105137,46760
105138,88657
105139,46624
105140,101548
105141,44457
105142,94423
105143,78817
105144,78323
105145,111540
105146,42358
105147,44879
105148,124260
105149,85875
105150,46976
105151,96938
105152,87062
105153,107058
105154,84948
105155,91798
105156,87151
105157,43619
105158,106371
105159,95022
105160,117420
105161,99876
105162,119766
105163,93327
105164,43142
105165,109820
105166,81571
105167,125315
105168,45531
105169,43316
105170,95740
105171,41414
105172,50207
105173,43731
105174,102498
105175,91364
105176,46451
105177,46313
105178,91453
105179,90430
105180,101454
105181,94208
105182,110105
105183,84889
105184,100257
105185,85157
105186,105589
105187,45090
105188,51850
105189,106123
105190,93069
105191,44517
105192,78389
105193,102068
105194,45309
105195,125266
105196,46858
105197,47456
105198,108069
105199,95513
105200,99565
105201,82714
105202,48951
105203,90447
105204,118255
105205,43028
105206,49183
105207,52495
105208,88641
105209,97618
105210,76880
105211,49613
105212,98043
105213,98487
105214,44787
105215,99078
105216,91652
105217,94285
105218,78426
105219,42456
105220,120057
105221,114881
105222,110126
105223,44632
105224,47503
105225,90312
105226,109812
105227,80136
105228,82338
105229,44720
105230,47192
105231,106401
105232,112719
105233,101841
105234,45142
105235,100619
105236,44420
105237,101837
105238,45714
105239,46382
105240,115207
105241,99005
105242,44507
105243,45111
105244,42783
105245,99721
105246,85045
105247,45904
105248,102065
105249,45024
105250,86134
105251,94432
105252,113617
105253,89057
105254,108077
105255,93052
105256,45396
105257,115150
105258,79212
105259,49843
105260,49156
105261,101779
105262,121690
105263,109171
105264,44939
105265,123240
105266,83986
105267,89271
105268,44808
105269,93693
105270,44796
105271,98565
105272,103793
105273,117405
105274,83525
105275,92887
105276,87867
105277,83576
105278,50318
105279,102816
105280,101075
105281,87243
105282,87615
105283,128575
105284,42776
105285,42767
105286,91706
105287,47167
105288,92842
105289,83489
105290,89134
105291,109483
105292,87552
105293,47354
105294,46200
105295,83724
105296,47647
105297,44662
105298,112255
105299,86933
105300,77774
105301,48457
105302,99984
105303,77507
105304,45949
105305,43205
105306,43260
105307,45762
105308,44022
105309,87905
105310,113979
105311,46494
105312,83724
105313,93945
105314,94140
105315,44796
105316,98324
105317,46858
105318,109346
105319,84611
105320,93467
105321,120249
105322,94713
105323,102505
105324,95597
105325,97730
105326,107276
105327,91355
105328,46335
105329,121106
105330,46123
105331,105532
105332,43600
105333,97628
105334,43354
105335,90995
105336,43234
105337,94394
105338,103011
105339,96485
105340,105950
105341,93467
105342,46606
105343,115210
105344,80110
105345,93181
105346,45165
105347,42921
105348,99800
105349,90864
105350,45091
105351,86471
105352,51233
105353,102652
105354,110436
105355,96362
105356,43707
105357,44560
105358,103353
105359,108853
105360,114219
105361,113137
105362,47249
105363,106513
105364,96726
105365,58168
105366,43892
105367,43706
105368,96221
105369,103561
105370,117911
105371,46941
105372,48681
105373,80073
105374,89786
105375,92380
105376,118539
105377,42961
105378,49147
105379,44300
105380,112938
105381,84488
105382,86862
105383,94006
105384,86381
105385,87426
105386,86018
105387,87331
105388,43227
105389,89373
105390,115994
105391,104760
105392,99700
105393,44360
105394,43147
105395,112369
105396,47423
105397,83461
105398,105537
105399,45357
105400,102019
105401,89076
105402,98868
105403,98086
105404,42239
105405,46230
105406,109456
105407,103724
105408,123355
105409,110349
105410,46024
105411,98562
105412,43183
105413,43184
105414,109822
105415,45870
105416,93303
105417,103710
105418,46962
105419,77827
105420,46838
105421,47464
105422,104655
105423,111445
105424,88350
105425,87623
105426,44290
105427,45363
105428,75889
105429,100027
105430,46130
105431,87299
105432,112425
105433,98205
105434,46084
105435,101864
105436,49222
105437,104468
105438,43937
105439,91065
105440,87343
105441,112795
105442,92017
105443,89882
105444,48271
105445,44904
105446,81430
105447,45648
105448,46415
105449,86283
105450,45896
105451,43900
105452,49337
105453,43407
105454,94861
105455,47983
105456,44438
105457,98937
105458,87319
105459,45251
105460,93273
105461,42751
105462,91629
105463,96160
105464,94553
105465,98301
105466,44631
105467,42933
105468,46410
105469,46941
105470,52147
105471,115767
105472,46243
105473,58720
105474,43980
105475,93555
105476,43905
105477,104168
105478,47525
105479,111546
105480,98601
105481,130443
105482,47717
105483,43120
105484,103949
105485,93515
105486,120981
105487,118719
105488,88162
105489,46087
105490,104865
105491,88596
105492,88674
105493,85148
105494,43190
105495,95342
105496,119299
105497,96130
105498,92239
105499,95642
105500,89323
105501,43210
105502,122617
105503,85734
105504,92529
105505,44586
105506,80405
105507,92937
105508,78345
105509,100462
105510,86850
105511,47515
105512,43493
105513,80152
105514,45803
105515,76946
105516,114784
105517,97347
105518,92889
105519,83131
105520,99856
105521,78161
105522,44827
105523,43699
105524,41010
105525,96252
105526,84137
105527,87383
105528,97655
105529,44762
105530,42043
105531,93353
105532,116073
105533,95777
105534,113942
105535,104317
105536,92008
105537,47503
105538,86686
105539,49257
105540,89140
105541,42641
105542,47373
105543,101788
105544,43902
105545,120424
105546,92052
105547,100754
105548,100450
105549,97193
105550,92454
105551,83887
105552,96465
105553,42584
105554,113643
105555,88370
105556,46105
105557,83295
105558,94468
105559,105590
105560,97982
105561,87132
105562,94578
105563,117301
105564,46060
105565,98476
105566,43135
105567,103050
105568,90053
105569,52096
105570,121095
105571,77636
105572,88288
105573,44734
105574,43840
105575,113114
105576,91923
105577,110067
105578,42781
105579,115073
105580,120951
105581,107139
105582,52143
105583,95337
105584,111158
105585,86928
105586,85881
105587,106428
105588,45820
105589,76865
105590,87164
105591,118817
105592,81490
105593,136173
105594,99091
105595,102169
105596,46093
105597,106772
105598,88361
105599,45839
105600,46417
105601,139017
105602,91347
105603,105556
105604,123564
105605,99842
105606,103775
105607,111426
105608,86565
105609,84716
105610,44233
105611,115566
105612,84173
105613,46199
105614,43645
105615,45461
105616,88246
105617,91209
105618,49000
105619,44046
105620,86022
105621,87202
105622,87186
105623,48798
105624,102680
105625,85652
105626,46250
105627,46359
105628,85439
105629,84678
105630,88237
105631,105969
105632,92500
105633,107641
105634,105418
105635,82499
105636,44883
105637,45818
105638,50319
105639,92624
105640,93529
105641,96225
105642,101614
105643,87823
105644,46012
105645,100991
105646,95170
105647,104816
105648,42804
105649,83997
105650,43801
105651,43324
105652,98996
105653,97089
105654,90769
105655,47284
105656,110799
105657,85091
105658,106076
105659,43687
105660,102652
105661,44096
105662,45320
105663,50853
105664,43276
105665,81467
105666,46704
105667,48651
105668,83915
105669,99173
105670,44086
105671,81138
105672,84141
105673,47402
105674,90124
105675,78609
105676,44687
105677,43474
105678,42846
105679,89270
105680,105431
105681,90007
105682,47479
105683,46331
105684,92051
105685,100287
105686,95194
105687,97326
105688,109287
105689,46651
105690,82812
105691,43741
105692,107031
105693,92302
105694,93997
105695,84385
105696,107320
105697,122539
105698,46401
105699,93953
105700,99136
105701,42716
105702,120631
105703,121339
105704,102290
105705,95504
105706,91589
105707,48160
105708,89202
105709,124035
105710,83812
105711,91793
105712,80238
105713,105469
105714,100338
105715,44909
105716,98760
105717,44122
105718,113784
105719,47866
105720,78323
105721,119177
105722,45439
105723,46763
105724,78058
105725,101498
105726,98738
105727,103217
105728,104239
105729,44224
105730,119278
105731,44651
105732,83993
105733,91602
105734,53668
105735,47800
105736,111196
105737,92548
105738,97344
105739,44731
105740,78197
105741,86350
105742,103434
105743,44510
105744,121804
105745,45671
105746,103054
105747,44780
105748,121122
105749,89746
105750,52945
105751,94411
105752,101049
105753,100398
105754,45689
105755,93077
105756,104399
105757,44018
105758,92234
105759,81649
105760,44040
105761,97221
105762,107113
105763,46313
105764,49168
105765,101283
105766,45053
105767,43980
105768,86234
105769,110269
105770,87023
105771,44009
105772,110865
105773,92038
105774,83882
105775,87908
105776,86319
105777,94786
105778,100864
105779,110276
105780,44955
105781,82843
105782,45027
105783,44657
105784,44099
105785,100146
105786,88471
105787,108054
105788,42234
105789,94478
105790,91998
105791,100876
105792,81755
105793,95686
105794,84086
105795,44960
105796,47325
105797,99213
105798,79390
105799,119208
105800,97574
105801,42295
105802,91685
105803,100981
105804,44467
105805,43012
105806,110069
105807,93673
105808,97514
105809,103527
105810,48049
105811,44698
105812,121856
105813,43723
105814,54825
105815,84628
105816,127490
105817,45029
105818,83083
105819,92248
105820,83747
105821,46157
105822,46011
105823,96075
105824,92682
105825,43710
105826,102445
105827,114167
105828,100670
105829,108605
105830,42078
105831,126754
105832,90592
105833,90068
105834,100300
105835,105064
105836,93030
105837,107338
105838,50626
105839,45684
105840,103371
105841,98761
105842,108966
105843,97175
105844,43606
105845,44625
105846,101458
105847,46060
105848,83029
105849,97068
105850,46177
105851,97941
105852,46362
105853,104655
105854,93994
105855,50435
105856,104897
105857,91110
105858,86450
105859,44083
105860,42405
105861,82770
105862,44815
105863,103436
105864,90321
105865,102283
105866,48564
105867,103045
105868,107816
105869,84906
105870,45371
105871,94530
105872,97246
105873,90756
105874,43926
105875,47429
105876,109110
105877,115341
105878,102237
105879,43139
105880,88628
105881,101462
105882,114844
105883,44889
105884,46190
105885,84789
105886,101427
105887,43137
105888,42312
105889,91884
105890,103323
105891,92513
105892,44809
105893,95419
105894,105009
105895,45068
105896,92381
105897,94551
105898,86391
105899,81326
105900,48505
105901,46032
105902,81222
105903,42360
105904,87101
105905,94274
105906,120796
105907,103754
105908,99160
105909,87055
105910,95759
105911,104371
105912,44928
105913,108752
105914,102690
105915,91744
105916,52553
105917,43064
105918,90941
105919,44018
105920,43381
105921,116873
105922,92820
105923,47425
105924,77156
105925,107071
105926,80764
105927,45980
105928,118964
105929,43787
105930,94417
105931,94478
105932,44967
105933,97808
105934,101382
105935,83549
105936,45377
105937,46319
105938,107008
105939,92702
105940,96042
105941,47580
105942,91351
105943,88857
105944,44478
105945,115385
105946,113594
105947,53206
105948,100884
105949,85324
105950,94154
105951,120080
105952,81731
105953,44829
105954,87656
105955,84464
105956,43526
105957,43544
105958,99248
105959,83827
105960,91096
105961,77133
105962,101046
105963,46248
105964,78069
105965,92379
105966,103516
105967,113764
105968,119539
105969,52204
105970,46845
105971,52912
105972,101858
105973,49793
105974,94881
105975,51300
105976,82066
105977,94499
105978,112656
105979,121464
105980,105625
105981,45413
105982,50501
105983,107046
105984,77859
105985,42699
105986,92287
105987,100507
105988,105675
105989,99145
105990,49921
105991,109011
105992,43085
105993,88377
105994,104579
105995,43140
105996,43649
105997,52471
105998,95995
105999,91282
106000,44410
106001,93140
106002,51125
106003,45078
106004,76294
106005,108453
106006,113394
106007,116437
106008,102394
106009,48336
106010,93355
106011,57348
106012,86910
106013,46602
106014,77044
106015,88807
106016,44043
106017,106663
106018,82959
106019,45784
106020,97187
106021,104783
106022,80296
106023,125154
106024,49657
106025,41376
106026,93035
106027,95789
106028,121761
106029,120042
106030,104859
106031,121639
106032,86822
106033,94673
106034,44656
106035,78621
106036,93779
106037,87345
106038,43951
106039,49024
106040,93461
106041,102313
106042,87212
106043,43118
106044,90177
106045,90879
106046,46922
106047,48446
106048,91301
106049,97820
106050,139674
106051,43517
106052,43628
106053,45846
106054,46460
106055,55890
106056,58293
106057,77051
106058,97821
106059,101141
106060,42830
106061,43135
106062,44881
106063,91629
106064,89517
106065,44602
106066,97391
106067,42766
106068,44026
106069,43597
106070,88156
106071,50131
106072,44769
106073,46804
106074,104317
106075,103715
106076,113422
106077,43416
106078,91828
106079,107031
106080,80996
106081,44577
106082,97362
106083,95786
106084,109701
106085,43060
106086,82579
106087,78323
106088,105767
106089,42591
106090,101478
106091,93460
106092,86283
106093,49004
106094,98370
106095,105165
106096,88288
106097,99124
106098,42239
106099,94653
106100,45609
106101,83965
106102,85084
106103,88779
106104,85109
106105,105287
106106,97135
106107,45697
106108,78969
106109,97748
106110,45767
106111,43503
106112,101185
106113,94356
106114,90761
106115,97595
106116,97064
106117,104326
106118,87054
106119,48203
106120,46514
106121,83570
106122,49096
106123,102838
106124,89145
106125,93671
106126,43849
106127,43370
106128,91164
106129,51927
106130,85183
106131,109847
106132,44715
106133,44179
106134,87988
106135,43836
106136,45323
106137,81416
106138,53434
106139,43028
106140,84789
106141,103431
106142,96577
106143,46441
106144,43892
106145,87790
106146,43962
106147,95251
106148,87473
106149,102362
106150,89486
106151,44661
106152,84780
106153,107539
106154,108317
106155,82519
106156,119177
106157,97399
106158,91338
106159,49118
106160,103363
106161,91929
106162,54103
106163,78251
106164,105981
106165,84613
106166,45191
106167,77843
106168,49322
106169,93077
106170,43583
106171,90764
106172,46375
106173,87751
106174,105381
106175,108906
106176,44629
106177,94180
106178,48586
106179,81814
106180,48381
106181,84975
106182,84027
106183,41974
106184,56364
106185,119874
106186,90667
106187,104028
106188,43556
106189,92118
106190,90027
106191,100140
106192,83980
106193,52072
106194,44808
106195,106760
106196,88346
106197,87893
106198,96381
106199,46901
106200,44866
106201,123695
106202,114435
106203,44047
106204,118102
106205,83891
106206,82480
106207,41942
106208,105827
106209,102832
106210,79173
106211,105532
106212,96159
106213,88053
106214,108483
106215,93946
106216,45264
106217,121039
106218,114093
106219,88158
106220,102757
106221,92774
106222,45454
106223,106174
106224,49176
106225,96436
106226,88150
106227,111049
106228,43763
106229,91190
106230,98906
106231,99024
106232,110037
106233,101797
106234,109547
106235,46469
106236,46867
106237,46008
106238,43396
106239,46102
106240,103585
106241,45461
106242,100074
106243,79641
106244,42378
106245,99597
106246,89597
106247,97966
106248,96658
106249,99724
106250,83560
106251,116867
106252,112860
106253,95732
106254,101634
106255,99468
106256,96575
106257,106915
106258,46002
106259,47112
106260,46113
106261,91987
106262,47190
106263,109133
106264,43220
106265,118145
106266,43718
106267,79390
106268,113324
106269,102480
106270,95728
106271,78453
106272,51639
106273,109935
106274,54854
106275,87805
106276,120997
106277,43234
106278,47383
106279,104418
106280,100835
106281,53534
106282,46888
106283,44333
106284,106546
106285,44563
106286,46199
106287,89049
106288,115768
106289,47115
106290,105490
106291,45021
106292,43190
106293,104158
106294,102092
106295,44427
106296,55745
106297,92952
106298,85734
106299,45272
106300,101622
106301,47723
106302,97737
106303,78032
106304,47517
106305,100871
106306,95075
106307,103563
106308,114833
106309,88474
106310,45618
106311,101800
106312,46644
106313,110106
106314,45453
106315,43713
106316,44746
106317,44582
106318,95270
106319,45124
106320,111905
106321,97923
106322,43660
106323,88786
106324,45008
106325,88468
106326,56431
106327,86489
106328,78778
106329,115278
106330,85208
106331,43930
106332,120216
106333,94376
106334,88162
106335,101716
106336,131062
106337,43085
106338,129654
106339,43219
106340,84065
106341,43177
106342,101673
106343,43125
106344,123004
106345,90537
106346,106022
106347,83487
106348,52353
106349,89229
106350,45279
106351,101840
106352,44161
106353,106107
106354,43431
106355,104479
106356,100896
106357,110765
106358,98337
106359,91550
106360,50098
106361,97849
106362,85345
106363,77582
106364,88625
106365,103673
106366,101598
106367,81042
106368,100717
106369,86273
106370,77818
106371,86150
106372,93301
106373,89003
106374,105249
106375,99405
106376,108520
106377,46361
106378,81440
106379,101528
106380,86883
106381,77505
106382,105457
106383,85276
106384,44833
106385,99789
106386,46678
106387,90318
106388,87898
106389,103216
106390,114120
106391,91293
106392,113556
106393,45574
106394,95831
106395,92534
106396,102506
106397,91356
106398,109719
106399,107810
106400,86926
106401,116264
106402,117888
106403,109378
106404,98623
106405,45463
106406,99825
106407,105192
106408,95605
106409,96963
106410,53455
106411,98609
106412,45995
106413,108567
106414,124268
106415,82004
106416,82600
106417,41596
106418,100602
106419,87819
106420,88246
106421,113322
106422,99108
106423,45270
106424,46770
106425,44017
106426,107061
106427,93793
106428,93026
106429,115706
106430,42761
106431,84154
106432,104787
106433,127400
106434,83009
106435,102568
106436,84204
106437,115026
106438,87345
106439,93880
106440,47949
106441,42799
106442,91366
106443,83362
106444,113592
106445,111773
106446,100160
106447,97849
106448,44480
106449,102879
106450,110079
106451,91366
106452,43731
106453,56997
106454,80662
106455,92803
106456,44780
106457,46420
106458,77505
106459,91945
106460,87181
106461,43112
106462,117558
106463,44320
106464,95579
106465,89502
106466,81473
106467,100016
106468,73918
106469,89418
106470,44657
106471,83360
106472,118646
106473,100028
106474,89657
106475,43392
106476,44483
106477,103313
106478,87917
106479,94452
106480,80810
106481,43491
106482,40985
106483,93471
106484,111528
106485,103038
106486,109706
106487,83759
106488,44739
106489,42591
106490,93052
106491,90912
106492,43933
106493,43938
106494,118192
106495,120796
106496,111134
106497,93006
106498,43558
106499,47383
106500,42242
106501,45105
106502,91778
106503,83371
106504,116402
106505,106317
106506,44030
106507,81199
106508,90377
106509,109191
106510,101141
106511,81282
106512,119044
106513,118870
106514,47561
106515,45072
106516,104929
106517,94652
106518,97801
106519,103330
106520,45068
106521,87567
106522,88088
106523,43588
106524,84654
106525,99327
106526,88194
106527,95686
106528,51740
106529,110879
106530,122708
106531,83256
106532,45301
106533,124138
106534,45739
106535,76468
106536,44399
106537,105110
106538,104974
106539,55798
106540,82241
106541,53545
106542,81520
106543,96748
106544,45187
106545,87672
106546,45617
106547,43462
106548,48207
106549,87055
106550,44624
106551,97659
106552,42071
106553,110320
106554,96006
106555,90102
106556,81640
106557,92788
106558,115484
106559,94616
106560,108079
106561,104532
106562,111597
106563,43653
106564,79131
106565,121114
106566,102058
106567,88370
106568,94301
106569,44030
106570,45054
106571,47410
106572,90534
106573,90486
106574,86296
106575,45619
106576,110391
106577,100560
106578,96180
106579,82232
106580,90355
106581,43566
106582,77650
106583,95445
106584,84078
106585,88757
106586,45671
106587,83001
106588,49854
106589,50635
106590,47345
106591,107460
106592,85500
106593,45443
106594,89486
106595,84196
106596,94280
106597,94644
106598,84120
106599,102313
106600,106089
106601,44052
106602,94063
106603,92776
106604,47322
106605,99221
106606,100825
106607,103371
106608,109269
106609,94894
106610,45130
106611,46226
106612,116696
106613,51839
106614,88792
106615,99327
106616,52379
106617,113834
106618,47586
106619,103638
106620,125275
106621,78727
106622,102901
106623,81522
106624,44163
106625,86348
106626,44333
106627,93671
106628,89040
106629,113594
106630,107783
106631,86917
106632,46621
106633,99377
106634,94581
106635,46822
106636,97534
106637,113828
106638,47358
106639,44856
106640,45468
106641,92553
106642,114718
106643,82435
106644,104040
106645,78437
106646,104446
106647,91670
106648,89022
106649,82902
106650,46420
106651,113079
106652,97021
106653,104130
106654,46019
106655,116363
106656,45158
106657,88317
106658,125520
106659,125986
106660,47886
106661,97084
106662,97419
106663,46166
106664,50787
106665,99522
106666,89197
106667,94582
106668,73871
106669,93815
106670,43956
106671,44042
106672,95344
106673,45964
106674,46138
106675,104558
106676,99425
106677,50103
106678,44133
106679,45794
106680,43154
106681,127573
106682,45858
106683,89482
106684,97642
106685,106129
106686,41910
106687,44354
106688,46293
106689,45447
106690,45544
106691,43122
106692,42266
106693,90772
106694,116609
106695,45956
106696,87621
106697,119070
106698,87694
106699,43509
106700,53935
106701,99682
106702,97477
106703,93134
106704,102389
106705,87535
106706,98691
106707,76112
106708,100269
106709,44826
106710,97780
106711,47929
106712,85153
106713,46461
106714,47142
106715,106181
106716,82539
106717,100432
106718,49979
106719,109111
106720,102001
106721,48166
106722,91274
106723,43977
106724,46771
106725,99107
106726,42732
106727,43992
106728,88048
106729,89154
106730,43814
106731,97510
106732,45781
106733,95555
106734,84081
106735,84059
106736,45428
106737,42805
106738,45976
106739,82560
106740,91247
106741,125371
106742,81416
106743,46803
106744,83278
106745,99124
106746,43067
106747,80452
106748,45084
106749,48294
106750,88194
106751,97054
106752,43928
106753,83065
106754,80925
106755,96308
106756,92749
106757,117206
106758,113154
106759,45234
106760,89405
106761,106973
106762,85507
106763,88819
106764,43731
106765,78792
106766,105078
106767,121186
106768,98005
106769,96294
106770,48988
106771,119129
106772,44720
106773,82372
106774,85334
106775,90455
106776,52663
106777,91494
106778,124154
106779,43564
106780,100554
106781,88474
106782,101205
106783,96565
106784,123290
106785,43406
106786,49555
106787,103409
106788,133536
106789,42998
106790,103475
106791,99437
106792,46355
106793,45893
106794,44478
106795,101740
106796,45765
106797,45595
106798,41934
106799,81762
106800,101562
106801,112594
106802,114042
106803,95848
106804,77133
106805,90537
106806,83724
106807,89193
106808,83487
106809,55193
106810,106804
106811,45631
106812,78199
106813,105873
106814,105135
106815,82317
106816,102350
106817,81553
106818,96553
106819,45178
106820,120831
106821,44318
106822,100761
106823,81424
106824,46487
106825,86702
106826,46464
106827,44038
106828,90795
106829,89841
106830,97325
106831,43416
106832,88237
106833,50129
106834,95448
106835,45377
106836,109668
106837,45582
106838,47767
106839,86551
106840,100014
106841,95797
106842,112296
106843,83195
106844,93684
106845,96853
106846,43675
106847,99330
106848,84546
106849,112326
106850,78894
106851,107499
106852,102275
106853,99785
106854,99747
106855,98968
106856,83520
106857,97112
106858,89330
106859,120691
106860,110196
106861,46607
106862,92391
106863,110863
106864,43552
106865,83423
106866,42799
106867,51011
106868,86829
106869,115458
106870,114558
106871,96332
106872,81343
106873,49036
106874,97804
106875,83728
106876,94040
106877,83001
106878,118876
106879,57848
106880,46490
106881,96933
106882,105692
106883,81176
106884,42334
106885,91604
106886,83423
106887,90779
106888,101791
106889,44444
106890,93434
106891,104004
106892,44389
106893,98489
106894,104225
106895,94115
106896,101806
106897,46743
106898,79841
106899,46842
106900,91848
106901,51047
106902,108725
106903,43046
106904,44583
106905,105574
106906,100474
106907,106235
106908,45998
106909,105469
106910,100892
106911,44241
106912,99173
106913,44288
106914,43898
106915,99042
106916,43778
106917,96678
106918,88053
106919,80657
106920,86747
106921,52692
106922,118221
106923,43615
106924,100672
106925,109040
106926,43831
106927,94881
106928,106270
106929,102972
106930,110344
106931,117599
106932,43817
106933,117141
106934,89879
106935,109169
106936,81015
106937,93378
106938,79321
106939,91276
106940,103305
106941,99333
106942,100359
106943,96336
106944,46401
106945,110178
106946,80542
106947,46577
106948,48952
106949,43801
106950,98869
106951,43138
106952,42835
106953,106092
106954,88280
106955,50737
106956,101475
106957,91528
106958,46052
106959,90019
106960,44984
106961,120348
106962,91609
106963,96838
106964,100618
106965,121833
106966,45513
106967,84086
106968,46616
106969,42216
106970,43276
106971,42323
106972,48982
106973,132643
106974,103084
106975,46637
106976,48152
106977,86190
106978,47766
106979,93881
106980,98641
106981,99044
106982,44864
106983,87817
106984,98005
106985,45510
106986,43866
106987,92252
106988,107063
106989,84092
106990,47376
106991,108192
106992,84133
106993,45512
106994,48503
106995,118235
106996,98800
106997,76414
106998,110015
106999,132663
107000,41622
107001,111947
107002,130827
107003,85324
107004,44457
107005,94235
107006,44485
107007,104309
107008,45159
107009,44310
107010,96228
107011,45467
107012,44220
107013,107492
107014,42478
107015,87878
107016,122121
107017,93584
107018,131054
107019,99356
107020,107232
107021,101997
107022,45841
107023,47568
107024,95670
107025,106503
107026,45173
107027,43870
107028,44242
107029,44438
107030,43208
107031,92346
107032,42407
107033,98391
107034,78653
107035,76617
107036,45468
107037,42926
107038,87680
107039,83362
107040,101268
107041,87876
107042,44872
107043,107369
107044,111683
107045,45078
107046,80264
107047,101427
107048,99754
107049,122449
107050,83825
107051,43961
107052,48938
107053,125047
107054,92994
107055,90096
107056,81261
107057,46743
107058,92720
107059,109192
107060,44932
107061,89999
107062,83531
107063,44673
107064,97421
107065,45473
107066,83731
107067,113963
107068,79453
107069,108103
107070,112574
107071,90321
107072,92212
107073,109618
107074,107814
107075,43183
107076,49023
107077,123363
107078,46664
107079,84853
107080,94713
107081,106227
107082,124974
107083,76414
107084,44960
107085,95122
107086,87213
107087,46491
107088,96664
107089,46588
107090,115069
107091,108301
107092,96453
107093,53584
107094,111018
107095,108270
107096,84273
107097,46590
107098,92257
107099,78566
107100,94335
107101,46059
107102,87925
107103,46535
107104,82635
107105,101902
107106,47668
107107,94673
107108,80104
107109,86713
107110,46618
107111,54204
107112,88132
107113,90545
107114,100561
107115,91242
107116,45061
107117,108114
107118,79491
107119,87258
107120,44455
107121,95411
107122,93455
107123,47696
107124,90979
107125,53177
107126,91637
107127,111516
107128,90937
107129,100850
107130,48233
107131,80072
107132,90879
107133,88407
107134,78060
107135,44194
107136,43172
107137,83001
107138,47319
107139,97420
107140,45832
107141,83019
107142,95142
107143,90911
107144,83371
107145,96706
107146,42101
107147,47539
107148,90534
107149,98465
107150,88972
107151,47101
107152,128924
107153,119022
107154,46855
107155,103396
107156,100335
107157,82174
107158,47639
107159,97240
107160,44616
107161,90177
107162,43812
107163,42545
107164,44374
107165,42109
107166,77925
107167,51508
107168,44184
107169,45381
107170,84105
107171,80657
107172,83147
107173,91347
107174,47769
107175,55183
107176,96039
107177,106480
107178,92732
107179,44017
107180,41296
107181,93736
107182,108018
107183,83889
107184,47000
107185,93676
107186,116149
107187,101631
107188,110022
107189,44949
107190,45261
107191,99738
107192,92812
107193,89470
107194,98433
107195,41807
107196,105417
107197,101353
107198,101887
107199,108354
107200,112386
107201,44664
107202,101900
107203,93347
107204,42266
107205,89531
107206,55233
107207,87641
107208,118454
107209,124423
107210,108378
107211,87669
107212,99417
107213,42897
107214,119292
107215,103354
107216,97437
107217,43070
107218,90975
107219,86065
107220,89976
107221,109618
107222,109718
107223,41558
107224,101342
107225,45277
107226,94673
107227,80338
107228,101677
107229,86563
107230,108066
107231,46678
107232,83075
107233,116859
107234,43799
107235,45372
107236,102450
107237,45967
107238,90659
107239,93676
107240,124054
107241,80322
107242,41265
107243,44144
107244,49152
107245,138147
107246,45713
107247,45092
107248,45211
107249,45375
107250,100251
107251,118678
107252,108637
107253,42879
107254,44535
107255,79775
107256,101275
107257,42764
107258,111067
107259,90127
107260,82965
107261,45270
107262,45384
107263,46509
107264,105172
107265,47741
107266,97080
107267,102877
107268,45585
107269,108454
107270,87791
107271,119753
107272,95530
107273,102370
107274,44536
107275,42571
107276,87236
107277,44852
107278,99779
107279,100289
107280,43851
107281,45674
107282,121906
107283,42902
107284,48463
107285,87104
107286,102337
107287,120870
107288,98513
107289,120927
107290,89151
107291,82730
107292,116102
107293,84576
107294,97333
107295,47725
107296,105836
107297,105029
107298,97338
107299,96823
107300,50368
107301,82890
107302,83988
107303,102022
107304,45309
107305,107347
107306,88174
107307,44793
107308,45474
107309,102625
107310,46835
107311,92093
107312,103609
107313,82872
107314,103817
107315,95993
107316,44138
107317,44153
107318,102761
107319,100330
107320,39400
107321,43807
107322,89694
107323,50889
107324,42985
107325,82875
107326,44268
107327,77474
107328,92698
107329,121631
107330,47065
107331,119351
107332,113169
107333,90107
107334,84521
107335,88026
107336,102328
107337,126675
107338,115424
107339,94695
107340,42685
107341,107726
107342,110022
107343,106441
107344,90486
107345,87537
107346,86529
107347,123468
107348,45220
107349,115836
107350,117777
107351,48924
107352,101075
107353,43799
107354,98709
107355,117381
107356,46526
107357,83598
107358,40265
107359,44703
107360,99443
107361,86588
107362,51787
107363,44905
107364,101029
107365,45427
107366,99754
107367,46946
107368,110069
107369,85436
107370,89598
107371,102112
107372,91845
107373,102988
107374,107817
107375,82485
107376,46069
107377,92861
107378,42438
107379,40400
107380,43269
107381,48686
107382,96088
107383,95771
107384,107832
107385,103701
107386,87241
107387,125661
107388,119391
107389,97001
107390,99978
107391,94380
107392,45608
107393,45931
107394,43087
107395,43569
107396,90887
107397,109810
107398,116059
107399,82959
107400,103373
107401,83576
107402,44280
107403,84853
107404,46143
107405,46637
107406,98640
107407,43585
107408,44096
107409,53959
107410,42799
107411,89067
107412,46073
107413,108352
107414,115765
107415,42626
107416,81906
107417,100861
107418,89794
107419,82950
107420,97840
107421,43743
107422,80662
107423,45849
107424,112035
107425,84722
107426,101632
107427,97499
107428,91346
107429,46201
107430,76279
107431,110093
107432,47958
107433,121273
107434,101889
107435,97590
107436,104349
107437,105192
107438,92289
107439,45623
107440,96668
107441,84169
107442,97931
107443,46295
107444,43836
107445,92103
107446,48780
107447,107521
107448,118672
107449,100731
107450,121169
107451,130666
107452,81182
107453,82697
107454,101068
107455,47144
107456,97934
107457,45656
107458,43196
107459,107130
107460,109234
107461,96689
107462,85118
107463,94226
107464,93618
107465,45656
107466,87783
107467,101977
107468,43389
107469,91246
107470,117230
107471,99256
107472,97400
107473,104001
107474,51834
107475,44161
107476,91395
107477,90950
107478,76865
107479,77624
107480,52174
107481,89107
107482,46716
107483,47147
107484,46694
107485,116281
107486,109131
107487,101908
107488,110772
107489,94853
107490,106475
107491,106807
107492,114343
107493,41320
107494,93684
107495,46970
107496,49028
107497,93069
107498,43805
107499,93569
107500,95888
107501,93101
107502,87652
107503,46935
107504,44759
107505,43517
107506,100948
107507,75695
107508,101594
107509,88581
107510,101550
107511,44679
107512,43486
107513,104579
107514,103221
107515,97643
107516,85805
107517,113317
107518,85148
107519,49459
107520,108817
107521,89856
107522,82447
107523,123198
107524,94673
107525,43508
107526,135371
107527,101330
107528,85867
107529,46698
107530,96622
107531,102386
107532,105903
107533,45154
107534,42918
107535,83146
107536,47201
107537,42624
107538,101430
107539,103768
107540,78903
107541,119132
107542,52523
107543,43798
107544,110838
107545,53658
107546,90889
107547,47830
107548,49393
107549,51191
107550,102852
107551,100087
107552,47064
107553,98413
107554,85247
107555,43001
107556,44903
107557,117119
107558,108812
107559,134293
107560,119577
107561,118748
107562,46319
107563,125493
107564,44278
107565,48861
107566,105362
107567,79212
107568,84696
107569,120140
107570,47275
107571,83366
107572,45921
107573,46521
107574,52852
107575,112943
107576,93752
107577,96064
107578,41934
107579,43832
107580,82916
107581,79079
107582,54297
107583,118536
107584,99515
107585,86581
107586,44764
107587,44180
107588,100945
107589,94339
107590,119595
107591,100683
107592,79476
107593,111770
107594,101785
107595,96127
107596,44865
107597,76370
107598,98533
107599,89859
107600,90054
107601,89826
107602,97097
107603,112975
107604,109149
107605,46144
107606,113282
107607,97807
107608,95504
107609,94454
107610,91950
107611,88928
107612,101410
107613,47844
107614,114793
107615,90068
107616,101876
107617,94899
107618,53324
107619,43218
107620,91356
107621,43636
107622,83754
107623,106341
107624,44208
107625,101141
107626,80939
107627,46577
107628,91086
107629,101779
107630,77118
107631,97030
107632,93347
107633,98577
107634,45264
107635,125714
107636,123625
107637,79237
107638,96036
107639,88511
107640,43735
107641,87910
107642,46463
107643,47659
107644,49651
107645,80657
107646,83249
107647,45477
107648,48137
107649,90753
107650,108052
107651,43381
107652,43635
107653,98900
107654,98033
107655,108881
107656,45542
107657,99302
107658,45678
107659,130802
107660,86546
107661,83549
107662,117485
107663,47652
107664,97808
107665,51264
107666,85875
107667,44470
107668,42463
107669,42953
107670,94610
107671,100287
107672,104176
107673,103030
107674,107138
107675,101609
107676,107311
107677,42685
107678,44590
107679,106623
107680,44641
107681,108841
107682,53334
107683,95769
107684,43556
107685,45919
107686,43556
107687,93385
107688,44517
107689,51062
107690,42658
107691,105839
107692,45401
107693,44267
107694,51190
107695,91437
107696,85476
107697,47917
107698,94853
107699,44474
107700,83724
107701,85652
107702,101677
107703,78251
107704,45652
107705,79001
107706,104903
107707,89215
107708,125937
107709,43605
107710,92562
107711,95653
107712,106103
107713,100749
107714,89907
107715,89599
107716,78621
107717,92208
107718,114111
107719,45847
107720,90544
107721,51610
107722,44416
107723,44104
107724,103530
107725,45829
107726,98058
107727,85565
107728,91379
107729,87669
107730,44666
107731,54046
107732,100115
107733,43642
107734,47173
107735,84397
107736,91952
107737,94579
107738,45125
107739,85478
107740,47784
107741,92526
107742,43537
107743,108872
107744,102799
107745,103060
107746,94364
107747,93569
107748,96208
107749,43890
107750,45511
107751,42317
107752,89424
107753,47902
107754,84372
107755,88693
107756,45236
107757,44816
107758,43116
107759,107297
107760,84212
107761,81626
107762,119070
107763,101886
107764,83631
107765,97640
107766,43582
107767,135464
107768,109454
107769,45158
107770,87080
107771,101070
107772,99478
107773,89890
107774,45899
107775,103105
107776,47076
107777,86568
107778,99224
107779,113628
107780,87063
107781,47597
107782,48643
107783,83348
107784,43210
107785,111205
107786,98777
107787,84141
107788,124802
107789,96750
107790,92239
107791,78379
107792,102270
107793,45741
107794,113113
107795,89481
107796,85032
107797,79482
107798,84799
107799,87151
107800,100614
107801,110379
107802,132238
107803,84544
107804,100262
107805,78159
107806,113277
107807,83598
107808,101544
107809,44330
107810,99004
107811,45536
107812,43550
107813,44330
107814,81725
107815,117641
107816,104319
107817,83131
107818,107137
107819,95402
107820,82144
107821,51760
107822,43005
107823,44864
107824,76084
107825,103943
107826,87644
107827,73917
107828,104644
107829,119907
107830,94955
107831,95069
107832,43653
107833,44113
107834,45112
107835,106666
107836,94453
107837,98459
107838,79194
107839,102942
107840,94558
107841,90320
107842,80818
107843,83648
107844,89798
107845,107730
107846,105034
107847,102445
107848,93362
107849,44633
107850,43023
107851,109731
107852,101205
107853,93322
107854,50916
107855,95348
107856,44984
107857,50452
107858,122113
107859,48445
107860,43018
107861,99628
107862,100840
107863,44480
107864,45053
107865,76116
107866,76795
107867,85853
107868,98217
107869,82052
107870,45136
107871,106714
107872,98574
107873,100317
107874,94966
107875,46845
107876,46459
107877,47562
107878,103165
107879,43722
107880,110713
107881,82717
107882,82222
107883,104220
107884,45443
107885,93146
107886,43430
107887,87193
107888,97588
107889,100557
107890,105711
107891,89065
107892,50581
107893,94314
107894,46433
107895,130623
107896,43891
107897,94483
107898,106865
107899,110402
107900,96073
107901,45923
107902,81264
107903,44340
107904,100708
107905,44755
107906,44134
107907,99127
107908,99147
107909,81408
107910,48377
107911,78882
107912,45949
107913,82366
107914,113843
107915,82960
107916,91721
107917,85519
107918,91500
107919,45242
107920,92497
107921,114255
107922,83092
107923,76819
107924,44974
107925,98997
107926,77326
107927,90941
107928,45569
107929,108140
107930,104333
107931,44211
107932,49439
107933,115073
107934,46184
107935,103395
107936,95338
107937,91315
107938,44086
107939,43582
107940,88507
107941,106654
107942,100280
107943,110103
107944,92984
107945,112155
107946,105702
107947,118079
107948,43899
107949,94925
107950,44336
107951,97070
107952,97684
107953,94293
107954,107349
107955,43857
107956,99313
107957,81278
107958,80683
107959,82222
107960,109688
107961,83419
107962,82177
107963,94456
107964,45261
107965,121747
107966,43535
107967,44133
107968,94935
107969,99943
107970,85088
107971,92287
107972,45130
107973,92423
107974,101451
107975,42281
107976,43610
107977,119638
107978,93669
107979,45475
107980,45998
107981,125907
107982,85026
107983,102031
107984,45642
107985,101568
107986,89084
107987,107912
107988,105759
107989,46837
107990,44996
107991,94063
107992,84327
107993,44777
107994,45961
107995,102558
107996,115302
107997,43034
107998,46405
107999,53196
108000,43381
108001,46304
108002,108051
108003,43731
108004,84693
108005,101850
108006,103694
108007,114227
108008,109368
108009,43381
108010,90490
108011,88483
108012,44542
108013,44438
108014,48611
108015,80744
108016,45538
108017,106138
108018,99491
108019,89373
108020,44123
108021,46415
108022,91859
108023,45583
108024,88019
108025,103710
108026,49225
108027,83665
108028,91019
108029,99848
108030,89020
108031,46240
108032,98830
108033,46774
108034,44002
108035,100831
108036,89373
108037,117405
108038,111531
108039,102160
108040,80366
108041,84050
108042,84070
108043,55836
108044,44607
108045,124165
108046,94062
108047,90584
108048,88810
108049,79591
108050,43020
108051,44846
108052,131834
108053,45005
108054,83576
108055,51890
108056,92536
108057,89631
108058,44668
108059,45545
108060,46005
108061,45938
108062,104390
108063,110998
108064,102065
108065,44201
108066,91545
108067,43535
108068,109944
108069,100067
108070,43567
108071,45251
108072,43097
108073,87668
108074,44619
108075,48309
108076,78060
108077,108273
108078,42689
108079,84107
108080,88219
108081,89221
108082,83249
108083,106364
108084,85900
108085,46670
108086,52274
108087,98482
108088,115851
108089,83153
108090,46636
108091,92239
108092,47590
108093,94620
108094,87399
108095,103014
108096,87879
108097,109708
108098,97963
108099,100455
108100,93504
108101,106348
108102,98577
108103,81402
108104,90618
108105,46932
108106,43798
108107,47468
108108,98693
108109,119059
108110,95398
108111,92278
108112,90082
108113,84841
108114,109104
108115,49525
108116,86981
108117,87972
108118,94104
108119,94262
108120,84070
108121,103238
108122,121469
108123,101450
108124,120839
108125,99654
108126,101604
108127,93604
108128,83612
108129,92086
108130,86417
108131,102005
108132,40467
108133,46606
108134,43354
108135,94186
108136,51045
108137,98959
108138,103997
108139,48870
108140,107099
108141,100703
108142,47262
108143,79219
108144,47345
108145,91728
108146,91504
108147,112017
108148,105491
108149,53303
108150,43220
108151,42761
108152,44349
108153,115839
108154,90222
108155,44844
108156,45988
108157,78433
108158,113601
108159,121611
108160,108342
108161,85710
108162,93375
108163,99767
108164,45244
108165,89175
108166,94373
108167,41478
108168,119342
108169,51106
108170,43994
108171,53892
108172,103483
108173,99599
108174,82169
108175,45762
108176,98508
108177,95650
108178,110369
108179,86905
108180,44554
108181,44701
108182,41778
108183,115696
108184,91419
108185,98469
108186,98584
108187,88370
108188,94519
108189,45079
108190,78803
108191,46533
108192,87708
108193,100734
108194,46398
108195,44535
108196,46047
108197,87583
108198,47249
108199,76084
108200,116107
108201,112656
108202,44863
108203,98344
108204,77422
108205,117666
108206,91488
108207,107835
108208,89931
108209,87064
108210,46851
108211,79641
108212,105927
108213,94176
108214,47383
108215,44480
108216,115839
108217,94069
108218,118464
108219,45435
108220,121905
108221,84576
108222,45656
108223,97202
108224,84468
108225,78161
108226,102036
108227,89511
108228,95080
108229,46916
108230,44886
108231,44769
108232,105012
108233,103917
108234,43798
108235,86352
108236,87274
108237,94577
108238,48770
108239,77440
108240,107371
108241,85188
108242,100563
108243,46596
108244,47087
108245,43378
108246,89170
108247,80764
108248,54103
108249,45947
108250,103619
108251,46144
108252,77937
108253,52328
108254,94705
108255,99374
108256,97595
108257,121043
108258,42997
108259,44804
108260,43912
108261,96018
108262,99860
108263,43906
108264,91945
108265,99453
108266,46903
108267,88019
108268,88749
108269,44997
108270,44456
108271,91238
108272,46460
108273,92138
108274,102201
108275,92263
108276,97189
108277,119294
108278,92293
108279,46187
108280,125905
108281,89472
108282,91806
108283,44996
108284,102289
108285,84696
108286,89400
108287,44759
108288,94050
108289,106046
108290,113155
108291,100534
108292,90182
108293,102392
108294,78294
108295,46683
108296,78656
108297,85788
108298,97218
108299,44500
108300,89030
108301,127851
108302,95970
108303,97096
108304,84816
108305,90174
108306,45130
108307,118966
108308,42727
108309,83765
108310,88937
108311,45496
108312,99335
108313,101234
108314,46465
108315,43693
108316,109624
108317,43672
108318,87864
108319,105106
108320,120764
108321,87309
108322,91379
108323,91572
108324,108556
108325,89693
108326,86837
108327,110905
108328,86706
108329,107718
108330,107937
108331,107405
108332,45982
108333,101907
108334,82773
108335,116281
108336,94599
108337,100040
108338,94027
108339,89402
108340,47687
108341,100783
108342,92009
108343,87080
108344,80824
108345,90413
108346,49497
108347,44386
108348,49717
108349,44083
108350,43461
108351,94269
108352,95855
108353,43969
108354,115530
108355,53570
108356,44899
108357,107024
108358,83654
108359,123770
108360,43274
108361,122154
108362,116429
108363,104862
108364,78269
108365,118078
108366,45799
108367,83278
108368,116657
108369,96465
108370,44761
108371,95606
108372,103573
108373,120895
108374,86837
108375,99830
108376,48500
108377,92093
108378,42514
108379,122398
108380,46968
108381,89517
108382,101552
108383,88954
108384,94374
108385,132134
108386,43501
108387,123793
108388,87399
108389,46729
108390,120756
108391,44986
108392,93649
108393,116597
108394,43938
108395,80662
108396,86670
108397,49217
108398,106517
108399,98531
108400,42795
108401,81362
108402,124928
108403,126000
108404,102948
108405,46319
108406,88709
108407,120664
108408,44666
108409,97251
108410,100599
108411,82367
108412,93444
108413,46897
108414,45819
108415,48370
108416,88577
108417,109252
108418,93649
108419,43807
108420,96422
108421,45026
108422,81472
108423,97430
108424,91165
108425,45815
108426,100807
108427,97168
108428,75669
108429,45380
108430,96275
108431,126407
108432,85364
108433,44558
108434,91881
108435,96737
108436,84744
108437,42622
108438,88474
108439,84141
108440,89736
108441,101499
108442,43625
108443,98007
108444,47373
108445,77827
108446,96663
108447,120963
108448,98863
108449,85866
108450,83778
108451,46772
108452,95506
108453,45808
108454,44236
108455,87821
108456,80972
108457,82123
108458,44588
108459,85632
108460,46193
108461,101291
108462,95329
108463,98383
108464,104677
108465,123020
108466,101386
108467,43959
108468,127833
108469,86406
108470,45949
108471,41925
108472,93427
108473,99451
108474,93298
108475,102638
108476,104624
108477,100450
108478,43552
108479,108056
108480,99854
108481,120298
108482,100311
108483,88455
108484,109470
108485,42764
108486,93990
108487,106697
108488,100761
108489,45727
108490,94713
108491,97663
108492,85801
108493,124132
108494,107487
108495,97733
108496,114372
108497,112327
108498,43110
108499,100732
108500,89455
108501,108954
108502,44201
108503,87876
108504,77647
108505,47386
108506,48546
108507,48894
108508,89462
108509,47267
108510,95089
108511,97419
108512,95668
108513,45605
108514,51749
108515,95359
108516,110756
108517,111996
108518,108627
108519,97873
108520,99365
108521,118334
108522,111976
108523,99016
108524,90045
108525,45248
108526,106561
108527,105050
108528,98997
108529,89418
108530,116550
108531,50357
108532,115020
108533,86543
108534,43779
108535,91250
108536,97480
108537,104166
108538,109934
108539,41910
108540,104572
108541,46262
108542,125275
108543,43373
108544,87066
108545,88057
108546,87042
108547,47383
108548,42805
108549,46073
108550,91392
108551,45823
108552,101536
108553,95181
108554,96707
108555,103158
108556,84862
108557,46148
108558,100287
108559,99251
108560,113120
108561,42856
108562,104097
108563,105756
108564,92399
108565,46401
108566,50727
108567,90381
108568,104396
108569,81458
108570,104032
108571,45510
108572,47267
108573,47759
108574,49682
108575,105291
108576,112190
108577,44554
108578,106864
108579,46986
108580,86033
108581,45482
108582,105708
108583,43836
108584,105546
108585,104823
108586,103208
108587,116942
108588,88087
108589,105692
108590,81900
108591,96222
108592,87688
108593,107428
108594,44133
108595,45861
108596,81331
108597,95511
108598,80820
108599,47646
108600,107596
108601,79390
108602,45121
108603,83992
108604,103547
108605,88394
108606,100172
108607,110936
108608,98082
108609,43680
108610,92816
108611,80820
108612,101234
108613,50158
108614,44301
108615,43366
108616,83385
108617,87221
108618,45421
108619,90696
108620,44048
108621,83747
108622,95484
108623,44652
108624,90882
108625,94072
108626,46143
108627,42644
108628,45406
108629,41960
108630,102573
108631,44819
108632,46486
108633,101092
108634,46282
108635,86649
108636,99850
108637,76261
108638,44886
108639,44066
108640,51133
108641,88132
108642,43742
108643,45141
108644,44492
108645,81069
108646,75719
108647,47108
108648,90250
108649,91229
108650,44534
108651,46039
108652,88246
108653,92852
108654,105545
108655,46921
108656,93066
108657,107622
108658,83295
108659,88336
108660,88539
108661,87521
108662,108999
108663,42677
108664,84085
108665,86310
108666,76946
108667,104867
108668,91179
108669,46503
108670,44954
108671,87768
108672,97358
108673,111458
108674,83956
108675,87753
108676,100264
108677,80290
108678,95943
108679,87867
108680,97098
108681,113291
108682,47593
108683,86702
108684,96658
108685,44633
108686,122071
108687,77650
108688,86909
108689,110155
108690,46570
108691,98391
108692,87880
108693,42965
108694,47767
108695,101653
108696,77422
108697,85590
108698,116337
108699,104401
108700,94722
108701,44368
108702,93815
108703,108694
108704,96309
108705,90645
108706,91508
108707,47527
108708,43894
108709,44998
108710,47179
108711,43330
108712,57699
108713,93457
108714,89854
108715,83616
108716,77178
108717,42906
108718,46886
108719,48660
108720,44317
108721,77859
108722,89647
108723,81744
108724,82123
108725,48012
108726,47614
108727,46283
108728,99842
108729,93584
108730,48252
108731,101183
108732,81865
108733,86424
108734,46187
108735,45472
108736,97246
108737,117485
108738,113222
108739,46008
108740,43758
108741,46859
108742,45260
108743,47018
108744,45919
108745,44390
108746,83480
108747,117542
108748,90126
108749,53724
108750,88210
108751,103213
108752,84053
108753,45125
108754,44826
108755,94478
108756,122679
108757,91868
108758,89959
108759,45042
108760,49542
108761,90039
108762,113905
108763,115406
108764,54097
108765,103338
108766,109010
108767,109417
108768,95701
108769,96421
108770,45308
108771,97433
108772,107083
108773,45883
108774,121225
108775,100780
108776,81948
108777,84696
108778,52139
108779,117674
108780,42987
108781,94966
108782,45870
108783,44763
108784,47091
108785,105734
108786,105029
108787,44341
108788,45530
108789,94490
108790,84802
108791,117091
108792,78075
108793,96029
108794,116878
108795,45232
108796,101403
108797,95486
108798,105110
108799,83889
108800,98899
108801,51502
108802,42239
108803,43980
108804,82362
108805,44763
108806,44632
108807,112388
108808,85247
108809,112575
108810,89717
108811,43179
108812,118898
108813,119464
108814,104069
108815,86814
108816,105887
108817,131451
108818,46310
108819,108518
108820,113830
108821,101546
108822,83699
108823,52089
108824,100891
108825,43736
108826,48055
108827,45392
108828,88315
108829,98644
108830,115045
108831,46853
108832,47817
108833,44590
108834,117025
108835,95893
108836,81524
108837,46362
108838,118138
108839,94508
108840,91300
108841,101022
108842,83036
108843,101631
108844,50690
108845,90624
108846,109770
108847,102374
108848,106830
108849,118399
108850,114764
108851,41849
108852,101004
108853,77859
108854,86128
108855,101004
108856,82912
108857,77818
108858,104186
108859,100712
108860,108926
108861,45582
108862,96234
108863,46524
108864,44301
108865,114723
108866,44897
108867,92294
108868,105864
108869,47185
108870,106354
108871,79473
108872,44532
108873,105775
108874,45463
108875,94432
108876,80369
108877,42141
108878,111496
108879,94577
108880,45042
108881,79352
108882,42961
108883,96029
108884,95285
108885,97269
108886,50831
108887,91153
108888,84666
108889,46349
108890,118012
108891,48191
108892,78389
108893,122409
108894,77118
108895,97971
108896,101730
108897,125130
108898,97887
108899,107137
108900,102966
108901,81614
108902,84732
108903,101577
108904,85888
108905,45685
108906,48547
108907,106477
108908,122805
108909,100645
108910,45137
108911,43240
108912,91364
108913,125657
108914,78389
108915,85445
108916,116467
108917,43889
108918,79949
108919,99173
108920,125856
108921,40032
108922,109344
108923,47810
108924,105337
108925,95356
108926,87251
108927,115978
108928,44416
108929,47709
108930,110602
108931,120551
108932,43064
108933,101139
108934,93211
108935,121462
108936,116165
108937,89766
108938,46532
108939,96477
108940,108139
108941,49317
108942,47383
108943,95153
108944,44110
108945,44918
108946,46822
108947,101620
108948,87876
108949,51135
108950,46570
108951,118179
108952,43219
108953,94189
108954,86006
108955,109991
108956,44824
108957,99686
108958,83882
108959,45585
108960,45049
108961,84369
108962,117795
108963,95258
108964,43524
108965,85257
108966,90635
108967,85377
108968,82817
108969,107984
108970,80537
108971,45323
108972,111435
108973,83635
108974,92364
108975,116120
108976,94000
108977,44333
108978,99126
108979,56804
108980,85477
108981,88727
108982,44914
108983,45630
108984,93572
108985,45124
108986,82309
108987,110791
108988,84022
108989,43780
108990,126397
108991,89799
108992,48174
108993,46887
108994,99714
108995,127994
108996,46044
108997,127833
108998,77456
108999,123123
109000,98551
109001,55180
109002,89698
109003,43771
109004,78783
109005,96010
109006,87200
109007,46045
109008,118570
109009,45237
109010,44518
109011,91190
109012,91464
109013,82144
109014,95016
109015,89869
109016,43156
109017,100867
109018,101249
109019,117742
109020,45405
109021,46544
109022,46963
109023,89096
109024,45555
109025,44868
109026,87988
109027,86510
109028,45917
109029,47025
109030,45869
109031,45269
109032,44181
109033,90506
109034,101830
109035,86558
109036,43893
109037,43041
109038,98856
109039,44421
109040,86872
109041,107704
109042,44904
109043,95662
109044,44857
109045,91038
109046,88302
109047,83159
109048,110472
109049,86274
109050,96288
109051,52836
109052,122222
109053,49590
109054,120190
109055,99644
109056,43711
109057,126015
109058,95283
109059,100197
109060,82912
109061,47453
109062,44958
109063,99264
109064,84844
109065,45284
109066,44419
109067,77925
109068,91618
109069,101255
109070,108239
109071,110432
109072,42720
109073,106170
109074,93357
109075,43690
109076,54093
109077,95224
109078,104183
109079,77624
109080,105655
109081,126684
109082,44393
109083,130948
109084,120343
109085,125907
109086,43159
109087,91888
109088,106562
109089,98131
109090,125361
109091,97895
109092,108455
109093,99751
109094,47501
109095,45896
109096,101499
109097,108681
109098,46305
109099,53356
109100,79482
109101,42613
109102,103743
109103,101514
109104,105396
109105,46882
109106,94570
109107,112091
109108,109520
109109,52501
109110,93375
109111,100014
109112,87567
109113,54456
109114,110172
109115,92484
109116,85477
109117,90792
109118,119949
109119,88867
109120,101337
109121,98086
109122,110396
109123,42350
109124,43089
109125,96873
109126,43164
109127,44808
109128,49634
109129,50404
109130,48142
109131,50345
109132,90488
109133,90514
109134,98762
109135,89433
109136,94108
109137,49540
109138,103363
109139,44926
109140,94713
109141,93674
109142,132636
109143,94859
109144,44031
109145,41880
109146,43595
109147,88966
109148,96681
109149,95360
109150,100138
109151,100958
109152,92458
109153,109864
109154,42749
109155,99327
109156,99540
109157,83131
109158,87929
109159,100879
109160,46092
109161,98785
109162,48685
109163,47959
109164,99264
109165,99007
109166,87628
109167,79503
109168,105203
109169,88877
109170,85485
109171,44485
109172,77762
109173,43753
109174,92263
109175,97272
109176,42989
109177,90786
109178,51856
109179,86662
109180,123021
109181,106986
109182,94440
109183,85094
109184,88041
109185,46343
109186,43190
109187,44735
109188,94623
109189,48187
109190,88953
109191,43189
109192,84959
109193,50945
109194,117982
109195,88746
109196,100254
109197,114738
109198,78281
109199,123582
109200,88735
109201,110408
109202,105856
109203,45379
109204,82340
109205,90455
109206,109131
109207,45610
109208,85667
109209,48160
109210,82730
109211,43268
109212,46117
109213,104655
109214,110722
109215,98653
109216,45044
109217,43335
109218,98957
109219,47502
109220,84944
109221,84204
109222,129826
109223,127128
109224,87582
109225,94173
109226,105117
109227,44682
109228,82600
109229,85877
109230,137407
109231,42702
109232,95047
109233,43537
109234,111353
109235,125123
109236,113001
109237,44852
109238,88155
109239,83909
109240,45976
109241,117900
109242,52268
109243,50202
109244,101057
109245,102151
109246,46784
109247,50345
109248,87636
109249,46614
109250,96833
109251,43567
109252,88575
109253,102679
109254,75298
109255,113790
109256,43583
109257,105014
109258,94617
109259,92537
109260,42528
109261,96701
109262,45786
109263,91854
109264,92807
109265,43545
109266,116876
109267,41654
109268,103530
109269,107571
109270,46109
109271,42788
109272,115896
109273,44989
109274,102487
109275,45303
109276,102270
109277,126926
109278,102319
109279,104468
109280,44564
109281,106192
109282,45173
109283,132877
109284,44574
109285,83740
109286,131330
109287,88020
109288,46675
109289,53557
109290,82157
109291,87239
109292,105401
109293,46183
109294,85458
109295,44201
109296,105234
109297,107226
109298,104246
109299,90335
109300,43125
109301,45811
109302,44807
109303,77330
109304,81631
109305,129051
109306,44413
109307,103757
109308,81483
109309,83165
109310,43027
109311,91153
109312,45034
109313,83065
109314,49023
109315,90585
109316,101527
109317,90255
109318,118967
109319,47195
109320,44641
109321,112564
109322,93258
109323,89523
109324,45945
109325,43798
109326,98599
109327,85792
109328,48341
109329,83452
109330,45051
109331,81264
109332,80766
109333,44837
109334,81597
109335,43798
109336,87988
109337,92632
109338,102496
109339,98285
109340,105481
109341,106002
109342,117760
109343,53947
109344,105705
109345,85498
109346,43946
109347,96995
109348,106218
109349,46375
109350,94586
109351,44878
109352,105454
109353,79024
109354,99026
109355,88787
109356,47142
109357,99521
109358,139279
109359,106093
109360,87204
109361,48826
109362,96550
109363,100450
109364,92059
109365,51450
109366,101168
109367,48589
109368,104185
109369,112649
109370,94859
109371,129959
109372,43296
109373,46345
109374,121878
109375,107321
109376,116300
109377,45117
109378,45443
109379,99683
109380,97122
109381,90886
109382,44905
109383,97574
109384,46262
109385,92781
109386,86104
109387,80787
109388,101333
109389,44398
109390,44438
109391,95662
109392,87836
109393,48609
109394,88596
109395,44907
109396,46973
109397,92139
109398,84307
109399,85594
109400,116683
109401,47477
109402,120171
109403,114383
109404,107327
109405,104292
109406,43043
109407,87948
109408,86018
109409,46774
109410,50919
109411,106904
109412,115669
109413,49543
109414,88113
109415,76414
109416,46042
109417,115809
109418,45822
109419,44144
109420,104212
109421,95701
109422,100519
109423,41762
109424,113990
109425,47083
109426,45890
109427,93737
109428,88128
109429,105027
109430,42893
109431,103123
109432,45307
109433,54643
109434,41836
109435,107363
109436,91824
109437,109699
109438,99174
109439,93974
109440,107201
109441,84854
109442,112414
109443,124402
109444,47999
109445,45027
109446,101656
109447,99590
109448,48050
109449,43266
109450,114548
109451,98281
109452,48764
109453,82255
109454,102966
109455,118171
109456,42292
109457,124528
109458,52814
109459,43260
109460,42419
109461,102015
109462,44958
109463,104909
109464,44039
109465,87812
109466,87006
109467,45204
109468,43952
109469,46698
109470,43576
109471,84070
109472,86672
109473,95410
109474,98284
109475,46801
109476,87816
109477,46474
109478,46148
109479,49129
109480,90455
109481,94677
109482,49441
109483,117545
109484,100398
109485,93944
109486,103224
109487,45367
109488,127385
109489,42784
109490,84769
109491,86182
109492,92264
109493,42927
109494,89332
109495,86046
109496,42808
109497,43984
109498,99791
109499,43357
109500,88693
109501,106946
109502,92454
109503,91830
109504,83724
109505,43384
109506,111044
109507,44664
109508,111909
109509,132959
109510,83724
109511,43524
109512,78185
109513,44552
109514,78453
109515,44191
109516,54560
109517,105865
109518,94318
109519,54649
109520,43135
109521,78776
109522,96232
109523,79989
109524,91605
109525,42794
109526,106353
109527,101171
109528,113906
109529,44704
109530,103547
109531,125272
109532,80905
109533,92648
109534,99729
109535,94673
109536,128831
109537,93801
109538,103082
109539,95812
109540,88575
109541,106938
109542,111879
109543,51600
109544,98143
109545,47287
109546,89011
109547,102558
109548,45959
109549,85304
109550,100058
109551,101617
109552,83984
109553,99512
109554,46146
109555,44552
109556,45745
109557,46564
109558,81900
109559,110987
109560,47433
109561,95823
109562,114209
109563,78630
109564,85429
109565,102762
109566,91990
109567,112489
109568,95819
109569,101097
109570,114793
109571,80701
109572,105322
109573,44494
109574,97372
109575,82091
109576,81362
109577,52061
109578,104672
109579,83417
109580,92992
109581,83549
109582,42922
109583,107633
109584,90827
109585,120216
109586,94310
109587,43242
109588,98761
109589,107069
109590,88536
109591,95516
109592,45116
109593,82957
109594,52510
109595,99683
109596,87871
109597,82843
109598,84580
109599,96197
109600,43692
109601,115722
109602,43803
109603,87262
109604,97568
109605,100166
109606,88303
109607,86412
109608,43891
109609,43635
109610,100363
109611,90730
109612,42893
109613,109159
109614,43251
109615,118052
109616,119627
109617,97988
109618,90156
109619,89709
109620,124122
109621,43281
109622,93621
109623,90879
109624,80020
109625,110896
109626,85262
109627,87466
109628,94673
109629,102668
109630,45207
109631,95448
109632,116299
109633,105478
109634,48212
109635,105207
109636,89651
109637,45125
109638,97798
109639,46287
109640,99324
109641,113084
109642,83623
109643,44558
109644,101382
109645,91458
109646,114554
109647,95271
109648,43964
109649,117177
109650,103063
109651,42548
109652,95318
109653,119815
109654,107331
109655,103527
109656,100166
109657,94644
109658,51705
109659,97900
109660,101800
109661,83637
109662,96034
109663,107387
109664,89834
109665,116642
109666,95825
109667,125130
109668,78574
109669,44133
109670,130983
109671,45199
109672,45762
109673,105213
109674,102669
109675,43728
109676,107063
109677,100805
109678,83101
109679,106200
109680,99022
109681,92224
109682,50233
109683,91377
109684,103744
109685,96387
109686,78032
109687,84027
109688,83474
109689,44517
109690,46669
109691,110155
109692,101956
109693,47628
109694,93275
109695,47281
109696,43545
109697,90608
109698,91596
109699,93932
109700,107182
109701,43719
109702,98826
109703,46673
109704,111978
109705,83734
109706,90578
109707,83558
109708,98808
109709,45124
109710,44590
109711,51818
109712,43176
109713,83582
109714,45676
109715,98454
109716,110094
109717,89571
109718,82730
109719,47127
109720,49030
109721,133120
109722,109028
109723,81347
109724,44909
109725,43378
109726,90922
109727,101045
109728,99980
109729,103283
109730,44932
109731,83341
109732,45415
109733,99524
109734,48869
109735,74991
109736,44020
109737,83906
109738,88559
109739,110466
109740,88006
109741,112042
109742,92536
109743,83367
109744,49862
109745,44873
109746,116510
109747,44654
109748,94675
109749,85598
109750,96336
109751,47879
109752,45665
109753,48304
109754,42781
109755,77861
109756,83418
109757,94522
109758,90067
109759,106605
109760,106043
109761,110993
109762,46360
109763,47900
109764,86484
109765,43743
109766,97088
109767,112201
109768,45342
109769,99450
109770,88435
109771,49825
109772,100507
109773,105916
109774,125045
109775,45102
109776,45374
109777,90439
109778,44674
109779,89064
109780,96641
109781,106371
109782,42959
109783,99803
109784,80423
109785,45350
109786,96321
109787,47138
109788,44821
109789,89999
109790,48303
109791,44320
109792,43862
109793,86487
109794,99683
109795,107183
109796,46512
109797,135253
109798,111158
109799,44967
109800,81331
109801,93294
109802,103309
109803,95516
109804,90552
109805,98843
109806,103453
109807,86977
109808,50811
109809,101336
109810,94590
109811,49291
109812,80205
109813,78185
109814,50906
109815,84469
109816,45428
109817,83984
109818,109469
109819,80696
109820,95609
109821,89593
109822,108846
109823,45449
109824,93940
109825,90881
109826,87535
109827,43723
109828,45817
109829,116976
109830,45171
109831,103385
109832,45507
109833,99082
109834,80073
109835,104058
109836,83116
109837,46708
109838,82346
109839,104748
109840,114612
109841,111738
109842,107291
109843,42025
109844,87088
109845,86435
109846,43796
109847,81896
109848,46470
109849,104868
109850,97435
109851,49869
109852,88400
109853,53101
109854,111935
109855,46163
109856,51360
109857,44079
109858,93620
109859,43583
109860,98099
109861,92165
109862,99506
109863,88220
109864,95294
109865,95180
109866,45015
109867,92351
109868,44764
109869,88871
109870,47227
109871,93200
109872,75719
109873,45444
109874,105581
109875,99615
109876,84761
109877,119797
109878,100568
109879,97445
109880,99013
109881,124591
109882,92742
109883,44666
109884,80705
109885,78545
109886,44764
109887,47819
109888,80103
109889,102211
109890,81458
109891,116709
109892,83437
109893,47979
109894,89828
109895,99793
109896,90846
109897,51146
109898,45881
109899,113169
109900,45822
109901,109323
109902,44337
109903,108850
109904,47845
109905,98717
109906,47727
109907,123300
109908,108475
109909,93289
109910,81896
109911,102615
109912,100967
109913,107717
109914,98752
109915,45349
109916,51419
109917,110627
109918,81902
109919,107959
109920,43238
109921,45111
109922,43603
109923,128260
109924,100162
109925,91701
109926,77227
109927,99765
109928,103141
109929,102360
109930,86040
109931,94928
109932,104498
109933,50182
109934,76819
109935,84351
109936,47417
109937,115899
109938,100206
109939,85034
109940,90591
109941,98728
109942,99688
109943,47174
109944,43190
109945,89831
109946,104005
109947,46974
109948,45091
109949,85363
109950,47289
109951,46028
109952,104841
109953,97900
109954,96312
109955,89392
109956,49359
109957,43586
109958,88697
109959,83270
109960,115760
109961,97605
109962,100739
109963,47650
109964,97849
109965,43973
109966,45173
109967,81371
109968,47152
109969,122931
109970,84766
109971,85465
109972,102831
109973,43389
109974,100648
109975,91046
109976,86942
109977,46954
109978,96338
109979,94340
109980,41056
109981,45638
109982,43611
109983,117108
109984,43389
109985,45279
109986,121553
109987,83863
109988,83795
109989,107849
109990,134017
109991,120348
109992,110683
109993,112420
109994,97898
109995,113185
109996,43558
109997,80796
109998,91031
109999,45251
110000,122383
110001,123289
110002,45165
110003,44904
110004,43110
110005,108501
110006,44959
110007,45817
110008,45653
110009,44876
110010,46135
110011,86495
110012,121998
110013,99376
110014,52068
110015,93393
110016,45782
110017,101494
110018,85397
110019,42778
110020,81676
110021,95443
110022,43682
110023,107133
110024,42873
110025,94616
110026,90915
110027,85720
110028,103847
110029,92014
110030,90375
110031,99516
110032,119572
110033,42365
110034,44427
110035,94634
110036,86573
110037,94616
110038,81917
110039,87682
110040,97559
110041,103150
110042,46230
110043,119430
110044,96894
110045,102002
110046,116917
110047,102067
110048,98059
110049,92353
110050,44956
110051,44314
110052,124571
110053,44343
110054,77133
110055,99224
110056,53911
110057,83071
110058,91998
110059,113596
110060,87137
110061,89094
110062,46118
110063,123776
110064,101837
110065,103017
110066,91265
110067,45976
110068,123793
110069,43801
110070,117468
110071,76279
110072,46441
110073,46493
110074,89732
110075,104031
110076,43697
110077,51824
110078,43107
110079,44777
110080,43396
110081,85087
110082,47414
110083,92837
110084,43707
110085,90005
110086,94673
110087,109426
110088,95670
110089,43832
110090,124703
110091,48207
110092,43627
110093,82257
110094,99405
110095,75476
110096,48953
110097,44745
110098,99401
110099,50038
110100,121170
110101,118102
110102,44857
110103,78806
110104,47360
110105,113108
110106,90728
110107,91810
110108,97920
110109,49518
110110,109742
110111,79969
110112,119975
110113,86712
110114,89403
110115,98349
110116,94577
110117,45443
110118,43564
110119,102393
110120,96793
110121,98297
110122,47478
110123,45178
110124,102030
110125,44407
110126,106603
110127,44653
110128,86342
110129,120718
110130,123352
110131,91265
110132,91065
110133,49515
110134,43837
110135,102017
110136,94713
110137,105148
110138,99593
110139,95109
110140,84294
110141,90491
110142,112299
110143,43509
110144,81477
110145,96260
110146,96113
110147,101563
110148,95918
110149,43348
110150,106707
110151,122535
110152,113202
110153,98740
110154,92415
110155,46276
110156,98797
110157,89120
110158,90741
110159,48263
110160,97605
110161,99261
110162,42239
110163,44923
110164,103011
110165,95156
110166,45791
110167,98195
110168,47722
110169,94788
110170,47818
110171,99971
110172,44753
110173,98294
110174,44986
110175,46565
110176,86638
110177,48062
110178,114452
110179,46013
110180,91200
110181,80319
110182,90436
110183,109998
110184,77925
110185,44129
110186,90729
110187,44086
110188,45677
110189,43014
110190,47109
110191,88729
110192,113474
110193,120472
110194,45477
110195,46624
110196,78351
110197,105050
110198,98620
110199,78161
110200,129489
110201,100043
110202,98107
110203,81584
110204,89498
110205,92952
110206,84876
110207,125279
110208,44284
110209,104760
110210,102500
110211,47295
110212,107417
110213,93114
110214,80906
110215,46325
110216,43227
110217,103997
110218,44244
110219,103409
110220,97450
110221,85463
110222,97879
110223,45277
110224,83598
110225,97718
110226,51987
110227,98892
110228,47041
110229,105751
110230,98170
110231,101731
110232,87162
110233,44905
110234,113577
110235,49326
110236,95772
110237,45352
110238,101531
110239,111243
110240,42517
110241,92958
110242,96371
110243,91142
110244,116926
110245,105039
110246,57121
110247,113328
110248,45920
110249,109830
110250,80766
110251,94750
110252,95120
110253,105568
110254,81708
110255,96452
110256,53124
110257,87481
110258,94371
110259,45112
110260,52156
110261,46964
110262,109594
110263,93469
110264,54739
110265,89054
110266,117923
110267,103801
110268,109399
110269,44961
110270,52832
110271,95385
110272,113916
110273,124825
110274,46687
110275,43927
110276,112770
110277,88346
110278,117721
110279,42846
110280,101468
110281,47696
110282,90622
110283,107355
110284,88622
110285,46505
110286,96912
110287,108615
110288,87573
110289,83576
110290,84002
110291,108218
110292,45620
110293,46500
110294,103293
110295,44265
110296,43600
110297,100024
110298,45912
110299,109711
110300,44043
110301,99971
110302,113790
110303,44380
110304,106240
110305,94155
110306,44469
110307,103105
110308,83206
110309,112255
110310,91409
110311,89863
110312,103804
110313,94054
110314,74454
110315,45125
110316,90956
110317,104297
110318,44663
110319,87768
110320,116597
110321,43954
110322,110238
110323,97821
110324,75669
110325,50779
110326,118298
110327,102812
110328,46268
110329,96675
110330,45886
110331,42938
110332,94033
110333,47754
110334,97450
110335,83549
110336,96280
110337,93943
110338,90333
110339,98795
110340,45427
110341,77914
110342,47618
110343,101266
110344,104395
110345,87992
110346,44740
110347,44512
110348,121468
110349,51020
110350,104793
110351,92924
110352,45789
110353,114312
110354,97467
110355,85411
110356,44979
110357,44673
110358,46761
110359,44779
110360,43682
110361,47656
110362,84196
110363,81479
110364,87186
110365,99963
110366,123764
110367,115721
110368,99210
110369,105675
110370,87892
110371,43537
110372,96824
110373,94508
110374,101336
110375,90878
110376,46227
110377,46730
110378,45835
110379,119290
110380,46234
110381,98342
110382,54283
110383,81503
110384,84661
110385,45822
110386,48117
110387,83033
110388,46150
110389,51185
110390,47124
110391,124142
110392,98048
110393,86402
110394,45618
110395,44943
110396,103362
110397,44656
110398,122312
110399,84794
110400,44333
110401,45623
110402,90909
110403,110262
110404,80050
110405,97724
110406,43712
110407,44051
110408,84154
110409,94586
110410,100542
110411,101490
110412,105297
110413,129532
110414,46171
110415,45713
110416,44331
110417,45055
110418,106757
110419,94527
110420,99156
110421,90474
110422,45161
110423,91799
110424,46688
110425,101219
110426,108061
110427,43085
110428,93533
110429,57692
110430,43190
110431,93103
110432,48713
110433,86724
110434,83988
110435,43323
110436,85691
110437,49574
110438,109275
110439,44401
110440,45618
110441,102834
110442,109944
110443,90927
110444,43125
110445,43912
110446,87874
110447,111615
110448,87877
110449,44444
110450,101713
110451,83105
110452,88497
110453,93767
110454,101969
110455,109701
110456,99665
110457,52019
110458,93243
110459,88073
110460,88951
110461,44726
110462,88868
110463,95326
110464,92198
110465,45938
110466,98892
110467,95433
110468,79390
110469,90388
110470,90442
110471,52400
110472,95370
110473,45742
110474,105804
110475,103113
110476,95038
110477,104801
110478,88046
110479,42761
110480,45898
110481,82705
110482,106323
110483,117429
110484,43583
110485,105535
110486,95208
110487,89243
110488,44144
110489,46535
110490,78389
110491,111723
110492,45384
110493,43831
110494,81704
110495,46836
110496,99495
110497,102602
110498,42584
110499,97022
110500,48312
110501,46231
110502,91488
110503,88284
110504,90175
110505,89008
110506,98585
110507,41671
110508,101641
110509,102349
110510,88030
110511,45896
110512,43030
110513,91313
110514,94791
110515,85773
110516,111450
110517,41925
110518,89578
110519,94029
110520,111953
110521,90441
110522,105609
110523,41511
110524,45932
110525,94510
110526,44035
110527,84668
110528,78001
110529,109029
110530,47383
110531,47844
110532,117257
110533,90965
110534,99590
110535,73625
110536,97516
110537,46421
110538,80236
110539,45139
110540,44288
110541,47862
110542,45559
110543,98998
110544,43551
110545,83909
110546,94578
110547,42561
110548,111576
110549,117625
110550,111093
110551,97917
110552,114478
110553,47191
110554,87749
110555,90045
110556,45463
110557,77571
110558,43777
110559,46716
110560,44911
110561,92236
110562,92814
110563,83417
110564,44082
110565,101915
110566,43374
110567,93429
110568,108570
110569,79098
110570,89750
110571,83366
110572,88774
110573,98248
110574,45569
110575,99370
110576,46366
110577,101746
110578,99470
110579,43694
110580,115589
110581,106891
110582,98575
110583,44025
110584,101205
110585,44836
110586,44393
110587,46437
110588,86348
110589,91828
110590,45006
110591,46384
110592,46251
110593,48365
110594,104133
110595,103658
110596,82485
110597,49813
110598,99943
110599,138625
110600,92188
110601,44604
110602,45740
110603,109665
110604,41620
110605,45461
110606,83116
110607,93893
110608,126789
110609,87129
110610,83984
110611,44944
110612,86207
110613,91419
110614,106450
110615,86499
110616,127595
110617,100807
110618,95706
110619,94884
110620,81560
110621,107336
110622,93918
110623,44989
110624,123776
110625,45177
110626,91557
110627,45020
110628,87820
110629,94122
110630,101920
110631,93922
110632,77827
110633,103500
110634,49059
110635,45349
110636,94739
110637,94201
110638,79274
110639,84964
110640,92500
110641,44599
110642,94865
110643,46666
110644,98662
110645,43611
110646,106555
110647,44228
110648,126461
110649,52017
110650,49099
110651,100363
110652,88977
110653,83740
110654,89540
110655,85867
110656,45513
110657,47722
110658,99268
110659,44740
110660,46258
110661,47268
110662,46211
110663,43610
110664,112909
110665,46114
110666,107715
110667,91663
110668,45908
110669,75070
110670,104299
110671,102482
110672,95269
110673,41764
110674,103945
110675,83360
110676,54554
110677,85131
110678,84560
110679,83472
110680,103831
110681,80376
110682,102710
110683,118893
110684,45360
110685,117271
110686,88280
110687,110159
110688,110034
110689,88030
110690,104387
110691,95214
110692,45539
110693,88409
110694,88991
110695,88441
110696,42793
110697,104216
110698,49489
110699,119090
110700,89974
110701,85425
110702,44198
110703,46193
110704,78622
110705,99013
110706,44997
110707,79340
110708,112979
110709,93215
110710,84619
110711,81850
110712,113691
110713,99560
110714,80937
110715,87138
110716,102572
110717,110372
110718,46987
110719,94184
110720,43478
110721,93735
110722,105134
110723,102787
110724,43210
110725,94695
110726,114611
110727,41382
110728,95804
110729,95518
110730,46925
110731,104482
110732,118097
110733,93004
110734,98967
110735,93346
110736,44877
110737,99742
110738,100125
110739,43087
110740,104085
110741,101098
110742,114220
110743,100333
110744,87677
110745,100084
110746,44768
110747,47498
110748,44272
110749,45811
110750,94614
110751,95820
110752,96215
110753,46836
110754,42766
110755,83446
110756,44452
110757,116683
110758,44293
110759,95191
110760,87923
110761,100849
110762,118314
110763,47373
110764,45092
110765,92413
110766,89400
110767,109181
110768,107239
110769,46953
110770,109895
110771,112864
110772,45124
110773,90807
110774,101259
110775,118629
110776,93976
110777,105348
110778,47293
110779,93286
110780,83680
110781,83256
110782,79146
110783,101746
110784,90549
110785,81235
110786,45005
110787,41352
110788,43672
110789,95542
110790,89271
110791,45342
110792,90373
110793,99789
110794,81998
110795,44833
110796,93310
110797,48086
110798,46370
110799,42017
110800,96200
110801,46818
110802,46811
110803,101003
110804,107974
110805,115073
110806,80924
110807,88332
110808,80820
110809,105543
110810,126639
110811,90281
110812,84212
110813,93855
110814,87450
110815,124423
110816,100923
110817,97445
110818,93950
110819,47087
110820,103798
110821,101068
110822,116654
110823,80820
110824,92380
110825,86804
110826,88535
110827,84592
110828,97021
110829,89526
110830,46979
110831,83295
110832,43140
110833,88212
110834,115483
110835,83131
110836,41868
110837,120134
110838,50621
110839,96501
110840,80491
110841,121702
110842,84349
110843,102500
110844,44888
110845,49203
110846,87988
110847,94884
110848,98113
110849,91529
110850,88656
110851,94204
110852,86906
110853,87274
110854,100791
110855,100273
110856,87058
110857,43656
110858,47060
110859,85440
110860,120472
110861,90217
110862,97360
110863,49027
110864,102394
110865,132091
110866,78058
110867,88357
110868,45411
110869,96650
110870,42533
110871,46098
110872,97217
110873,104543
110874,45750
110875,87251
110876,94815
110877,51033
110878,98997
110879,51535
110880,85837
110881,45373
110882,100554
110883,43657
110884,47523
110885,42211
110886,123191
110887,84886
110888,87189
110889,98301
110890,105532
110891,96737
110892,91862
110893,83016
110894,39968
110895,43342
110896,101052
110897,136569
110898,44546
110899,83863
110900,117184
110901,82505
110902,42764
110903,45364
110904,88267
110905,77985
110906,99940
110907,44620
110908,83748
110909,46677
110910,87892
110911,79699
110912,85878
110913,117758
110914,112411
110915,44409
110916,97069
110917,93429
110918,43792
110919,48347
110920,44895
110921,102034
110922,111324
110923,110630
110924,94073
110925,45341
110926,103536
110927,44251
110928,44129
110929,112091
110930,45687
110931,46607
110932,90352
110933,92649
110934,101954
110935,100083
110936,46325
110937,118081
110938,88501
110939,123935
110940,108814
110941,95686
110942,45775
110943,48361
110944,44172
110945,106968
110946,50880
110947,85183
110948,94801
110949,45139
110950,100601
110951,78269
110952,100601
110953,86992
110954,46587
110955,93794
110956,86379
110957,96305
110958,52188
110959,91893
110960,43452
110961,44928
110962,77413
110963,80465
110964,84022
110965,45861
110966,48919
110967,104797
110968,52725
110969,87833
110970,83316
110971,43908
110972,81458
110973,45652
110974,102473
110975,84178
110976,100971
110977,45408
110978,87067
110979,82643
110980,93818
110981,48004
110982,91384
110983,103163
110984,96302
110985,90719
110986,93930
110987,123800
110988,93674
110989,45678
110990,116102
110991,99995
110992,77474
110993,125836
110994,79952
110995,77569
110996,77831
110997,47284
110998,104903
110999,78881
111000,51774
111001,98936
111002,82232
111003,101259
111004,47397
111005,105475
111006,87582
111007,49890
111008,41118
111009,81125
111010,96937
111011,43728
111012,43849
111013,96081
111014,85478
111015,79322
111016,93990
111017,89921
111018,88731
111019,126314
111020,90547
111021,43805
111022,45659
111023,44530
111024,106929
111025,45026
111026,115147
111027,47697
111028,97323
111029,79641
111030,92607
111031,44381
111032,97140
111033,84954
111034,46897
111035,100130
111036,45705
111037,45304
111038,85801
111039,91858
111040,45447
111041,97035
111042,46781
111043,102058
111044,90743
111045,107949
111046,99184
111047,46732
111048,87175
111049,45621
111050,101711
111051,81248
111052,83549
111053,109798
111054,77619
111055,43608
111056,91247
111057,105952
111058,99963
111059,104786
111060,115667
111061,82620
111062,120499
111063,43110
111064,43354
111065,114999
111066,44393
111067,110603
111068,118539
111069,43231
111070,44388
111071,84082
111072,127121
111073,46495
111074,44590
111075,97773
111076,110899
111077,94920
111078,78161
111079,118786
111080,124035
111081,44154
111082,92906
111083,123978
111084,55584
111085,52831
111086,43284
111087,96834
111088,88983
111089,83792
111090,44799
111091,44084
111092,106907
111093,83782
111094,118217
111095,90320
111096,96237
111097,100771
111098,83327
111099,82362
111100,105583
111101,45269
111102,85781
111103,93357
111104,97126
111105,45895
111106,97331
111107,86418
111108,103749
111109,46038
111110,88371
111111,43034
111112,90068
111113,87055
111114,108194
111115,51649
111116,99143
111117,102521
111118,48807
111119,114600
111120,94637
111121,46486
111122,113181
111123,46234
111124,46189
111125,86251
111126,46010
111127,83506
111128,103716
111129,109826
111130,45424
111131,45626
111132,44703
111133,99354
111134,83260
111135,93829
111136,56115
111137,86829
111138,46970
111139,41896
111140,44284
111141,104204
111142,94490
111143,42764
111144,73871
111145,86902
111146,99505
111147,80152
111148,120383
111149,87419
111150,42628
111151,49621
111152,108362
111153,94426
111154,43000
111155,100138
111156,43041
111157,104787
111158,89068
111159,46646
111160,45000
111161,92018
111162,47579
111163,82282
111164,45743
111165,79956
111166,42921
111167,87296
111168,46357
111169,82282
111170,98317
111171,96635
111172,45109
111173,95662
111174,93739
111175,99896
111176,122275
111177,97755
111178,106275
111179,97340
111180,105492
111181,41123
111182,110349
111183,110700
111184,116952
111185,100825
111186,46799
111187,105528
111188,85929
111189,44149
111190,100949
111191,90119
111192,99696
111193,103880
111194,46563
111195,113575
111196,83295
111197,45624
111198,46606
111199,103851
111200,99246
111201,91198
111202,89947
111203,125845
111204,42856
111205,88720
111206,109116
111207,44625
111208,90635
111209,88691
111210,114249
111211,95445
111212,43037
111213,99085
111214,98503
111215,82739
111216,94827
111217,110288
111218,45963
111219,44597
111220,101368
111221,98732
111222,111563
111223,47861
111224,52164
111225,104542
111226,114739
111227,109407
111228,46715
111229,83617
111230,117854
111231,44067
111232,97329
111233,105291
111234,98193
111235,45940
111236,113614
111237,46257
111238,84074
111239,126989
111240,46280
111241,96788
111242,97043
111243,48181
111244,47151
111245,46576
111246,51964
111247,88649
111248,95755
111249,44625
111250,45159
111251,79131
111252,43255
111253,107473
111254,45583
111255,44666
111256,84252
111257,80657
111258,102657
111259,45407
111260,83549
111261,99346
111262,86874
111263,48604
111264,122794
111265,84319
111266,88589
111267,93874
111268,120045
111269,102619
111270,81520
111271,80657
111272,84201
111273,79691
111274,45893
111275,98683
111276,110126
111277,100268
111278,84342
111279,87307
111280,94287
111281,81612
111282,53873
111283,91933
111284,99256
111285,94865
111286,45432
111287,95798
111288,111554
111289,46337
111290,100116
111291,112549
111292,119116
111293,42907
111294,122936
111295,101127
111296,86087
111297,79321
111298,101364
111299,43711
111300,48035
111301,104260
111302,97749
111303,47154
111304,81221
111305,104559
111306,84753
111307,100079
111308,120718
111309,45309
111310,98381
111311,106151
111312,105444
111313,85133
111314,93366
111315,90429
111316,100395
111317,47272
111318,87621
111319,83582
111320,133509
111321,45336
111322,50766
111323,89486
111324,46754
111325,106008
111326,124138
111327,108881
111328,87768
111329,46518
111330,45340
111331,78775
111332,84058
111333,95612
111334,97454
111335,81503
111336,95119
111337,106031
111338,45890
111339,119500
111340,95101
111341,96006
111342,46350
111343,47714
111344,106792
111345,105072
111346,94022
111347,46624
111348,106428
111349,93376
111350,109131
111351,48915
111352,44246
111353,85535
111354,81537
111355,93659
111356,104568
111357,100015
111358,43028
111359,44438
111360,100052
111361,76916
111362,116450
111363,98640
111364,90248
111365,83392
111366,92117
111367,45542
111368,98471
111369,90245
111370,100621
111371,43106
111372,95782
111373,92179
111374,90872
111375,44672
111376,90975
111377,80651
111378,85842
111379,89193
111380,45878
111381,90705
111382,108186
111383,113732
111384,96578
111385,92558
111386,88026
111387,83909
111388,99143
111389,54575
111390,86088
111391,44819
111392,97080
111393,78918
111394,95625
111395,101075
111396,95943
111397,100417
111398,102620
111399,86811
111400,46044
111401,45028
111402,92624
111403,78286
111404,43708
111405,101653
111406,91703
111407,107398
111408,89651
111409,114738
111410,88493
111411,114581
111412,105228
111413,90555
111414,78621
111415,45144
111416,96211
111417,128489
111418,88086
111419,90303
111420,47605
111421,83489
111422,78818
111423,101664
111424,84805
111425,122843
111426,117063
111427,86586
111428,98780
111429,91915
111430,44434
111431,94526
111432,118425
111433,91821
111434,90744
111435,81487
111436,40837
111437,102619
111438,81804
111439,89269
111440,94908
111441,85444
111442,85339
111443,47425
111444,43024
111445,48402
111446,99098
111447,46514
111448,99347
111449,88295
111450,42066
111451,43723
111452,43636
111453,46931
111454,78251
111455,91723
111456,99254
111457,90350
111458,96470
111459,88617
111460,45039
111461,99856
111462,122113
111463,107802
111464,93372
111465,87997
111466,52827
111467,97597
111468,113394
111469,45112
111470,46266
111471,90458
111472,45161
111473,45684
111474,106593
111475,49447
111476,43005
111477,50443
111478,45283
111479,94201
111480,83971
111481,77620
111482,44224
111483,43145
111484,93655
111485,106814
111486,97918
111487,115587
111488,77985
111489,102379
111490,103319
111491,92704
111492,94199
111493,44567
111494,46863
111495,108477
111496,89470
111497,95868
111498,44992
111499,82768
111500,99331
111501,43622
111502,83480
111503,43777
111504,45534
111505,91511
111506,106631
111507,95775
111508,45903
111509,74323
111510,104748
111511,101850
111512,125641
111513,119345
111514,52837
111515,122830
111516,92208
111517,88493
111518,53394
111519,86233
111520,105648
111521,120030
111522,86282
111523,80744
111524,97534
111525,46887
111526,45180
111527,98360
111528,44521
111529,122140
111530,85633
111531,44558
111532,42931
111533,102873
111534,43899
111535,44937
111536,45603
111537,86254
111538,45634
111539,82886
111540,106887
111541,50897
111542,95878
111543,44244
111544,43378
111545,85938
111546,114739
111547,76370
111548,78668
111549,96856
111550,103216
111551,93059
111552,102761
111553,91861
111554,55017
111555,89094
111556,93530
111557,92204
111558,102494
111559,89490
111560,94540
111561,88243
111562,104121
111563,127744
111564,44455
111565,101924
111566,93923
111567,86494
111568,76426
111569,83692
111570,98227
111571,118339
111572,51204
111573,43856
111574,127805
111575,103639
111576,46604
111577,90846
111578,43296
111579,123417
111580,84196
111581,42323
111582,46169
111583,115629
111584,114826
111585,99833
111586,93865
111587,114535
111588,85062
111589,100376
111590,117052
111591,43075
111592,92364
111593,43564
111594,100134
111595,84050
111596,97472
111597,49121
111598,90772
111599,42231
111600,49650
111601,78351
111602,85801
111603,88633
111604,91909
111605,106875
111606,50862
111607,41964
111608,89838
111609,86767
111610,110281
111611,94368
111612,96497
111613,43911
111614,45678
111615,45415
111616,43248
111617,83652
111618,91282
111619,46326
111620,106622
111621,86602
111622,105291
111623,96952
111624,103293
111625,98307
111626,91075
111627,47497
111628,43645
111629,54775
111630,83603
111631,132121
111632,106558
111633,48571
111634,97555
111635,125440
111636,94577
111637,42772
111638,111597
111639,106223
111640,98357
111641,83195
111642,43319
111643,101460
111644,95772
111645,89820
111646,45217
111647,53133
111648,86745
111649,46267
111650,101068
111651,43714
111652,100241
111653,83802
111654,49853
111655,45919
111656,112630
111657,117105
111658,84998
111659,124562
111660,82283
111661,108812
111662,50648
111663,88060
111664,99287
111665,106878
111666,100828
111667,96005
111668,51979
111669,97472
111670,105004
111671,44806
111672,104764
111673,92900
111674,103713
111675,46206
111676,86317
111677,86361
111678,43836
111679,81029
111680,44535
111681,44474
111682,47845
111683,89356
111684,88967
111685,100890
111686,48223
111687,44333
111688,83256
111689,50456
111690,44528
111691,85339
111692,129193
111693,91882
111694,94713
111695,44114
111696,92369
111697,83195
111698,116441
111699,99549
111700,81235
111701,42662
111702,52411
111703,46142
111704,99352
111705,100148
111706,96325
111707,44141
111708,45010
111709,46511
111710,44303
111711,93400
111712,89153
111713,54830
111714,44590
111715,122967
111716,103014
111717,116498
111718,44601
111719,89739
111720,96926
111721,84180
111722,82158
111723,50952
111724,100731
111725,44667
111726,83909
111727,98716
111728,117558
111729,99899
111730,82730
111731,42883
111732,90960
111733,43844
111734,85750
111735,46677
111736,43499
111737,124721
111738,84564
111739,118819
111740,45871
111741,92530
111742,99347
111743,95484
111744,119354
111745,42584
111746,115871
111747,121527
111748,83728
111749,46190
111750,44481
111751,85582
111752,110675
111753,99164
111754,108061
111755,94683
111756,111711
111757,103122
111758,118264
111759,91985
111760,101762
111761,92855
111762,51484
111763,83765
111764,43702
111765,43733
111766,83437
111767,46492
111768,44186
111769,42694
111770,94625
111771,104260
111772,90271
111773,96111
111774,117248
111775,48342
111776,82203
111777,100943
111778,91484
111779,114581
111780,43058
111781,121391
111782,102981
111783,114477
111784,45173
111785,41494
111786,103105
111787,42259
111788,87988
111789,54273
111790,102236
111791,45895
111792,110924
111793,101142
111794,44917
111795,43496
111796,80900
111797,125267
111798,84937
111799,44988
111800,46470
111801,45505
111802,45633
111803,98231
111804,85678
111805,87303
111806,101841
111807,85648
111808,44673
111809,100554
111810,119758
111811,45848
111812,111306
111813,44131
111814,82320
111815,105093
111816,47726
111817,44347
111818,77995
111819,45771
111820,93217
111821,45754
111822,88492
111823,104407
111824,94898
111825,130138
111826,112362
111827,46580
111828,87736
111829,48633
111830,89059
111831,111079
111832,106063
111833,45122
111834,50465
111835,89073
111836,80810
111837,96567
111838,47542
111839,121718
111840,85641
111841,96358
111842,101698
111843,78453
111844,45165
111845,46594
111846,44479
111847,90575
111848,46340
111849,44716
111850,118668
111851,45244
111852,46920
111853,89349
111854,87328
111855,123153
111856,93766
111857,45926
111858,110155
111859,100190
111860,44911
111861,44331
111862,110434
111863,49783
111864,108564
111865,88194
111866,81393
111867,91148
111868,87337
111869,99044
111870,101192
111871,118464
111872,46844
111873,45432
111874,45009
111875,49789
111876,93643
111877,53437
111878,117680
111879,52795
111880,81814
111881,46797
111882,90584
111883,85038
111884,46632
111885,96291
111886,43606
111887,44494
111888,96050
111889,105681
111890,81956
111891,46069
111892,48341
111893,110630
111894,88875
111895,87196
111896,44297
111897,46401
111898,120177
111899,52143
111900,45047
111901,113870
111902,46285
111903,99722
111904,86920
111905,87754
111906,113516
111907,96996
111908,94692
111909,83553
111910,85141
111911,42933
111912,84086
111913,86781
111914,46645
111915,123443
111916,87006
111917,91550
111918,110923
111919,80810
111920,94806
111921,44430
111922,98945
111923,47519
111924,107068
111925,112289
111926,107635
111927,89432
111928,102132
111929,88038
111930,45618
111931,79626
111932,78192
111933,77391
111934,83341
111935,85029
111936,47865
111937,39558
111938,44359
111939,45715
111940,87142
111941,45783
111942,107451
111943,47060
111944,100765
111945,101337
111946,78783
111947,43517
111948,93467
111949,96486
111950,115060
111951,47302
111952,42230
111953,98761
111954,105361
111955,113772
111956,99478
111957,121963
111958,82347
111959,47440
111960,99331
111961,118913
111962,104136
111963,102030
111964,44517
111965,105914
111966,104544
111967,91597
111968,78060
111969,43803
111970,119638
111971,89613
111972,96373
111973,119515
111974,84556
111975,44928
111976,44882
111977,45423
111978,47517
111979,80186
111980,94282
111981,89495
111982,47055
111983,100028
111984,44347
111985,100155
111986,91685
111987,90554
111988,87039
111989,101068
111990,88675
111991,45057
111992,95715
111993,44595
111994,86990
111995,93943
111996,44803
111997,109225
111998,88579
111999,102380
112000,109249
112001,86578
112002,44898
112003,111136
112004,45743
112005,45037
112006,43107
112007,93518
112008,88599
112009,45354
112010,81182
112011,104097
112012,44748
112013,126970
112014,117410
112015,113001
112016,43172
112017,99527
112018,44925
112019,106865
112020,107837
112021,47532
112022,94522
112023,110450
112024,85122
112025,113655
112026,88765
112027,92407
112028,46189
112029,96749
112030,42953
112031,42915
112032,119188
112033,99401
112034,103091
112035,128167
112036,124543
112037,93819
112038,118441
112039,83341
112040,44627
112041,46769
112042,94365
112043,92906
112044,109875
112045,50521
112046,104484
112047,116902
112048,43311
112049,44898
112050,41743
112051,98714
112052,118381
112053,88535
112054,47816
112055,44332
112056,45687
112057,46643
112058,100452
112059,100926
112060,111543
112061,97841
112062,45806
112063,92101
112064,45994
112065,114884
112066,83695
112067,88759
112068,115236
112069,42340
112070,45428
112071,120514
112072,89660
112073,100879
112074,105017
112075,46037
112076,99001
112077,43697
112078,44235
112079,44771
112080,101769
112081,46433
112082,43679
112083,90644
112084,44532
112085,105546
112086,104185
112087,106648
112088,44117
112089,97396
112090,103494
112091,47549
112092,87278
112093,117816
112094,102983
112095,45080
112096,43210
112097,92985
112098,46789
112099,79828
112100,47512
112101,48036
112102,110634
112103,103581
112104,43453
112105,45026
112106,78199
112107,48428
112108,44207
112109,44824
112110,121225
112111,103011
112112,124712
112113,93104
112114,97192
112115,114916
112116,91634
112117,99688
112118,45870
112119,45409
112120,45619
112121,83724
112122,86361
112123,111071
112124,119108
112125,83912
112126,45153
112127,83970
112128,119392
112129,112360
112130,50547
112131,92733
112132,100183
112133,114846
112134,105218
112135,47233
112136,86754
112137,81574
112138,103638
112139,97319
112140,88026
112141,46566
112142,101806
112143,119315
112144,96901
112145,46446
112146,44902
112147,44806
112148,102044
112149,98795
112150,50233
112151,96069
112152,96398
112153,81362
112154,95677
112155,97170
112156,81388
112157,116483
112158,42521
112159,57237
112160,101918
112161,44561
112162,100473
112163,100086
112164,52242
112165,47482
112166,52133
112167,103989
112168,102917
112169,121155
112170,126323
112171,85051
112172,100354
112173,102537
112174,101432
112175,110121
112176,108588
112177,95377
112178,42517
112179,43644
112180,94774
112181,121578
112182,99144
112183,48426
112184,104049
112185,45130
112186,107703
112187,80032
112188,46862
112189,110591
112190,97096
112191,102792
112192,85806
112193,84696
112194,45734
112195,104723
112196,112474
112197,50053
112198,99968
112199,123779
112200,86436
112201,96463
112202,114601
112203,102976
112204,112910
112205,105528
112206,108823
112207,44311
112208,117804
112209,77422
112210,106098
112211,75936
112212,94241
112213,89578
112214,54599
112215,94888
112216,96815
112217,48139
112218,44251
112219,45339
112220,90848
112221,55239
112222,117048
112223,95092
112224,96864
112225,53026
112226,45998
112227,113023
112228,112390
112229,101892
112230,44602
112231,98810
112232,50010
112233,104201
112234,90711
112235,72001
112236,93322
112237,111672
112238,104443
112239,93032
112240,94584
112241,91344
112242,113786
112243,95516
112244,46943
112245,118685
112246,47126
112247,90164
112248,96268
112249,102028
112250,116905
112251,43549
112252,51550
112253,44053
112254,47639
112255,106034
112256,45093
112257,45018
112258,43156
112259,84086
112260,99928
112261,92727
112262,102200
112263,112206
112264,44305
112265,46815
112266,79554
112267,95617
112268,97244
112269,48506
112270,81262
112271,89766
112272,103568
112273,94194
112274,83795
112275,43528
112276,78523
112277,83981
112278,110696
112279,46386
112280,90310
112281,107566
112282,46807
112283,90694
112284,119383
112285,41186
112286,42941
112287,100355
112288,83362
112289,108052
112290,103102
112291,107522
112292,118689
112293,90636
112294,104394
112295,50926
112296,89166
112297,102115
112298,81471
112299,44497
112300,45386
112301,105145
112302,87919
112303,84645
112304,86734
112305,45763
112306,106549
112307,43328
112308,105817
112309,94328
112310,88610
112311,49603
112312,98126
112313,44111
112314,89641
112315,83590
112316,42608
112317,113150
112318,45909
112319,96150
112320,112608
112321,43170
112322,45522
112323,44201
112324,112800
112325,95786
112326,96646
112327,105709
112328,46938
112329,83899
112330,51879
112331,89843
112332,76294
112333,108988
112334,86397
112335,46947
112336,101494
112337,82553
112338,81584
112339,103788
112340,95798
112341,95918
112342,45492
112343,87189
112344,94825
112345,104981
112346,45915
112347,45321
112348,94339
112349,44540
112350,45883
112351,101615
112352,106240
112353,87825
112354,93935
112355,123675
112356,91808
112357,104603
112358,99218
112359,80905
112360,96936
112361,42764
112362,55877
112363,115414
112364,46448
112365,44755
112366,85305
112367,44796
112368,43323
112369,42585
112370,104972
112371,78494
112372,107584
112373,78243
112374,44827
112375,107032
112376,92279
112377,83970
112378,86634
112379,98997
112380,101008
112381,102566
112382,44386
112383,42707
112384,45489
112385,51843
112386,100142
112387,85789
112388,102558
112389,44374
112390,84734
112391,92838
112392,92468
112393,83936
112394,44271
112395,83206
112396,43714
112397,85224
112398,117406
112399,47914
112400,85478
112401,43112
112402,51747
112403,46422
112404,53106
112405,43825
112406,42412
112407,46898
112408,45485
112409,45621
112410,84403
112411,99159
112412,81972
112413,51372
112414,48140
112415,46470
112416,108361
112417,85393
112418,99786
112419,80906
112420,83995
112421,89880
112422,105837
112423,100155
112424,105109
112425,87175
112426,99676
112427,43606
112428,44298
112429,119190
112430,80451
112431,43043
112432,46184
112433,119096
112434,104147
112435,47997
112436,78877
112437,109919
112438,118799
112439,96222
112440,48934
112441,108160
112442,103030
112443,99327
112444,100513
112445,78877
112446,87630
112447,48390
112448,107655
112449,90157
112450,49219
112451,44426
112452,45191
112453,44082
112454,108710
112455,95772
112456,44571
112457,118565
112458,105897
112459,43592
112460,112063
112461,81129
112462,109249
112463,50433
112464,106958
112465,43296
112466,102943
112467,99587
112468,92151
112469,48993
112470,107011
112471,48908
112472,83031
112473,80825
112474,45878
112475,88689
112476,91508
112477,98206
112478,52316
112479,43731
112480,104322
112481,110245
112482,42804
112483,89992
112484,117366
112485,85898
112486,94098
112487,119854
112488,56902
112489,80655
112490,98121
112491,109719
112492,98376
112493,113550
112494,105283
112495,91238
112496,46347
112497,85131
112498,44038
112499,45658
112500,84265
112501,47340
112502,92189
112503,88481
112504,44531
112505,85495
112506,88252
112507,47796
112508,44380
112509,84700
112510,104003
112511,83001
112512,79329
112513,44393
112514,111504
112515,113407
112516,103987
112517,46690
112518,84369
112519,46093
112520,103714
112521,93669
112522,115379
112523,80236
112524,43135
112525,86540
112526,43479
112527,85029
112528,42503
112529,120281
112530,112862
112531,43065
112532,80269
112533,95062
112534,101238
112535,93386
112536,90739
112537,89403
112538,108314
112539,128211
112540,45268
112541,95445
112542,98714
112543,88347
112544,87189
112545,97691
112546,100299
112547,82464
112548,91200
112549,84238
112550,97702
112551,46459
112552,96646
112553,105920
112554,106080
112555,101919
112556,88350
112557,101451
112558,51871
112559,93978
112560,112400
112561,93672
112562,47552
112563,118559
112564,50866
112565,51058
112566,117204
112567,101423
112568,43399
112569,113557
112570,100326
112571,77330
112572,42951
112573,43395
112574,111678
112575,42851
112576,90519
112577,96938
112578,105024
112579,76279
112580,87929
112581,48128
112582,47128
112583,87672
112584,83441
112585,99019
112586,82518
112587,44728
112588,102697
112589,43635
112590,43371
112591,44194
112592,95271
112593,46367
112594,118543
112595,48181
112596,84576
112597,48444
112598,94060
112599,97903
112600,44383
112601,79787
112602,45141
112603,103975
112604,45034
112605,90031
112606,46091
112607,80824
112608,121045
112609,102522
112610,48469
112611,44663
112612,44978
112613,114825
112614,100475
112615,88951
112616,95676
112617,105178
112618,55879
112619,45143
112620,95812
112621,102621
112622,43096
112623,98215
112624,49820
112625,88766
112626,101563
112627,77427
112628,43608
112629,83419
112630,42978
112631,43389
112632,97824
112633,98228
112634,46166
112635,89880
112636,114980
112637,112336
112638,95515
112639,110027
112640,104849
112641,46824
112642,118707
112643,97079
112644,47446
112645,104504
112646,87753
112647,139124
112648,44201
112649,100895
112650,47243
112651,42616
112652,127959
112653,95606
112654,107478
112655,99534
112656,96327
112657,43971
112658,92532
112659,107016
112660,50445
112661,44198
112662,42797
112663,45407
112664,113704
112665,88686
112666,118672
112667,89738
112668,85332
112669,43790
112670,98393
112671,81682
112672,45027
112673,94104
112674,106341
112675,55968
112676,118587
112677,44485
112678,86926
112679,46047
112680,42584
112681,85970
112682,91176
112683,108353
112684,42856
112685,45930
112686,107476
112687,103782
112688,44986
112689,99838
112690,45678
112691,42289
112692,48864
112693,82488
112694,89115
112695,48564
112696,82697
112697,82155
112698,101913
112699,46559
112700,83616
112701,102254
112702,81520
112703,44383
112704,96903
112705,45580
112706,120831
112707,87373
112708,89651
112709,87788
112710,95920
112711,88722
112712,48190
112713,43687
112714,50568
112715,98726
112716,111769
112717,87672
112718,48971
112719,45957
112720,73326
112721,44481
112722,45139
112723,97002
112724,81789
112725,103171
112726,113012
112727,122352
112728,105590
112729,53429
112730,44354
112731,43986
112732,50838
112733,47409
112734,44324
112735,96673
112736,104092
112737,45205
112738,81417
112739,44144
112740,47693
112741,86321
112742,93616
112743,78199
112744,47023
112745,94468
112746,106924
112747,92210
112748,123752
112749,51726
112750,90637
112751,104867
112752,87326
112753,102715
112754,86667
112755,110384
112756,44349
112757,95135
112758,110464
112759,104280
112760,129878
112761,112454
112762,96351
112763,46575
112764,46492
112765,108784
112766,92583
112767,43906
112768,43934
112769,105991
112770,44006
112771,93751
112772,119438
112773,92287
112774,104483
112775,96351
112776,43849
112777,98707
112778,106986
112779,99071
112780,43836
112781,91099
112782,93990
112783,50430
112784,114874
112785,77569
112786,105291
112787,96325
112788,95006
112789,106029
112790,100475
112791,93467
112792,88997
112793,92989
112794,126630
112795,44118
112796,99875
112797,90439
112798,45402
112799,42997
112800,83724
112801,114335
112802,90295
112803,47222
112804,44283
112805,48014
112806,115003
112807,47790
112808,119573
112809,44904
112810,131022
112811,101786
112812,99235
112813,97479
112814,83885
112815,100373
112816,44033
112817,96719
112818,106063
112819,43336
112820,43441
112821,43135
112822,123091
112823,43604
112824,77456
112825,118104
112826,89594
112827,44132
112828,53243
112829,49002
112830,93628
112831,97378
112832,89547
112833,106300
112834,44905
112835,93212
112836,97618
112837,134527
112838,120292
112839,106174
112840,91866
112841,46586
112842,94614
112843,107089
112844,47010
112845,86812
112846,46664
112847,88420
112848,54589
112849,44187
112850,86887
112851,117379
112852,125070
112853,85940
112854,84019
112855,45017
112856,114594
112857,113546
112858,84730
112859,80419
112860,45919
112861,46697
112862,102543
112863,87919
112864,91079
112865,51232
112866,98281
112867,94027
112868,86696
112869,93548
112870,100159
112871,45596
112872,95925
112873,46769
112874,90368
112875,49918
112876,97359
112877,119807
112878,92180
112879,116606
112880,43801
112881,45667
112882,95630
112883,121095
112884,94062
112885,102715
112886,98381
112887,55417
112888,45738
112889,44780
112890,110701
112891,101886
112892,98986
112893,45533
112894,44649
112895,112179
112896,43908
112897,102692
112898,101977
112899,94412
112900,94066
112901,82553
112902,106993
112903,83295
112904,87821
112905,98087
112906,95970
112907,103714
112908,45428
112909,101544
112910,100949
112911,87788
112912,96646
112913,45468
112914,95956
112915,116553
112916,96517
112917,45905
112918,44614
112919,90316
112920,44941
112921,91673
112922,98822
112923,82505
112924,46759
112925,45338
112926,101012
112927,43742
112928,107099
112929,88109
112930,90218
112931,43532
112932,92666
112933,90709
112934,77227
112935,106162
112936,43488
112937,95203
112938,46521
112939,112284
112940,76596
112941,83916
112942,47019
112943,142039
112944,106302
112945,46162
112946,108485
112947,76886
112948,91690
112949,87905
112950,52509
112951,85808
112952,102730
112953,44607
112954,89150
112955,47061
112956,108216
112957,95089
112958,116684
112959,98852
112960,89013
112961,119361
112962,45058
112963,88876
112964,93945
112965,44546
112966,92099
112967,44911
112968,45124
112969,112656
112970,46127
112971,98410
112972,93376
112973,102782
112974,101080
112975,127064
112976,94820
112977,53563
112978,90410
112979,44666
112980,88350
112981,88518
112982,46830
112983,131630
112984,122764
112985,101097
112986,83681
112987,87792
112988,82139
112989,83131
112990,46252
112991,98161
112992,121252
112993,93584
112994,100294
112995,95304
112996,81393
112997,101858
112998,97964
112999,101520
113000,91173
113001,111310
113002,82635
113003,45869
113004,44108
113005,81662
113006,119239
113007,80412
113008,104883
113009,97783
113010,43438
113011,44086
113012,84549
113013,44915
113014,95767
113015,101005
113016,44537
113017,98427
113018,121512
113019,107734
113020,105369
113021,97912
113022,45601
113023,78935
113024,111748
113025,42777
113026,83131
113027,90327
113028,122699
113029,77571
113030,45130
113031,102541
113032,44099
113033,46674
113034,93755
113035,98893
113036,94462
113037,112149
113038,44828
113039,104625
113040,118105
113041,106266
113042,45471
113043,103789
113044,45002
113045,103266
113046,46448
113047,43787
113048,41243
113049,86369
113050,43406
113051,121448
113052,97546
113053,44464
113054,103014
113055,77620
113056,46228
113057,43324
113058,47719
113059,102898
113060,92154
113061,95945
113062,116905
113063,103169
113064,43123
113065,107749
113066,46647
113067,91653
113068,42830
113069,44337
113070,53009
113071,106468
113072,87903
113073,79832
113074,91888
113075,79549
113076,45989
113077,54076
113078,44155
113079,47089
113080,45352
113081,45683
113082,42931
113083,119389
113084,111973
113085,44364
113086,103978
113087,81957
113088,93197
113089,46299
113090,81239
113091,83371
113092,44463
113093,94127
113094,44825
113095,89054
113096,43724
113097,75863
113098,82553
113099,43819
113100,51613
113101,95070
113102,45815
113103,121098
113104,102148
113105,104434
113106,45281
113107,114419
113108,45943
113109,44217
113110,113286
113111,101263
113112,106982
113113,46677
113114,43125
113115,46331
113116,44301
113117,97344
113118,43832
113119,101192
113120,49728
113121,98829
113122,89938
113123,103149
113124,47422
113125,89681
113126,46726
113127,50907
113128,86486
113129,102710
113130,98692
113131,119127
113132,115581
113133,83423
113134,45052
113135,48226
113136,92262
113137,126742
113138,45540
113139,115075
113140,46035
113141,45177
113142,104808
113143,87319
113144,47697
113145,120400
113146,105457
113147,100418
113148,89324
113149,76261
113150,100056
113151,93751
113152,106300
113153,47911
113154,95283
113155,95676
113156,97680
113157,44464
113158,99240
113159,46084
113160,118411
113161,75936
113162,92479
113163,98998
113164,44192
113165,41698
113166,47540
113167,47345
113168,94524
113169,44305
113170,111433
113171,92952
113172,100538
113173,96965
113174,96195
113175,46404
113176,104696
113177,110775
113178,106914
113179,100488
113180,93821
113181,94441
113182,103280
113183,114474
113184,99459
113185,116650
113186,85980
113187,46199
113188,46419
113189,119087
113190,47675
113191,43218
113192,86141
113193,92056
113194,101983
113195,44316
113196,47190
113197,94310
113198,43159
113199,48500
113200,45663
113201,102676
113202,51559
113203,90813
113204,43831
113205,86695
113206,110941
113207,88213
113208,44419
113209,102062
113210,90279
113211,109659
113212,94282
113213,100487
113214,43448
113215,101620
113216,46160
113217,126431
113218,46756
113219,84059
113220,85210
113221,88420
113222,83549
113223,98288
113224,50304
113225,42921
113226,112126
113227,83075
113228,44900
113229,98768
113230,44077
113231,87705
113232,47063
113233,43296
113234,86822
113235,77818
113236,92393
113237,107340
113238,83699
113239,82635
113240,78058
113241,88355
113242,93607
113243,83622
113244,51862
113245,47089
113246,93295
113247,44455
113248,46659
113249,90170
113250,101164
113251,89999
113252,82236
113253,86490
113254,89524
113255,99462
113256,83029
113257,101369
113258,105774
113259,113836
113260,98591
113261,90036
113262,109751
113263,111281
113264,93137
113265,44201
113266,87672
113267,43583
113268,83423
113269,118419
113270,97873
113271,45674
113272,108666
113273,110855
113274,101632
113275,124687
113276,86819
113277,83371
113278,109731
113279,46200
113280,43753
113281,78199
113282,44885
113283,86169
113284,45700
113285,94865
113286,90920
113287,84633
113288,98503
113289,43304
113290,49410
113291,45057
113292,84059
113293,112839
113294,77841
113295,89169
113296,55220
113297,107013
113298,98962
113299,81719
113300,44485
113301,46694
113302,107010
113303,119080
113304,99450
113305,45798
113306,102028
113307,46095
113308,43595
113309,110113
113310,98506
113311,50564
113312,105629
113313,116708
113314,86990
113315,109618
113316,95782
113317,108855
113318,87077
113319,102447
113320,78792
113321,93733
113322,43150
113323,47094
113324,122306
113325,87302
113326,101498
113327,115920
113328,96302
113329,96793
113330,91687
113331,91141
113332,88162
113333,98371
113334,107431
113335,84679
113336,47773
113337,78523
113338,80657
113339,115126
113340,104396
113341,53023
113342,111230
113343,78968
113344,104980
113345,44799
113346,45661
113347,99931
113348,94478
113349,46489
113350,96130
113351,44676
113352,83394
113353,85941
113354,105179
113355,51412
113356,97601
113357,45138
113358,45422
113359,93330
113360,88179
113361,83684
113362,94703
113363,45090
113364,46425
113365,99138
113366,45800
113367,88256
113368,44274
113369,116220
113370,116239
113371,101414
113372,81688
113373,84869
113374,42308
113375,114681
113376,45885
113377,94245
113378,110697
113379,89273
113380,103850
113381,118578
113382,76084
113383,113591
113384,45004
113385,45502
113386,94475
113387,90377
113388,100823
113389,97201
113390,44541
113391,46838
113392,92880
113393,103621
113394,92364
113395,47540
113396,90368
113397,84577
113398,103353
113399,105842
113400,88868
113401,45283
113402,47366
113403,43284
113404,97478
113405,94244
113406,93314
113407,122392
113408,87474
113409,89504
113410,113596
113411,93263
113412,96190
113413,43711
113414,82091
113415,55180
113416,85951
113417,98972
113418,86912
113419,106290
113420,100733
113421,45307
113422,133283
113423,85766
113424,45687
113425,97766
113426,106699
113427,101594
113428,115607
113429,112949
113430,87224
113431,103917
113432,45738
113433,88053
113434,91682
113435,109642
113436,94709
113437,44959
113438,88135
113439,52848
113440,102351
113441,97104
113442,45236
113443,78944
113444,96153
113445,88300
113446,87892
113447,43792
113448,46279
113449,138904
113450,90622
113451,47109
113452,87659
113453,43396
113454,47728
113455,102370
113456,98590
113457,97066
113458,84844
113459,98678
113460,46554
113461,75635
113462,47834
113463,45336
113464,110775
113465,44633
113466,101834
113467,44082
113468,103712
113469,84844
113470,87464
113471,98569
113472,44007
113473,95715
113474,83116
113475,102652
113476,114652
113477,122471
113478,90029
113479,92885
113480,86672
113481,122287
113482,47625
113483,88995
113484,104379
113485,99142
113486,45869
113487,87251
113488,99529
113489,105331
113490,87051
113491,89887
113492,81648
113493,44900
113494,99451
113495,88592
113496,84107
113497,82582
113498,101635
113499,77133
113500,95027
113501,95271
113502,99856
113503,85156
113504,98453
113505,93367
113506,101932
113507,78708
113508,51211
113509,85071
113510,42724
113511,108401
113512,48782
113513,96010
113514,108765
113515,52070
113516,94713
113517,44688
113518,95688
113519,90455
113520,92338
113521,88980
113522,52308
113523,115064
113524,90976
113525,87556
113526,123025
113527,101044
113528,127015
113529,82916
113530,42613
113531,90166
113532,93790
113533,85880
113534,117633
113535,121169
113536,51862
113537,115523
113538,77619
113539,90545
113540,132175
113541,116149
113542,93128
113543,46680
113544,43753
113545,83771
113546,90855
113547,122636
113548,90990
113549,121056
113550,45999
113551,89907
113552,101787
113553,87877
113554,96894
113555,47405
113556,90219
113557,44465
113558,45700
113559,79864
113560,43445
113561,103574
113562,100398
113563,45071
113564,82949
113565,120277
113566,105389
113567,43571
113568,81550
113569,47632
113570,110546
113571,50622
113572,85418
113573,44471
113574,95099
113575,45841
113576,126483
113577,101168
113578,95916
113579,94722
113580,45919
113581,101925
113582,105471
113583,43178
113584,43379
113585,41562
113586,104993
113587,100305
113588,96562
113589,46276
113590,100828
113591,48143
113592,43731
113593,105965
113594,119143
113595,45738
113596,122113
113597,84841
113598,108262
113599,46631
113600,96826
113601,87495
113602,119700
113603,47146
113604,101205
113605,43087
113606,44669
113607,44553
113608,90250
113609,90716
113610,87224
113611,85538
113612,96429
113613,119470
113614,102030
113615,87082
113616,87310
113617,109649
113618,101599
113619,92058
113620,99417
113621,96524
113622,86677
113623,91775
113624,44650
113625,43164
113626,82144
113627,44538
113628,45450
113629,88790
113630,107234
113631,45103
113632,96478
113633,96311
113634,111027
113635,46052
113636,104520
113637,101192
113638,43714
113639,106127
113640,84646
113641,91039
113642,92268
113643,123152
113644,101931
113645,126122
113646,126931
113647,43190
113648,91414
113649,109133
113650,116048
113651,47440
113652,44412
113653,94232
113654,44873
113655,44826
113656,47832
113657,101655
113658,49679
113659,92950
113660,94002
113661,96148
113662,42204
113663,48193
113664,112770
113665,82803
113666,95853
113667,51849
113668,73493
113669,90963
113670,91859
113671,44331
113672,91994
113673,96652
113674,44043
113675,101527
113676,93852
113677,103587
113678,80322
113679,96259
113680,88858
113681,44207
113682,113673
113683,86394
113684,46509
113685,77437
113686,43393
113687,85827
113688,46522
113689,43635
113690,91788
113691,90271
113692,95946
113693,109201
113694,73871
113695,50168
113696,46366
113697,80651
113698,85887
113699,48042
113700,103594
113701,106502
113702,45176
113703,92135
113704,114410
113705,100014
113706,93461
113707,42658
113708,42663
113709,43138
113710,46622
113711,111660
113712,84137
113713,101949
113714,88730
113715,83599
113716,44386
113717,77620
113718,99256
113719,101585
113720,43928
113721,78127
113722,92568
113723,44655
113724,82485
113725,98816
113726,46433
113727,46825
113728,104690
113729,110948
113730,114586
113731,45193
113732,43142
113733,91927
113734,79001
113735,102270
113736,97018
113737,89663
113738,86558
113739,123899
113740,121326
113741,85740
113742,44787
113743,129885
113744,116063
113745,43004
113746,50195
113747,45999
113748,120938
113749,53020
113750,97091
113751,104463
113752,92474
113753,126425
113754,93731
113755,118578
113756,124891
113757,43187
113758,44652
113759,46039
113760,99649
113761,98190
113762,117295
113763,44001
113764,85188
113765,80236
113766,110128
113767,104696
113768,88879
113769,98107
113770,47168
113771,98141
113772,89115
113773,76863
113774,103099
113775,109124
113776,82091
113777,103931
113778,79530
113779,45380
113780,107518
113781,95427
113782,77104
113783,101676
113784,50612
113785,90461
113786,50244
113787,101828
113788,90217
113789,100823
113790,84937
113791,110971
113792,99711
113793,45563
113794,44015
113795,81092
113796,99184
113797,86656
113798,49242
113799,97882
113800,48103
113801,45324
113802,90810
113803,98454
113804,45401
113805,79219
113806,91458
113807,112480
113808,43537
113809,86283
113810,106921
113811,107954
113812,112459
113813,48163
113814,45179
113815,44179
113816,109886
113817,106989
113818,101610
113819,48059
113820,41531
113821,121082
113822,81571
113823,44960
113824,98912
113825,101964
113826,95731
113827,46339
113828,99837
113829,104829
113830,97491
113831,45853
113832,76218
113833,46189
113834,112427
113835,87932
113836,83583
113837,120726
113838,83765
113839,45995
113840,86261
113841,86646
113842,45716
113843,121574
113844,90923
113845,90856
113846,51987
113847,78161
113848,96277
113849,45622
113850,97870
113851,102380
113852,82949
113853,102396
113854,79128
113855,104482
113856,111855
113857,90635
113858,98471
113859,105931
113860,89437
113861,77624
113862,44633
113863,91435
113864,45141
113865,46546
113866,43606
113867,45558
113868,92716
113869,90591
113870,103898
113871,105623
113872,95554
113873,126333
113874,96310
113875,107100
113876,92495
113877,99116
113878,130228
113879,85788
113880,91280
113881,86857
113882,80656
113883,48455
113884,75878
113885,86389
113886,102835
113887,98627
113888,45054
113889,122529
113890,83103
113891,49228
113892,95749
113893,45461
113894,102541
113895,99369
113896,90638
113897,104758
113898,47017
113899,46925
113900,44513
113901,92164
113902,48588
113903,96727
113904,46639
113905,103919
113906,94781
113907,102514
113908,91977
113909,48669
113910,46521
113911,45051
113912,100172
113913,42073
113914,90622
113915,97505
113916,56658
113917,76279
113918,44955
113919,117500
113920,93431
113921,93063
113922,45809
113923,44174
113924,106908
113925,103630
113926,83577
113927,46513
113928,97932
113929,99103
113930,96669
113931,94062
113932,107191
113933,112884
113934,95700
113935,90007
113936,46360
113937,53794
113938,109708
113939,81261
113940,103417
113941,110651
113942,45631
113943,88128
113944,126541
113945,41842
113946,105474
113947,45765
113948,45636
113949,96124
113950,47160
113951,108116
113952,113797
113953,99130
113954,87091
113955,99443
113956,106760
113957,111020
113958,93525
113959,51338
113960,103109
113961,47655
113962,43691
113963,95460
113964,44535
113965,115721
113966,44413
113967,84722
113968,81372
113969,103887
113970,99724
113971,120989
113972,82318
113973,81370
113974,86706
113975,124310
113976,89504
113977,92672
113978,103792
113979,45205
113980,48861
113981,106557
113982,43496
113983,109343
113984,47005
113985,103106
113986,101996
113987,78351
113988,91978
113989,89731
113990,113442
113991,86767
113992,97624
113993,81150
113994,106669
113995,102841
113996,101369
113997,101744
113998,98448
113999,99657
114000,104168
114001,114675
114002,121323
114003,85850
114004,98997
114005,47416
114006,105107
114007,114449
114008,52483
114009,43147
114010,47048
114011,94857
114012,43096
114013,43520
114014,108143
114015,80508
114016,105489
114017,43149
114018,85329
114019,42984
114020,77818
114021,99019
114022,84105
114023,43902
114024,106460
114025,115134
114026,44438
114027,90875
114028,103388
114029,112338
114030,42983
114031,98048
114032,88838
114033,99232
114034,50782
114035,102041
114036,96435
114037,46184
114038,96838
114039,114410
114040,52275
114041,136159
114042,44981
114043,88113
114044,91003
114045,43951
114046,95516
114047,108837
114048,109378
114049,90961
114050,112630
114051,104183
114052,107988
114053,44673
114054,90481
114055,100992
114056,43608
114057,86353
114058,43376
114059,46169
114060,79695
114061,94417
114062,88175
114063,44013
114064,85324
114065,43858
114066,82467
114067,86089
114068,94629
114069,102507
114070,88858
114071,121099
114072,108270
114073,109995
114074,46178
114075,117379
114076,88575
114077,90690
114078,44295
114079,99164
114080,83676
114081,102836
114082,95670
114083,91742
114084,42453
114085,51530
114086,45339
114087,94244
114088,112321
114089,93997
114090,97270
114091,41731
114092,94684
114093,88326
114094,52856
114095,47140
114096,116217
114097,81203
114098,115022
114099,88026
114100,50884
114101,79979
114102,44101
114103,95394
114104,107675
114105,43099
114106,47663
114107,44284
114108,42431
114109,86742
114110,80290
114111,43549
114112,104473
114113,47440
114114,84687
114115,42919
114116,44423
114117,112258
114118,89920
114119,46263
114120,46860
114121,86091
114122,43178
114123,47712
114124,94483
114125,99671
114126,90519
114127,101338
114128,44017
114129,100027
114130,88316
114131,47238
114132,82394
114133,79247
114134,52302
114135,77392
114136,98012
114137,94400
114138,104183
114139,97036
114140,91165
114141,91943
114142,92367
114143,91772
114144,87039
114145,95638
114146,44905
114147,47763
114148,46165
114149,124254
114150,116414
114151,83931
114152,79549
114153,103317
114154,98098
114155,125064
114156,49939
114157,46156
114158,43525
114159,110867
114160,86742
114161,42921
114162,112597
114163,94595
114164,96323
114165,97363
114166,43374
114167,97244
114168,53836
114169,96494
114170,45358
114171,51490
114172,108867
114173,93687
114174,88973
114175,83055
114176,96042
114177,92067
114178,99331
114179,99120
114180,113469
114181,113321
114182,41526
114183,105056
114184,100784
114185,42761
114186,84807
114187,123386
114188,100684
114189,117030
114190,114209
114191,124029
114192,124472
114193,84799
114194,113825
114195,105383
114196,49026
114197,47064
114198,55349
114199,111590
114200,47944
114201,116858
114202,47152
114203,96505
114204,102092
114205,83206
114206,99423
114207,122772
114208,46662
114209,101123
114210,113373
114211,108301
114212,97372
114213,121186
114214,98767
114215,108461
114216,113857
114217,44553
114218,104456
114219,46381
114220,84334
114221,45602
114222,95664
114223,95329
114224,128936
114225,102502
114226,46748
114227,52268
114228,43603
114229,105522
114230,92194
114231,93933
114232,49821
114233,110040
114234,91589
114235,107175
114236,46410
114237,100661
114238,94468
114239,87942
114240,44755
114241,47131
114242,42793
114243,43173
114244,106415
114245,44564
114246,127414
114247,92921
114248,108908
114249,44545
114250,98299
114251,88301
114252,96025
114253,46850
114254,106708
114255,98563
114256,112887
114257,45472
114258,46366
114259,84086
114260,44940
114261,88415
114262,43830
114263,87151
114264,47375
114265,97100
114266,106440
114267,106875
114268,89639
114269,85288
114270,45379
114271,46667
114272,89889
114273,113063
114274,81997
114275,90352
114276,90732
114277,86064
114278,44977
114279,99248
114280,81025
114281,43293
114282,84523
114283,92885
114284,89201
114285,43790
114286,83418
114287,89065
114288,48014
114289,48994
114290,46662
114291,91287
114292,94476
114293,91699
114294,97574
114295,43836
114296,45464
114297,80051
114298,43731
114299,89397
114300,127329
114301,44333
114302,75863
114303,43918
114304,46660
114305,105046
114306,81335
114307,46657
114308,86613
114309,92574
114310,49134
114311,115174
114312,108461
114313,100505
114314,113413
114315,89511
114316,85232
114317,102810
114318,110366
114319,97251
114320,101750
114321,43733
114322,110430
114323,46365
114324,102410
114325,87602
114326,49187
114327,101362
114328,83614
114329,87579
114330,97066
114331,94865
114332,83147
114333,86950
114334,85500
114335,75380
114336,88244
114337,85021
114338,45327
114339,90514
114340,99290
114341,102120
114342,44557
114343,78702
114344,106499
114345,86767
114346,95238
114347,43215
114348,98693
114349,99830
114350,80479
114351,44478
114352,86786
114353,101716
114354,95015
114355,98321
114356,95451
114357,78058
114358,98690
114359,122911
114360,88845
114361,90549
114362,104544
114363,122034
114364,83451
114365,105895
114366,118293
114367,45354
114368,84265
114369,94767
114370,46027
114371,76084
114372,85648
114373,110190
114374,122494
114375,101256
114376,45796
114377,84470
114378,96486
114379,79391
114380,116631
114381,94976
114382,98643
114383,92014
114384,101295
114385,114511
114386,46546
114387,111337
114388,75878
114389,46159
114390,80952
114391,46756
114392,115484
114393,108316
114394,42150
114395,45495
114396,80073
114397,42294
114398,49098
114399,96900
114400,123258
114401,83001
114402,44841
114403,83676
114404,85138
114405,42799
114406,87680
114407,100990
114408,90949
114409,45897
114410,45350
114411,46000
114412,104632
114413,113764
114414,45219
114415,119120
114416,44965
114417,44538
114418,118743
114419,43937
114420,122982
114421,46369
114422,48759
114423,43511
114424,90632
114425,92846
114426,90244
114427,95438
114428,87933
114429,99222
114430,101664
114431,102614
114432,106040
114433,94553
114434,45196
114435,47539
114436,114350
114437,87621
114438,43486
114439,118336
114440,101960
114441,106565
114442,42984
114443,45640
114444,82191
114445,101070
114446,101300
114447,98203
114448,43856
114449,112261
114450,95525
114451,46557
114452,100482
114453,99356
114454,47837
114455,107895
114456,94029
114457,82931
114458,45713
114459,118199
114460,46462
114461,42413
114462,115881
114463,107674
114464,88870
114465,101222
114466,44188
114467,109568
114468,126793
114469,75476
114470,118919
114471,88743
114472,43142
114473,117306
114474,78784
114475,47796
114476,97699
114477,45323
114478,43107
114479,45085
114480,89545
114481,48386
114482,92181
114483,46308
114484,104856
114485,86474
114486,99474
114487,87849
114488,105017
114489,45176
114490,49227
114491,41376
114492,43318
114493,44965
114494,87872
114495,103067
114496,102852
114497,87909
114498,44824
114499,80452
114500,112309
114501,111192
114502,96020
114503,47159
114504,83065
114505,107050
114506,105143
114507,110130
114508,91863
114509,99400
114510,113030
114511,44857
114512,98209
114513,111968
114514,45729
114515,45354
114516,52345
114517,48297
114518,45561
114519,115414
114520,79392
114521,47477
114522,42800
114523,47453
114524,47712
114525,88370
114526,82442
114527,81488
114528,80101
114529,47768
114530,45854
114531,130700
114532,95266
114533,78185
114534,46051
114535,111708
114536,48751
114537,91345
114538,47142
114539,95262
114540,89958
114541,82400
114542,103206
114543,73743
114544,90832
114545,124919
114546,43845
114547,48910
114548,50495
114549,112996
114550,77992
114551,122387
114552,42568
114553,53953
114554,44720
114555,92443
114556,46659
114557,83899
114558,43426
114559,84761
114560,119125
114561,44613
114562,44133
114563,78559
114564,114682
114565,78069
114566,98239
114567,100111
114568,107990
114569,108662
114570,45745
114571,102482
114572,114412
114573,96356
114574,47448
114575,45063
114576,47758
114577,77756
114578,95917
114579,94401
114580,48848
114581,116465
114582,100717
114583,94242
114584,112640
114585,43935
114586,78900
114587,103554
114588,86597
114589,111814
114590,89027
114591,45035
114592,81235
114593,98469
114594,83257
114595,45817
114596,102328
114597,95502
114598,96317
114599,89410
114600,45158
114601,42486
114602,104816
114603,106546
114604,94766
114605,101744
114606,88458
114607,87209
114608,45264
114609,76931
114610,91504
114611,122409
114612,44694
114613,46748
114614,44753
114615,103857
114616,51875
114617,50280
114618,115262
114619,41194
114620,129915
114621,43024
114622,47193
114623,86535
114624,93396
114625,109360
114626,101020
114627,92011
114628,82166
114629,85041
114630,89265
114631,88162
114632,73872
114633,99813
114634,83558
114635,99207
114636,81742
114637,96535
114638,83588
114639,43340
114640,47233
114641,87250
114642,105593
114643,87675
114644,101258
114645,72660
114646,100291
114647,111191
114648,44029
114649,83065
114650,100264
114651,42957
114652,89477
114653,42860
114654,105606
114655,44495
114656,89243
114657,83676
114658,111567
114659,99068
114660,45242
114661,97782
114662,92820
114663,46397
114664,46563
114665,93751
114666,45552
114667,118653
114668,96133
114669,51702
114670,100137
114671,97002
114672,89152
114673,83112
114674,117829
114675,46619
114676,102640
114677,41804
114678,43399
114679,85709
114680,78944
114681,90614
114682,101249
114683,50753
114684,46245
114685,90715
114686,43392
114687,47518
114688,45084
114689,126197
114690,46415
114691,49526
114692,46927
114693,46331
114694,72586
114695,95203
114696,113372
114697,91889
114698,45852
114699,41956
114700,93375
114701,99417
114702,45034
114703,102972
114704,48164
114705,96297
114706,100571
114707,106527
114708,101863
114709,83461
114710,86283
114711,46692
114712,123048
114713,106645
114714,47721
114715,100309
114716,45183
114717,119013
114718,76872
114719,90706
114720,102036
114721,43463
114722,45016
114723,45760
114724,93842
114725,115990
114726,108362
114727,98988
114728,44334
114729,89781
114730,48001
114731,94769
114732,110911
114733,100597
114734,102594
114735,94153
114736,83009
114737,91593
114738,84749
114739,122176
114740,92757
114741,45092
114742,44877
114743,107703
114744,83105
114745,119638
114746,44666
114747,43085
114748,44947
114749,99096
114750,43266
114751,105973
114752,46397
114753,78730
114754,51680
114755,102830
114756,95960
114757,47071
114758,45391
114759,119392
114760,89912
114761,83735
114762,91902
114763,109303
114764,89243
114765,42799
114766,108003
114767,42435
114768,85656
114769,102850
114770,44806
114771,87023
114772,78058
114773,101770
114774,132853
114775,106685
114776,95215
114777,86965
114778,108316
114779,46138
114780,83450
114781,99264
114782,92124
114783,45681
114784,44208
114785,88861
114786,102318
114787,87863
114788,50565
114789,47086
114790,46526
114791,85955
114792,81979
114793,45281
114794,43979
114795,88546
114796,94640
114797,123364
114798,81354
114799,90039
114800,46055
114801,81278
114802,105524
114803,85929
114804,44698
114805,46628
114806,85986
114807,46256
114808,42378
114809,82099
114810,42955
114811,44970
114812,44138
114813,43569
114814,44180
114815,83218
114816,100000
114817,46275
114818,109500
114819,94947
114820,84263
114821,43680
114822,88641
114823,51144
114824,92862
114825,43098
114826,108227
114827,116514
114828,87452
114829,102517
114830,80597
114831,43381
114832,46023
114833,83808
114834,113553
114835,91578
114836,106055
114837,44764
114838,116289
114839,95329
114840,43569
114841,93990
114842,44194
114843,99860
114844,43525
114845,87170
114846,44590
114847,90136
114848,85079
114849,93391
114850,44923
114851,46456
114852,46630
114853,44751
114854,89555
114855,48141
114856,94704
114857,93559
114858,111703
114859,101087
114860,105103
114861,102044
114862,48260
114863,93524
114864,49679
114865,109677
114866,118374
114867,86577
114868,86129
114869,42152
114870,96462
114871,117690
114872,115881
114873,102807
114874,46749
114875,115055
114876,115147
114877,80481
114878,100161
114879,80775
114880,50187
114881,46523
114882,50380
114883,43190
114884,97693
114885,105625
114886,47837
114887,83631
114888,95282
114889,47504
114890,102648
114891,43915
114892,103573
114893,86488
114894,125706
114895,43629
114896,43738
114897,85578
114898,126987
114899,45802
114900,78701
114901,44449
114902,94062
114903,84280
114904,43997
114905,95709
114906,43528
114907,81408
114908,97669
114909,48134
114910,46141
114911,44578
114912,118708
114913,91566
114914,99057
114915,84977
114916,89923
114917,44872
114918,45215
114919,96072
114920,100469
114921,98825
114922,48994
114923,103570
114924,93233
114925,42588
114926,102404
114927,47251
114928,114589
114929,100206
114930,87424
114931,44740
114932,98126
114933,112407
114934,45466
114935,99473
114936,96422
114937,94936
114938,84760
114939,94013
114940,83407
114941,45636
114942,101514
114943,97066
114944,45997
114945,108635
114946,53950
114947,86255
114948,116390
114949,87080
114950,114810
114951,109944
114952,44090
114953,121622
114954,83970
114955,45473
114956,89454
114957,96542
114958,105330
114959,116899
114960,44691
114961,85934
114962,48832
114963,105754
114964,44842
114965,111038
114966,81631
114967,89273
114968,99566
114969,100329
114970,47038
114971,54351
114972,91364
114973,47791
114974,83549
114975,94051
114976,83290
114977,86348
114978,82251
114979,101283
114980,83506
114981,122163
114982,128989
114983,110387
114984,47412
114985,47020
114986,106365
114987,77650
114988,82951
114989,130539
114990,45463
114991,88846
114992,113973
114993,86054
114994,46752
114995,50400
114996,92020
114997,92812
114998,100823
114999,82627
115000,99574
115001,97895
115002,103169
115003,95213
115004,77861
115005,82331
115006,102021
115007,53462
115008,93669
115009,52851
115010,91278
115011,104727
115012,46065
115013,96233
115014,83827
115015,94766
115016,44458
115017,104832
115018,43865
115019,119758
115020,101133
115021,87088
115022,101659
115023,102178
115024,44854
115025,104648
115026,44385
115027,46805
115028,46774
115029,43605
115030,92328
115031,99774
115032,89783
115033,101532
115034,44777
115035,51464
115036,43450
115037,87535
115038,94310
115039,96273
115040,117147
115041,92155
115042,107764
115043,47320
115044,87737
115045,46327
115046,96006
115047,113634
115048,110533
115049,118534
115050,82282
115051,48993
115052,110082
115053,103368
115054,46037
115055,43767
115056,77818
115057,92050
115058,43273
115059,104274
115060,88934
115061,42807
115062,96636
115063,105534
115064,80254
115065,103521
115066,101977
115067,114987
115068,46822
115069,87753
115070,106034
115071,88113
115072,42690
115073,124015
115074,105574
115075,113232
115076,44595
115077,85535
115078,86592
115079,104968
115080,100033
115081,105546
115082,96314
115083,87363
115084,44081
115085,96805
115086,46857
115087,97689
115088,83195
115089,44630
115090,100416
115091,42846
115092,48258
115093,89513
115094,99273
115095,114738
115096,115572
115097,117925
115098,42597
115099,109198
115100,45997
115101,94713
115102,114615
115103,92792
115104,106542
115105,78917
115106,43725
115107,48295
115108,97426
115109,104586
115110,46815
115111,92022
115112,81391
115113,46256
115114,123662
115115,47523
115116,95965
115117,113107
115118,101230
115119,105923
115120,124153
115121,46454
115122,43545
115123,97342
115124,107810
115125,48323
115126,77422
115127,42262
115128,41887
115129,87667
115130,89150
115131,108950
115132,107591
115133,95597
115134,78838
115135,105517
115136,43995
115137,106110
115138,81520
115139,101987
115140,47206
115141,104248
115142,89811
115143,102359
115144,50947
115145,46152
115146,55651
115147,126177
115148,94022
115149,86139
115150,108024
115151,44300
115152,45127
115153,81676
115154,94987
115155,44006
115156,98778
115157,45509
115158,129640
115159,94055
115160,47528
115161,94204
115162,44794
115163,104050
115164,94127
115165,117666
115166,92292
115167,96844
115168,86598
115169,55708
115170,103983
115171,44905
115172,44455
115173,112679
115174,115134
115175,130901
115176,44423
115177,123211
115178,94467
115179,43901
115180,89766
115181,92398
115182,88933
115183,118704
115184,98590
115185,46886
115186,44422
115187,108322
115188,113963
115189,89170
115190,109118
115191,109260
115192,43284
115193,76279
115194,47890
115195,54996
115196,42983
115197,46479
115198,77582
115199,79836
115200,108777
115201,88251
115202,103845
115203,89072
115204,46410
115205,96147
115206,90670
115207,47936
115208,87974
115209,91810
115210,101883
115211,48308
115212,44043
115213,136701
115214,94022
115215,119163
115216,86534
115217,137368
115218,85203
115219,42063
115220,96820
115221,45485
115222,46688
115223,72586
115224,101626
115225,43635
115226,78996
115227,43288
115228,42518
115229,102120
115230,119421
115231,116417
115232,122074
115233,44946
115234,103109
115235,117304
115236,43597
115237,46156
115238,46335
115239,84137
115240,95071
115241,81304
115242,84606
115243,120648
115244,104832
115245,44186
115246,50302
115247,84120
115248,46654
115249,44946
115250,92020
115251,101544
115252,110308
115253,91844
115254,108830
115255,45500
115256,106627
115257,46636
115258,98780
115259,43655
115260,103884
115261,93490
115262,107339
115263,110303
115264,127791
115265,126990
115266,99706
115267,41671
115268,107561
115269,92314
115270,43087
115271,95342
115272,84169
115273,114412
115274,86679
115275,100368
115276,84956
115277,79514
115278,104207
115279,88260
115280,93751
115281,84748
115282,50686
115283,94110
115284,78968
115285,105410
115286,43296
115287,115799
115288,46248
115289,83341
115290,100221
115291,76151
115292,43877
115293,97734
115294,51105
115295,92211
115296,109631
115297,47111
115298,43666
115299,93465
115300,96911
115301,88727
115302,46605
115303,100684
115304,119188
115305,87836
115306,85156
115307,101025
115308,43627
115309,100669
115310,100432
115311,46117
115312,50301
115313,47056
115314,100092
115315,90586
115316,79881
115317,110846
115318,108250
115319,105068
115320,90308
115321,45354
115322,120862
115323,92236
115324,43489
115325,108456
115326,102704
115327,107339
115328,105280
115329,47788
115330,95715
115331,43569
115332,46163
115333,46340
115334,85798
115335,102928
115336,91655
115337,110084
115338,121374
115339,82886
115340,44781
115341,43630
115342,46430
115343,52147
115344,109181
115345,105766
115346,111064
115347,93977
115348,82946
115349,121526
115350,102396
115351,90948
115352,43104
115353,101852
115354,119591
115355,43517
115356,103561
115357,111863
115358,84136
115359,105970
115360,44380
115361,45381
115362,113521
115363,43543
115364,119562
115365,97620
115366,111542
115367,47894
115368,92791
115369,120276
115370,83486
115371,87881
115372,44794
115373,47713
115374,88970
115375,93578
115376,98815
115377,98560
115378,93225
115379,45347
115380,80179
115381,43292
115382,97032
115383,47374
115384,44331
115385,103039
115386,97252
115387,118624
115388,96301
115389,74512
115390,88694
115391,44696
115392,99264
115393,46297
115394,114526
115395,44087
115396,104122
115397,94467
115398,99806
115399,44271
115400,44284
115401,117183
115402,50163
115403,44872
115404,43389
115405,56946
115406,107046
115407,92583
115408,88877
115409,46866
115410,121259
115411,107987
115412,46665
115413,101886
115414,44945
115415,120046
115416,46608
115417,109524
115418,44554
115419,120128
115420,44586
115421,118383
115422,45968
115423,48171
115424,91340
115425,98486
115426,95864
115427,102787
115428,110930
115429,110720
115430,43939
115431,128630
115432,88786
115433,119149
115434,118449
115435,107371
115436,103841
115437,92305
115438,44359
115439,43219
115440,46917
115441,96314
115442,101304
115443,103293
115444,109617
115445,43791
115446,83520
115447,81537
115448,85592
115449,86544
115450,46514
115451,75936
115452,102148
115453,111202
115454,87460
115455,46817
115456,44386
115457,98988
115458,88795
115459,112547
115460,112284
115461,85478
115462,90332
115463,82959
115464,101959
115465,102405
115466,44955
115467,44276
115468,101443
115469,80657
115470,77323
115471,98193
115472,94115
115473,81448
115474,94035
115475,90899
115476,44020
115477,43867
115478,87593
115479,100367
115480,81472
115481,81007
115482,76872
115483,43063
115484,43930
115485,117085
115486,84710
115487,44676
115488,91069
115489,87302
115490,119480
115491,103990
115492,86054
115493,104615
115494,97917
115495,44099
115496,99151
115497,95353
115498,44123
115499,87982
115500,102839
115501,114635
115502,94003
115503,110767
115504,94714
115505,43412
115506,87296
115507,78305
115508,43589
115509,44008
115510,99020
115511,84896
115512,108738
115513,117157
115514,89999
115515,93018
115516,97390
115517,46162
115518,44292
115519,46143
115520,42735
115521,51427
115522,50050
115523,83899
115524,88628
115525,125499
115526,90891
115527,47528
115528,42987
115529,47759
115530,48305
115531,102220
115532,114482
115533,43486
115534,101510
115535,43433
115536,97286
115537,42781
115538,119877
115539,128857
115540,99005
115541,102151
115542,76218
115543,46889
115544,118837
115545,95412
115546,77507
115547,129131
115548,119307
115549,94063
115550,122461
115551,51199
115552,44118
115553,43735
115554,47763
115555,84886
115556,101323
115557,45158
115558,99864
115559,98746
115560,42660
115561,88715
115562,82682
115563,50224
115564,124600
115565,125361
115566,94478
115567,45013
115568,44301
115569,44854
115570,85088
115571,45739
115572,44039
115573,84959
115574,117100
115575,43322
115576,43369
115577,87812
115578,45620
115579,100162
115580,51867
115581,78185
115582,91161
115583,92326
115584,78918
115585,100971
115586,124555
115587,84022
115588,45543
115589,48207
115590,125854
115591,117430
115592,45835
115593,42624
115594,42925
115595,43276
115596,84695
115597,90014
115598,45324
115599,119280
115600,91810
115601,93973
115602,90604
115603,93725
115604,114458
115605,85574
115606,44903
115607,41954
115608,131163
115609,60381
115610,46173
115611,104957
115612,45556
115613,108683
115614,89654
115615,45848
115616,113149
115617,51228
115618,123532
115619,122759
115620,50843
115621,86534
115622,90337
115623,96980
115624,90071
115625,90625
115626,94269
115627,112851
115628,90404
115629,86902
115630,93343
115631,100013
115632,78906
115633,83520
115634,94514
115635,52142
115636,80290
115637,45322
115638,103375
115639,93404
115640,91742
115641,98434
115642,88561
115643,113495
115644,99767
115645,82066
115646,90246
115647,43096
115648,84384
115649,89834
115650,47020
115651,98803
115652,101424
115653,122061
115654,101692
115655,131139
115656,90384
115657,81205
115658,101276
115659,103914
115660,81451
115661,79024
115662,92008
115663,46220
115664,89854
115665,81679
115666,108919
115667,46403
115668,94342
115669,48069
115670,81681
115671,84374
115672,93541
115673,45157
115674,81814
115675,45475
115676,90770
115677,92455
115678,90357
115679,48020
115680,102642
115681,98770
115682,51918
115683,79173
115684,46339
115685,46328
115686,112071
115687,91968
115688,103699
115689,106293
115690,43300
115691,100965
115692,101211
115693,120568
115694,44484
115695,90676
115696,45736
115697,95170
115698,91572
115699,102799
115700,103975
115701,45032
115702,84886
115703,80848
115704,46086
115705,43672
115706,82714
115707,91987
115708,87644
115709,84027
115710,41775
115711,96107
115712,83127
115713,118255
115714,45342
115715,104256
115716,129180
115717,44317
115718,43462
115719,46026
115720,102912
115721,46815
115722,42398
115723,94242
115724,44051
115725,44034
115726,99020
115727,84796
115728,78727
115729,43342
115730,82290
115731,46117
115732,45187
115733,96920
115734,99813
115735,90230
115736,47702
115737,46397
115738,79434
115739,92462
115740,101321
115741,101903
115742,82616
115743,95679
115744,114408
115745,96047
115746,79434
115747,90413
115748,86207
115749,45170
115750,85062
115751,44963
115752,114565
115753,101373
115754,88054
115755,103574
115756,101490
115757,44734
115758,53402
115759,95236
115760,99098
115761,89397
115762,92155
115763,108284
115764,126644
115765,43711
115766,127128
115767,44734
115768,44086
115769,102545
115770,46420
115771,117745
115772,45725
115773,47357
115774,94003
115775,106083
115776,92803
115777,100588
115778,102395
115779,46471
115780,44079
115781,111276
115782,101643
115783,96357
115784,102372
115785,42961
115786,111208
115787,101858
115788,99780
115789,101949
115790,46455
115791,97559
115792,55250
115793,104509
115794,86039
115795,44298
115796,106819
115797,99939
115798,84506
115799,43356
115800,45760
115801,44692
115802,88978
115803,99271
115804,83660
115805,107419
115806,45678
115807,89122
115808,48366
115809,89980
115810,50479
115811,51406
115812,87867
115813,104327
115814,54469
115815,88530
115816,86950
115817,46607
115818,98585
115819,52013
115820,115140
115821,43652
115822,48083
115823,90798
115824,119058
115825,94616
115826,87892
115827,96581
115828,106723
115829,44535
115830,100895
115831,97183
115832,46531
115833,53927
115834,100913
115835,98028
115836,104223
115837,91576
115838,46387
115839,45251
115840,98486
115841,81878
115842,116217
115843,118132
115844,101248
115845,42219
115846,86183
115847,42349
115848,47297
115849,43960
115850,133362
115851,84720
115852,44820
115853,98137
115854,45036
115855,51310
115856,43293
115857,109606
115858,94128
115859,89023
115860,91047
115861,92277
115862,89744
115863,119556
115864,100358
115865,101824
115866,113733
115867,44658
115868,44908
115869,103583
115870,104090
115871,48301
115872,83092
115873,104162
115874,90502
115875,84543
115876,44805
115877,91629
115878,104713
115879,111857
115880,101329
115881,111838
115882,114003
115883,83684
115884,91411
115885,90844
115886,43218
115887,101779
115888,101494
115889,45327
115890,120965
115891,85329
115892,88795
115893,98362
115894,83029
115895,42118
115896,97234
115897,97592
115898,101761
115899,45381
115900,80917
115901,46826
115902,114123
115903,107456
115904,50626
115905,83768
115906,44047
115907,72942
115908,44290
115909,45892
115910,45599
115911,120191
115912,96453
115913,99331
115914,93077
115915,94517
115916,98491
115917,106867
115918,47562
115919,103179
115920,48448
115921,98951
115922,101881
115923,103063
115924,43966
115925,41992
115926,102293
115927,46521
115928,97297
115929,47342
115930,89997
115931,108553
115932,44802
115933,79956
115934,104804
115935,52563
115936,107483
115937,108500
115938,42630
115939,45484
115940,110672
115941,94678
115942,78488
115943,80538
115944,45281
115945,46847
115946,88113
115947,96775
115948,46034
115949,87243
115950,56050
115951,109054
115952,47182
115953,102262
115954,87039
115955,105915
115956,85352
115957,43289
115958,80657
115959,88985
115960,41705
115961,99514
115962,105229
115963,99128
115964,44712
115965,43572
115966,108316
115967,97258
115968,117676
115969,43043
115970,74803
115971,97359
115972,118354
115973,98254
115974,120921
115975,43712
115976,111658
115977,81182
115978,94376
115979,50741
115980,85945
115981,47503
115982,47682
115983,102431
115984,46905
115985,87087
115986,109594
115987,131850
115988,53419
115989,102837
115990,95251
115991,42433
115992,47104
115993,44960
115994,97273
115995,103437
115996,98453
115997,106592
115998,90747
115999,117207
116000,45600
116001,91173
116002,98606
116003,96521
116004,42259
116005,95268
116006,96281
116007,125241
116008,84608
116009,43639
116010,121985
116011,52357
116012,92407
116013,103169
116014,117506
116015,108564
116016,116117
116017,117732
116018,109231
116019,46632
116020,98124
116021,43520
116022,108369
116023,85769
116024,42679
116025,102065
116026,42583
116027,45004
116028,46536
116029,43517
116030,110396
116031,98149
116032,128359
116033,103909
116034,45085
116035,43738
116036,125907
116037,93853
116038,104116
116039,44777
116040,89424
116041,98964
116042,45220
116043,95376
116044,83423
116045,50084
116046,98309
116047,104175
116048,45786
116049,44997
116050,95867
116051,84685
116052,43067
116053,120102
116054,100663
116055,102032
116056,94228
116057,78069
116058,124355
116059,50928
116060,96314
116061,45380
116062,94334
116063,45284
116064,44652
116065,125652
116066,100790
116067,102997
116068,86338
116069,47260
116070,47274
116071,111233
116072,46255
116073,114019
116074,82670
116075,105675
116076,43448
116077,83417
116078,42167
116079,115687
116080,98211
116081,42615
116082,107895
116083,102720
116084,91206
116085,94007
116086,82769
116087,41109
116088,109409
116089,94070
116090,43125
116091,94866
116092,51082
116093,86040
116094,86729
116095,84661
116096,105084
116097,44043
116098,76218
116099,110024
116100,91038
116101,93884
116102,45677
116103,52137
116104,112456
116105,44133
116106,46073
116107,46754
116108,108047
116109,109722
116110,97378
116111,105396
116112,81101
116113,81520
116114,102777
116115,84438
116116,107504
116117,87054
116118,45645
116119,95335
116120,92179
116121,43516
116122,43135
116123,87647
116124,77985
116125,77456
116126,95530
116127,100079
116128,44905
116129,95480
116130,78684
116131,92103
116132,45801
116133,114375
116134,93273
116135,99855
116136,45632
116137,100956
116138,113857
116139,44467
116140,88675
116141,96782
116142,105209
116143,108024
116144,91356
116145,44702
116146,43782
116147,116430
116148,113772
116149,84179
116150,81631
116151,44470
116152,45415
116153,98574
116154,46625
116155,100887
116156,41458
116157,95122
116158,104405
116159,46407
116160,102357
116161,104078
116162,46307
116163,44033
116164,99239
116165,109334
116166,89363
116167,45128
116168,94022
116169,42961
116170,43805
116171,99869
116172,87345
116173,99928
116174,46788
116175,83713
116176,104723
116177,44583
116178,47350
116179,83147
116180,81851
116181,43392
116182,46802
116183,97112
116184,103105
116185,83570
116186,89887
116187,93486
116188,44613
116189,78525
116190,109568
116191,47117
116192,51513
116193,79709
116194,112218
116195,94218
116196,98865
116197,46282
116198,83195
116199,100357
116200,90454
116201,108671
116202,99850
116203,92546
116204,44796
116205,46494
116206,108677
116207,55132
116208,91672
116209,44107
116210,84284
116211,47510
116212,99337
116213,87987
116214,87837
116215,46209
116216,81755
116217,47416
116218,90588
116219,44162
116220,82222
116221,84086
116222,103320
116223,47555
116224,99416
116225,90364
116226,55747
116227,51645
116228,113810
116229,94544
116230,112353
116231,86762
116232,120992
116233,50763
116234,45456
116235,85281
116236,43317
116237,101443
116238,50669
116239,102910
116240,91188
116241,116066
116242,44703
116243,48850
116244,96452
116245,83500
116246,46221
116247,45057
116248,44089
116249,89711
116250,94573
116251,110775
116252,45324
116253,89495
116254,75461
116255,111474
116256,91821
116257,109603
116258,84255
116259,104742
116260,97371
116261,44333
116262,96170
116263,42716
116264,42847
116265,83577
116266,44788
116267,105847
116268,88649
116269,119398
116270,86296
116271,43733
116272,126846
116273,92009
116274,88071
116275,88905
116276,78817
116277,114897
116278,44759
116279,44165
116280,121334
116281,88832
116282,44113
116283,102101
116284,48833
116285,85976
116286,46691
116287,43618
116288,45067
116289,46980
116290,98869
116291,99055
116292,102977
116293,90393
116294,52936
116295,114894
116296,82236
116297,89551
116298,96836
116299,89811
116300,100487
116301,44280
116302,43370
116303,90935
116304,49348
116305,101669
116306,80748
116307,50132
116308,92238
116309,125108
116310,103775
116311,46686
116312,79448
116313,99327
116314,88732
116315,77258
116316,97144
116317,48103
116318,43046
116319,43517
116320,46521
116321,87719
116322,45807
116323,45053
116324,87482
116325,112943
116326,81746
116327,49114
116328,95184
116329,120198
116330,85998
116331,96889
116332,96985
116333,107777
116334,105222
116335,44027
116336,97181
116337,113148
116338,86352
116339,113015
116340,43276
116341,101780
116342,111333
116343,105756
116344,45253
116345,129310
116346,103082
116347,87537
116348,81900
116349,132636
116350,100909
116351,43545
116352,44900
116353,92440
116354,48441
116355,88515
116356,88973
116357,46014
116358,47543
116359,42680
116360,90698
116361,45698
116362,44850
116363,96937
116364,49569
116365,88053
116366,44474
116367,41682
116368,88766
116369,85816
116370,94641
116371,109892
116372,92852
116373,90436
116374,49464
116375,44838
116376,118568
116377,106415
116378,104157
116379,95368
116380,90876
116381,97542
116382,87336
116383,90493
116384,86837
116385,100563
116386,83005
116387,83386
116388,43641
116389,95787
116390,99514
116391,47289
116392,76835
116393,57620
116394,91690
116395,44867
116396,90350
116397,92440
116398,73493
116399,107980
116400,112226
116401,42236
116402,43387
116403,50399
116404,90230
116405,93778
116406,103124
116407,122564
116408,90097
116409,44938
116410,119827
116411,77826
116412,101510
116413,87582
116414,81441
116415,41860
116416,98324
116417,44952
116418,89948
116419,109878
116420,87311
116421,82394
116422,44838
116423,49068
116424,43699
116425,52170
116426,125142
116427,104649
116428,43711
116429,112567
116430,41640
116431,45559
116432,47828
116433,94985
116434,93443
116435,94022
116436,45712
116437,98945
116438,100720
116439,81178
116440,42222
116441,104732
116442,105135
116443,96419
116444,45137
116445,46056
116446,76404
116447,87030
116448,44796
116449,98842
116450,98393
116451,88332
116452,42077
116453,96266
116454,46228
116455,85976
116456,45516
116457,109737
116458,43858
116459,88060
116460,97610
116461,96970
116462,88415
116463,99858
116464,113382
116465,113130
116466,99195
116467,45483
116468,93607
116469,108401
116470,54260
116471,96652
116472,114197
116473,45584
116474,102946
116475,44104
116476,52157
116477,46036
116478,43481
116479,44232
116480,80881
116481,99351
116482,43576
116483,45408
116484,44077
116485,87068
116486,103115
116487,89196
116488,46179
116489,102392
116490,44111
116491,111708
116492,42304
116493,80663
116494,44522
116495,88617
116496,44653
116497,93732
116498,105481
116499,105052
116500,108912
116501,49729
116502,101876
116503,92191
116504,84252
116505,111515
116506,110384
116507,108563
116508,107645
116509,111827
116510,94423
116511,44099
116512,80662
116513,95044
116514,94476
116515,90986
116516,86872
116517,102187
116518,92392
116519,112422
116520,95356
116521,98338
116522,47163
116523,118428
116524,105169
116525,97110
116526,44714
116527,94652
116528,88797
116529,83570
116530,98047
116531,46939
116532,102011
116533,110022
116534,96801
116535,43005
116536,100469
116537,94978
116538,87149
116539,77985
116540,95403
116541,88556
116542,91574
116543,106848
116544,45999
116545,47386
116546,119339
116547,84659
116548,83688
116549,112480
116550,103363
116551,45706
116552,101657
116553,45704
116554,45806
116555,47849
116556,41787
116557,100045
116558,46253
116559,110238
116560,77985
116561,108899
116562,45556
116563,92402
116564,44471
116565,123728
116566,47527
116567,103595
116568,117900
116569,108191
116570,119331
116571,47561
116572,89057
116573,86490
116574,97275
116575,100203
116576,45777
116577,43374
116578,121426
116579,109852
116580,46141
116581,86508
116582,87319
116583,92249
116584,121946
116585,121631
116586,48905
116587,43357
116588,103639
116589,93885
116590,96174
116591,43830
116592,83351
116593,98278
116594,83724
116595,107424
116596,42876
116597,46032
116598,47501
116599,95605
116600,92031
116601,43693
116602,111645
116603,102445
116604,92903
116605,82628
116606,118073
116607,48774
116608,43731
116609,118194
116610,93306
116611,96917
116612,83577
116613,94296
116614,51949
116615,44812
116616,44218
116617,114620
116618,87782
116619,82803
116620,95605
116621,87160
116622,87354
116623,44202
116624,96759
116625,46785
116626,43600
116627,89641
116628,103722
116629,96081
116630,92412
116631,118436
116632,95692
116633,103296
116634,44283
116635,44696
116636,43562
116637,44962
116638,45692
116639,84173
116640,89042
116641,40325
116642,94553
116643,110718
116644,87319
116645,96634
116646,109379
116647,84218
116648,106145
116649,80075
116650,93141
116651,89639
116652,99440
116653,101070
116654,48292
116655,44698
116656,44867
116657,96308
116658,121270
116659,46660
116660,92224
116661,102405
116662,97258
116663,106407
116664,100012
116665,95250
116666,105556
116667,43949
116668,44719
116669,93115
116670,105233
116671,84616
116672,99077
116673,91513
116674,99779
116675,104886
116676,99128
116677,96296
116678,110512
116679,92513
116680,119693
116681,84853
116682,99606
116683,44381
116684,96818
116685,43700
116686,44956
116687,46460
116688,47879
116689,102640
116690,43672
116691,45921
116692,89004
116693,44412
116694,44084
116695,100933
116696,44790
116697,86530
116698,115630
116699,47476
116700,99626
116701,93004
116702,43702
116703,92305
116704,116756
116705,103180
116706,83001
116707,45263
116708,86785
116709,44579
116710,90471
116711,46216
116712,98121
116713,94155
116714,49466
116715,120927
116716,95597
116717,124644
116718,51791
116719,42236
116720,91992
116721,92413
116722,91298
116723,47739
116724,77985
116725,92086
116726,115827
116727,106374
116728,91099
116729,116149
116730,93347
116731,93635
116732,84470
116733,125706
116734,79211
116735,102909
116736,92189
116737,87538
116738,45507
116739,121152
116740,109917
116741,93783
116742,47614
116743,46877
116744,45900
116745,140118
116746,43170
116747,100207
116748,97568
116749,99642
116750,84520
116751,43505
116752,45665
116753,87360
116754,102408
116755,41804
116756,91187
116757,79956
116758,44930
116759,98212
116760,88485
116761,101954
116762,43911
116763,104497
116764,45429
116765,95089
116766,46541
116767,122580
116768,119035
116769,84834
116770,123072
116771,120616
116772,87108
116773,43816
116774,88927
116775,50386
116776,104897
116777,96276
116778,45178
116779,46380
116780,102894
116781,46367
116782,44819
116783,43770
116784,83065
116785,127853
116786,43850
116787,76975
116788,85575
116789,103386
116790,95054
116791,43563
116792,45092
116793,81584
116794,103206
116795,47396
116796,52178
116797,97830
116798,92957
116799,99164
116800,122896
116801,103481
116802,104148
116803,47186
116804,109338
116805,43167
116806,91229
116807,82466
116808,115855
116809,125227
116810,46401
116811,46844
116812,47634
116813,99207
116814,98328
116815,98463
116816,79322
116817,99269
116818,93852
116819,99609
116820,48507
116821,47414
116822,43635
116823,43517
116824,107728
116825,119537
116826,83582
116827,94475
116828,100905
116829,98590
116830,83360
116831,102787
116832,86656
116833,98374
116834,43322
116835,53503
116836,45468
116837,106921
116838,95370
116839,42788
116840,95715
116841,84196
116842,46817
116843,112420
116844,50618
116845,104468
116846,100017
116847,112032
116848,108501
116849,112660
116850,87660
116851,42584
116852,43650
116853,87226
116854,80988
116855,96134
116856,95370
116857,46781
116858,47003
116859,92104
116860,95703
116861,95461
116862,113685
116863,79709
116864,42855
116865,105459
116866,87032
116867,47185
116868,45112
116869,87878
116870,87621
116871,101128
116872,94442
116873,44267
116874,91655
116875,93412
116876,114254
116877,87229
116878,125337
116879,47152
116880,43622
116881,95143
116882,101633
116883,44459
116884,44236
116885,47788
116886,46505
116887,89025
116888,85692
116889,85984
116890,119143
116891,81473
116892,109366
116893,92307
116894,46504
116895,44567
116896,97330
116897,47283
116898,87615
116899,111302
116900,43143
116901,96513
116902,42722
116903,46319
116904,46252
116905,43841
116906,80073
116907,94125
116908,103990
116909,127335
116910,51335
116911,83029
116912,114304
116913,47667
116914,46604
116915,93736
116916,45801
116917,45915
116918,127851
116919,102816
116920,96075
116921,52709
116922,124423
116923,100560
116924,47888
116925,119290
116926,95065
116927,95771
116928,42908
116929,44866
116930,104040
116931,88237
116932,121634
116933,102290
116934,99295
116935,97345
116936,45542
116937,46448
116938,133867
116939,97270
116940,130454
116941,80752
116942,85071
116943,43901
116944,98930
116945,89740
116946,46910
116947,91265
116948,77859
116949,49421
116950,47884
116951,45870
116952,94889
116953,44322
116954,121644
116955,103684
116956,95589
116957,114323
116958,88987
116959,105504
116960,117920
116961,43600
116962,97940
116963,49368
116964,94187
116965,88787
116966,87711
116967,93953
116968,108920
116969,86945
116970,80906
116971,121149
116972,110686
116973,48308
116974,44271
116975,95940
116976,43883
116977,49031
116978,81818
116979,116948
116980,101490
116981,108829
116982,117982
116983,134501
116984,75323
116985,100610
116986,79706
116987,44111
116988,82446
116989,99108
116990,45068
116991,45889
116992,43190
116993,106266
116994,100921
116995,87537
116996,51836
116997,86499
116998,121325
116999,45583
117000,74512
117001,102319
117002,105865
117003,45200
117004,89003
117005,104546
117006,97889
117007,43248
117008,118495
117009,113323
117010,89525
117011,44813
117012,98312
117013,46197
117014,46947
117015,50530
117016,96294
117017,97633
117018,77422
117019,119586
117020,121669
117021,101458
117022,119765
117023,109500
117024,100161
117025,78944
117026,84457
117027,91282
117028,107211
117029,96591
117030,44640
117031,96365
117032,43687
117033,87876
117034,93874
117035,79798
117036,115325
117037,51678
117038,111229
117039,109751
117040,107631
117041,122694
117042,46281
117043,44058
117044,45222
117045,89185
117046,114484
117047,48221
117048,102967
117049,43911
117050,103477
117051,44565
117052,44794
117053,100078
117054,92527
117055,43183
117056,108966
117057,99672
117058,78725
117059,79146
117060,44461
117061,102561
117062,86663
117063,108224
117064,109716
117065,88487
117066,74960
117067,42673
117068,94880
117069,96327
117070,95701
117071,93917
117072,44112
117073,79964
117074,47809
117075,77859
117076,44973
117077,99888
117078,79939
117079,45798
117080,96194
117081,43744
117082,119225
117083,111309
117084,83409
117085,47115
117086,96175
117087,42691
117088,44905
117089,127557
117090,90856
117091,44594
117092,47620
117093,106046
117094,46831
117095,107791
117096,44507
117097,45797
117098,102396
117099,92206
117100,43059
117101,45042
117102,105471
117103,114737
117104,106087
117105,88861
117106,45139
117107,52037
117108,113819
117109,94665
117110,42515
117111,88246
117112,99339
117113,100422
117114,91483
117115,44958
117116,99194
117117,52993
117118,43685
117119,102689
117120,102957
117121,45705
117122,80543
117123,44629
117124,45092
117125,94987
117126,45933
117127,43300
117128,121650
117129,47115
117130,107380
117131,98259
117132,90287
117133,94035
117134,45165
117135,43738
117136,99333
117137,84221
117138,102526
117139,45197
117140,105280
117141,45173
117142,86781
117143,98122
117144,43928
117145,77330
117146,84225
117147,79514
117148,91554
117149,100079
117150,86178
117151,112132
117152,97088
117153,46797
117154,125237
117155,44004
117156,93957
117157,104948
117158,42533
117159,105370
117160,82476
117161,91519
117162,95848
117163,84654
117164,106699
117165,119166
117166,44628
117167,96445
117168,45148
117169,82309
117170,94518
117171,44498
117172,44932
117173,87151
117174,97961
117175,104130
117176,89471
117177,122395
117178,85199
117179,94994
117180,96046
117181,87509
117182,42812
117183,113681
117184,93609
117185,46941
117186,84469
117187,96170
117188,90124
117189,51772
117190,103296
117191,82913
117192,109180
117193,103384
117194,83953
117195,105017
117196,104612
117197,43803
117198,45713
117199,43077
117200,101713
117201,101076
117202,45159
117203,88830
117204,82283
117205,86480
117206,99195
117207,118966
117208,45533
117209,83971
117210,80794
117211,95074
117212,93738
117213,99167
117214,85555
117215,111609
117216,44820
117217,83896
117218,44818
117219,85499
117220,44987
117221,90297
117222,121035
117223,102098
117224,45149
117225,83341
117226,44962
117227,48308
117228,85623
117229,49533
117230,44959
117231,89983
117232,86755
117233,44904
117234,112325
117235,42649
117236,46986
117237,108518
117238,103293
117239,42964
117240,83680
117241,50701
117242,45403
117243,93237
117244,109812
117245,91866
117246,95931
117247,100827
117248,123406
117249,93975
117250,93831
117251,98686
117252,102130
117253,47007
117254,48015
117255,124694
117256,102593
117257,44256
117258,40361
117259,84655
117260,45529
117261,99511
117262,94111
117263,87971
117264,93046
117265,87850
117266,94766
117267,44200
117268,91685
117269,99005
117270,105042
117271,101726
117272,45286
117273,46605
117274,43866
117275,128409
117276,47456
117277,48264
117278,44442
117279,41580
117280,97324
117281,45591
117282,105793
117283,114131
117284,84288
117285,77859
117286,100801
117287,46936
117288,51554
117289,45534
117290,45617
117291,44535
117292,51543
117293,116447
117294,93293
117295,130877
117296,44009
117297,104216
117298,97505
117299,43035
117300,94472
117301,122269
117302,85578
117303,46287
117304,45729
117305,103592
117306,44162
117307,77422
117308,103857
117309,103444
117310,87929
117311,46521
117312,44272
117313,79879
117314,80290
117315,91527
117316,96567
117317,41442
117318,97331
117319,44436
117320,78382
117321,47624
117322,134278
117323,128094
117324,45336
117325,112976
117326,101323
117327,82697
117328,46199
117329,43620
117330,87535
117331,44927
117332,85405
117333,83927
117334,44303
117335,137738
117336,97707
117337,44765
117338,99869
117339,95379
117340,113113
117341,86479
117342,104722
117343,45631
117344,84808
117345,44807
117346,95393
117347,43765
117348,93599
117349,47486
117350,42984
117351,79051
117352,85599
117353,103978
117354,95521
117355,108907
117356,93407
117357,125719
117358,111748
117359,44221
117360,103249
117361,96494
117362,103771
117363,103415
117364,85970
117365,83296
117366,99082
117367,95985
117368,45031
117369,43693
117370,97456
117371,94829
117372,96865
117373,44741
117374,47149
117375,95190
117376,41678
117377,80820
117378,102528
117379,120239
117380,51229
117381,86342
117382,45091
117383,95701
117384,46761
117385,90925
117386,99996
117387,44337
117388,78730
117389,101873
117390,75639
117391,98305
117392,124223
117393,43986
117394,76414
117395,82749
117396,89103
117397,128551
117398,118630
117399,44322
117400,125009
117401,46767
117402,98453
117403,94758
117404,44101
117405,84070
117406,81393
117407,46283
117408,43210
117409,119211
117410,108682
117411,92122
117412,80431
117413,102103
117414,45103
117415,42720
117416,123411
117417,52125
117418,45181
117419,108547
117420,94155
117421,101728
117422,47262
117423,108675
117424,44754
117425,101100
117426,100153
117427,123306
117428,83735
117429,89859
117430,87652
117431,87788
117432,39742
117433,90431
117434,41743
117435,78996
117436,108082
117437,88728
117438,45349
117439,94808
117440,87535
117441,84576
117442,112910
117443,45480
117444,97529
117445,100778
117446,93221
117447,90119
117448,99187
117449,99538
117450,135390
117451,81494
117452,99387
117453,87524
117454,45054
117455,88457
117456,102104
117457,97534
117458,114336
117459,78185
117460,92978
117461,97630
117462,46362
117463,47115
117464,127549
117465,44242
117466,85293
117467,93584
117468,46359
117469,46563
117470,81867
117471,108925
117472,92278
117473,78428
117474,104893
117475,119096
117476,107899
117477,89457
117478,50401
117479,44479
117480,118102
117481,44392
117482,111744
117483,109982
117484,44262
117485,86245
117486,46536
117487,83268
117488,106450
117489,84212
117490,82875
117491,85468
117492,46567
117493,46622
117494,77822
117495,43198
117496,118901
117497,104275
117498,46212
117499,90552
117500,44249
117501,87319
117502,45919
117503,95863
117504,110757
117505,42730
117506,83811
117507,80857
117508,90502
117509,98431
117510,44098
117511,97920
117512,89067
117513,95848
117514,44868
117515,95516
117516,118626
117517,97303
117518,93298
117519,89401
117520,49096
117521,44059
117522,44870
117523,93885
117524,46114
117525,105158
117526,45309
117527,86205
117528,98834
117529,133919
117530,55256
117531,47405
117532,118102
117533,90198
117534,105196
117535,117187
117536,90208
117537,45741
117538,123650
117539,98997
117540,117150
117541,88289
117542,103252
117543,90729
117544,87152
117545,54917
117546,90713
117547,50109
117548,45954
117549,47577
117550,107347
117551,44857
117552,95329
117553,44086
117554,91893
117555,120875
117556,80903
117557,123228
117558,44761
117559,45863
117560,121095
117561,113694
117562,104540
117563,43875
117564,93227
117565,91165
117566,100376
117567,43743
117568,76388
117569,45770
117570,95098
117571,104498
117572,95530
117573,84157
117574,109586
117575,116650
117576,118766
117577,44006
117578,116405
117579,46889
117580,45137
117581,81981
117582,90780
117583,45001
117584,46042
117585,98778
117586,80400
117587,42706
117588,85837
117589,43132
117590,96878
117591,43730
117592,119921
117593,97618
117594,45277
117595,124810
117596,90698
117597,43190
117598,74607
117599,95093
117600,97958
117601,81232
117602,91229
117603,78233
117604,103876
117605,96310
117606,87581
117607,92090
117608,45096
117609,123230
117610,100612
117611,45700
117612,79993
117613,94448
117614,111415
117615,99122
117616,86889
117617,94516
117618,80952
117619,100049
117620,119908
117621,93851
117622,44966
117623,44027
117624,104451
117625,106509
117626,46027
117627,96550
117628,44864
117629,46205
117630,86992
117631,90386
117632,91829
117633,97141
117634,102502
117635,112737
117636,95643
117637,44130
117638,91447
117639,88376
117640,85401
117641,114606
117642,42550
117643,46356
117644,123164
117645,46007
117646,114467
117647,102466
117648,43835
117649,51418
117650,44997
117651,130179
117652,85626
117653,46874
117654,112336
117655,83101
117656,89115
117657,45946
117658,98817
117659,98175
117660,118418
117661,90123
117662,43758
117663,47118
117664,51214
117665,46199
117666,95598
117667,89097
117668,83690
117669,88386
117670,89729
117671,109696
117672,94212
117673,43933
117674,86121
117675,44718
117676,93329
117677,88878
117678,44554
117679,105220
117680,46139
117681,42407
117682,53318
117683,43578
117684,98007
117685,88958
117686,43504
117687,102646
117688,111573
117689,105794
117690,45543
117691,122915
117692,100329
117693,90541
117694,83549
117695,97208
117696,84074
117697,49915
117698,129114
117699,98082
117700,83900
117701,97840
117702,118708
117703,43132
117704,88220
117705,101666
117706,77456
117707,108434
117708,113594
117709,88638
117710,52584
117711,107644
117712,99207
117713,45067
117714,98560
117715,106349
117716,43304
117717,98007
117718,105970
117719,45848
117720,44504
117721,87454
117722,43876
117723,86174
117724,96358
117725,94111
117726,43303
117727,46105
117728,45699
117729,96908
117730,47526
117731,124725
117732,112563
117733,121306
117734,84992
117735,47688
117736,46348
117737,87903
117738,102917
117739,92131
117740,113594
117741,97051
117742,46076
117743,44560
117744,86912
117745,92530
117746,108401
117747,43097
117748,42427
117749,98975
117750,48415
117751,76058
117752,92051
117753,46730
117754,42323
117755,44960
117756,96762
117757,84218
117758,45804
117759,45999
117760,87944
117761,109883
117762,104867
117763,85429
117764,87672
117765,91506
117766,51227
117767,127269
117768,97112
117769,114222
117770,102162
117771,43911
117772,78767
117773,77437
117774,53800
117775,44050
117776,94575
117777,47996
117778,114297
117779,47548
117780,88680
117781,88111
117782,49089
117783,80459
117784,107914
117785,44699
117786,43210
117787,46200
117788,94412
117789,46024
117790,104065
117791,110396
117792,44060
117793,45433
117794,87673
117795,42398
117796,85917
117797,45246
117798,45919
117799,107979
117800,44768
117801,91170
117802,89652
117803,101408
117804,84854
117805,47262
117806,83526
117807,97060
117808,46310
117809,47743
117810,123857
117811,100958
117812,98992
117813,102154
117814,83616
117815,119469
117816,77218
117817,96422
117818,95255
117819,100934
117820,92215
117821,111686
117822,93692
117823,129577
117824,92204
117825,127697
117826,78197
117827,46510
117828,95714
117829,127980
117830,78058
117831,112340
117832,103317
117833,104917
117834,93591
117835,112575
117836,47387
117837,44904
117838,107979
117839,106350
117840,104168
117841,44552
117842,75739
117843,44422
117844,89955
117845,86334
117846,43546
117847,87371
117848,104338
117849,94865
117850,113145
117851,42525
117852,84169
117853,83770
117854,90747
117855,98088
117856,43761
117857,49682
117858,43342
117859,117469
117860,46868
117861,101832
117862,50325
117863,45357
117864,93925
117865,51000
117866,80662
117867,91738
117868,92513
117869,91311
117870,47452
117871,78991
117872,86032
117873,80311
117874,91218
117875,102790
117876,43849
117877,76261
117878,109560
117879,45360
117880,78727
117881,101830
117882,105765
117883,97329
117884,77650
117885,46951
117886,119010
117887,91172
117888,43092
117889,44635
117890,43608
117891,108778
117892,93953
117893,47495
117894,88309
117895,106730
117896,79345
117897,97775
117898,46288
117899,47337
117900,78817
117901,44822
117902,83622
117903,77422
117904,121246
117905,84047
117906,104662
117907,99522
117908,48611
117909,93335
117910,80399
117911,116296
117912,73743
117913,87509
117914,86706
117915,45138
117916,48260
117917,48246
117918,45598
117919,42707
117920,92153
117921,97934
117922,126636
117923,98416
117924,44519
117925,100932
117926,45038
117927,98119
117928,110395
117929,46734
117930,98481
117931,92787
117932,47236
117933,102529
117934,45314
117935,101669
117936,128565
117937,45975
117938,108091
117939,98193
117940,49646
117941,41687
117942,100987
117943,100670
117944,89766
117945,99492
117946,80810
117947,99306
117948,76468
117949,106375
117950,43535
117951,43562
117952,44160
117953,90280
117954,108058
117955,50652
117956,115797
117957,100423
117958,44714
117959,83029
117960,89568
117961,91653
117962,104994
117963,50341
117964,99004
117965,44688
117966,102057
117967,84721
117968,94969
117969,86189
117970,45864
117971,97720
117972,76908
117973,49882
117974,47219
117975,94030
117976,45912
117977,83246
117978,95342
117979,44825
117980,100757
117981,85969
117982,82424
117983,95892
117984,49327
117985,84853
117986,97380
117987,85788
117988,47798
117989,52939
117990,88344
117991,113546
117992,44331
117993,109642
117994,50628
117995,96450
117996,46086
117997,89455
117998,85436
117999,82283
118000,49517
118001,48002
118002,46606
118003,85666
118004,43178
118005,44923
118006,96003
118007,100230
118008,42685
118009,87345
118010,94462
118011,112799
118012,93375
118013,47890
118014,121763
118015,45320
118016,86822
118017,105360
118018,99558
118019,43678
118020,47918
118021,44727
118022,41878
118023,90200
118024,55063
118025,46165
118026,102163
118027,90849
118028,85211
118029,79213
118030,95841
118031,101393
118032,91229
118033,94864
118034,82147
118035,98109
118036,43801
118037,125791
118038,96523
118039,84846
118040,105232
118041,83576
118042,95671
118043,114892
118044,94673
118045,97991
118046,100086
118047,46243
118048,83812
118049,94003
118050,45621
118051,86119
118052,87344
118053,97873
118054,48744
118055,110054
118056,107775
118057,121478
118058,91738
118059,81433
118060,53036
118061,108762
118062,43174
118063,84687
118064,111289
118065,104306
118066,52771
118067,44006
118068,48052
118069,107064
118070,83092
118071,42988
118072,43687
118073,104001
118074,45239
118075,44419
118076,94000
118077,91065
118078,89556
118079,102308
118080,111598
118081,81710
118082,44523
118083,84470
118084,122799
118085,120899
118086,103413
118087,121918
118088,127592
118089,119514
118090,44904
118091,41779
118092,83103
118093,118436
118094,82066
118095,44613
118096,44038
118097,112334
118098,47927
118099,94152
118100,111875
118101,98198
118102,106374
118103,94228
118104,54235
118105,94632
118106,100724
118107,45604
118108,43960
118109,49310
118110,104854
118111,104179
118112,105560
118113,97128
118114,42906
118115,91653
118116,47280
118117,84154
118118,43342
118119,46034
118120,83927
118121,82628
118122,125951
118123,94952
118124,102367
118125,47568
118126,83909
118127,46929
118128,86257
118129,107891
118130,93243
118131,113420
118132,44578
118133,43950
118134,128206
118135,80655
118136,92720
118137,104699
118138,94955
118139,47465
118140,45672
118141,108932
118142,84712
118143,111416
118144,45299
118145,111298
118146,101284
118147,45920
118148,45583
118149,101740
118150,51106
118151,91539
118152,43251
118153,89974
118154,95054
118155,97002
118156,98185
118157,46979
118158,125314
118159,101028
118160,55977
118161,45407
118162,89106
118163,46777
118164,92895
118165,106058
118166,88457
118167,88457
118168,113144
118169,100548
118170,44904
118171,92948
118172,89732
118173,96975
118174,45486
118175,83068
118176,87078
118177,90635
118178,44333
118179,95975
118180,44377
118181,43968
118182,44316
118183,45220
118184,42987
118185,105429
118186,114254
118187,95142
118188,94713
118189,48962
118190,99779
118191,44300
118192,102575
118193,46045
118194,43605
118195,43758
118196,103966
118197,46658
118198,121255
118199,79392
118200,100605
118201,98363
118202,95329
118203,43889
118204,100307
118205,102782
118206,107189
118207,81968
118208,45212
118209,97642
118210,93554
118211,97183
118212,43741
118213,81222
118214,77818
118215,89050
118216,106063
118217,46153
118218,43992
118219,124877
118220,97070
118221,93071
118222,43552
118223,99752
118224,131797
118225,89373
118226,94673
118227,44535
118228,96708
118229,97061
118230,43980
118231,43711
118232,45684
118233,46988
118234,91556
118235,45789
118236,47317
118237,114003
118238,44814
118239,46438
118240,87460
118241,98867
118242,115314
118243,115893
118244,43135
118245,43139
118246,94647
118247,45735
118248,45688
118249,88870
118250,78903
118251,118145
118252,84576
118253,79641
118254,102402
118255,107692
118256,91659
118257,43448
118258,103085
118259,46265
118260,43132
118261,53130
118262,44217
118263,46680
118264,100825
118265,107003
118266,46110
118267,102236
118268,45559
118269,44893
118270,114380
118271,51528
118272,44085
118273,94029
118274,108316
118275,45246
118276,43210
118277,45401
118278,82258
118279,118830
118280,43321
118281,85247
118282,43728
118283,126793
118284,42092
118285,99813
118286,100494
118287,42430
118288,101622
118289,103149
118290,47341
118291,46180
118292,85882
118293,91686
118294,101209
118295,90457
118296,113196
118297,102617
118298,43950
118299,93943
118300,100452
118301,86207
118302,47211
118303,48595
118304,98590
118305,45687
118306,90769
118307,43768
118308,112334
118309,84092
118310,114471
118311,43381
118312,85870
118313,44820
118314,44490
118315,47222
118316,114256
118317,57947
118318,79919
118319,101660
118320,119500
118321,106809
118322,46169
118323,104933
118324,44562
118325,77701
118326,94742
118327,94806
118328,44300
118329,83631
118330,103122
118331,95588
118332,82564
118333,43476
118334,45608
118335,44019
118336,120421
118337,105581
118338,84652
118339,91693
118340,107105
118341,117068
118342,108317
118343,47763
118344,89580
118345,47613
118346,103393
118347,116877
118348,124620
118349,78298
118350,43583
118351,43780
118352,110494
118353,92207
118354,113163
118355,80616
118356,103978
118357,77620
118358,100861
118359,49365
118360,93349
118361,46677
118362,48336
118363,88760
118364,44615
118365,97356
118366,90894
118367,101833
118368,91707
118369,80275
118370,104560
118371,102229
118372,104374
118373,115003
118374,92089
118375,44438
118376,45494
118377,91523
118378,47050
118379,104447
118380,105057
118381,99193
118382,84876
118383,113155
118384,101545
118385,111299
118386,101783
118387,54573
118388,121149
118389,51328
118390,98120
118391,50338
118392,87903
118393,83586
118394,99787
118395,111946
118396,111625
118397,115641
118398,101239
118399,105593
118400,88280
118401,44392
118402,75595
118403,54920
118404,88729
118405,93345
118406,94093
118407,115769
118408,45879
118409,84022
118410,111282
118411,111842
118412,92828
118413,46376
118414,99066
118415,122056
118416,96698
118417,88016
118418,44166
118419,127618
118420,77985
118421,116399
118422,114809
118423,52737
118424,80810
118425,87850
118426,118508
118427,46972
118428,45972
118429,87672
118430,91356
118431,121039
118432,42990
118433,46624
118434,43045
118435,48360
118436,43507
118437,107925
118438,89629
118439,100040
118440,109159
118441,109351
118442,79024
118443,79873
118444,46367
118445,44639
118446,44893
118447,87200
118448,44235
118449,112676
118450,43488
118451,45322
118452,87528
118453,43849
118454,47233
118455,106697
118456,101809
118457,94806
118458,44552
118459,92828
118460,118125
118461,99837
118462,46854
118463,47516
118464,44148
118465,94908
118466,82527
118467,45780
118468,119240
118469,106034
118470,98877
118471,45738
118472,46630
118473,44354
118474,43226
118475,97815
118476,104267
118477,54496
118478,90355
118479,92803
118480,107247
118481,44194
118482,43223
118483,115233
118484,101796
118485,100641
118486,91551
118487,42598
118488,102440
118489,43993
118490,44806
118491,44764
118492,49647
118493,112996
118494,78305
118495,79304
118496,45680
118497,99519
118498,110325
118499,46154
118500,44616
118501,107945
118502,107494
118503,47432
118504,106151
118505,49338
118506,89452
118507,94155
118508,95772
118509,102162
118510,90324
118511,99760
118512,100862
118513,44298
118514,96977
118515,81016
118516,102043
118517,89045
118518,93699
118519,50678
118520,98404
118521,99336
118522,44284
118523,45681
118524,110700
118525,75476
118526,88754
118527,86683
118528,42143
118529,43824
118530,104484
118531,52119
118532,90111
118533,46887
118534,85577
118535,101398
118536,92212
118537,95307
118538,44438
118539,97549
118540,44669
118541,112888
118542,115630
118543,78834
118544,78012
118545,85867
118546,94106
118547,114338
118548,97021
118549,45698
118550,44099
118551,45994
118552,82779
118553,106867
118554,109798
118555,97590
118556,89805
118557,102967
118558,88041
118559,120624
118560,102417
118561,97731
118562,79476
118563,91410
118564,44336
118565,89847
118566,87582
118567,95008
118568,94216
118569,111272
118570,89601
118571,44358
118572,93521
118573,112757
118574,85495
118575,45345
118576,55656
118577,90221
118578,46122
118579,94557
118580,45350
118581,46346
118582,45179
118583,91259
118584,99936
118585,95826
118586,92484
118587,86659
118588,100486
118589,105304
118590,54796
118591,110745
118592,103178
118593,78775
118594,87874
118595,88263
118596,87087
118597,103831
118598,44731
118599,106149
118600,115886
118601,104724
118602,94062
118603,77620
118604,118029
118605,44653
118606,82236
118607,46073
118608,80947
118609,87556
118610,87576
118611,44885
118612,106472
118613,98823
118614,43934
118615,44689
118616,90806
118617,78648
118618,79689
118619,45501
118620,90723
118621,45822
118622,83147
118623,120428
118624,86958
118625,92361
118626,118790
118627,44965
118628,47109
118629,124694
118630,89196
118631,100180
118632,100513
118633,107164
118634,91630
118635,43693
118636,102002
118637,44971
118638,47781
118639,43902
118640,119186
118641,90782
118642,51490
118643,84161
118644,121275
118645,102693
118646,83745
118647,84696
118648,88326
118649,92163
118650,105754
118651,42260
118652,91278
118653,112192
118654,101795
118655,90062
118656,84261
118657,43002
118658,47618
118659,88559
118660,87680
118661,122449
118662,102445
118663,122474
118664,94468
118665,45311
118666,100400
118667,90484
118668,100667
118669,101353
118670,44450
118671,89967
118672,110413
118673,87053
118674,93153
118675,77505
118676,47009
118677,93622
118678,94115
118679,99493
118680,45172
118681,112480
118682,108807
118683,103202
118684,105301
118685,44498
118686,111119
118687,95336
118688,87262
118689,102922
118690,41942
118691,95772
118692,106954
118693,88419
118694,45002
118695,82834
118696,118899
118697,96801
118698,47169
118699,81602
118700,46022
118701,82628
118702,98968
118703,43025
118704,43321
118705,84853
118706,44630
118707,51940
118708,47648
118709,111686
118710,44965
118711,115546
118712,99240
118713,50413
118714,95046
118715,88802
118716,46984
118717,97211
118718,102838
118719,90990
118720,119390
118721,106509
118722,116706
118723,46035
118724,92265
118725,94329
118726,104655
118727,98465
118728,46886
118729,102804
118730,90972
118731,46610
118732,89473
118733,44086
118734,91275
118735,100884
118736,42857
118737,46295
118738,83147
118739,43711
118740,81398
118741,43551
118742,110517
118743,98917
118744,48113
118745,48169
118746,96828
118747,90647
118748,45071
118749,103317
118750,45320
118751,77888
118752,82066
118753,93375
118754,86279
118755,51769
118756,100420
118757,44932
118758,45862
118759,86623
118760,47278
118761,124158
118762,84559
118763,44739
118764,124138
118765,84444
118766,98692
118767,44266
118768,105065
118769,104124
118770,44677
118771,52080
118772,43953
118773,116529
118774,117173
118775,95581
118776,108999
118777,99789
118778,82954
118779,108316
118780,45529
118781,102998
118782,47108
118783,89762
118784,46367
118785,120333
118786,105493
118787,46388
118788,113857
118789,107130
118790,108867
118791,49034
118792,105618
118793,47753
118794,45721
118795,45003
118796,102758
118797,46189
118798,49613
118799,113929
118800,90510
118801,99364
118802,117575
118803,83561
118804,42774
118805,113641
118806,97135
118807,85578
118808,44086
118809,99013
118810,104603
118811,97419
118812,47399
118813,89456
118814,124203
118815,98461
118816,45654
118817,104514
118818,45915
118819,108911
118820,84532
118821,98233
118822,110822
118823,46028
118824,44244
118825,45424
118826,41725
118827,81688
118828,44284
118829,95995
118830,48067
118831,97673
118832,56321
118833,45801
118834,86672
118835,48688
118836,44727
118837,89263
118838,90437
118839,99282
118840,44785
118841,83360
118842,109895
118843,109435
118844,46690
118845,43068
118846,92681
118847,85929
118848,89454
118849,78305
118850,93529
118851,43648
118852,52651
118853,43792
118854,110315
118855,45938
118856,83735
118857,86283
118858,84355
118859,45635
118860,110525
118861,45179
118862,49181
118863,80744
118864,95291
118865,102617
118866,113829
118867,43253
118868,87878
118869,108192
118870,87371
118871,85878
118872,95199
118873,46123
118874,95629
118875,89396
118876,59535
118877,94673
118878,45169
118879,87867
118880,82135
118881,89508
118882,43458
118883,48743
118884,101799
118885,80825
118886,103489
118887,88656
118888,42956
118889,78697
118890,83153
118891,99424
118892,50447
118893,85844
118894,44393
118895,105398
118896,93837
118897,91069
118898,43004
118899,100113
118900,96445
118901,85435
118902,45853
118903,95359
118904,101168
118905,83995
118906,42647
118907,55890
118908,90875
118909,73918
118910,102564
118911,79884
118912,118214
118913,113492
118914,95862
118915,79694
118916,102971
118917,47796
118918,88934
118919,87576
118920,111706
118921,51833
118922,108252
118923,106242
118924,42958
118925,116039
118926,101484
118927,97824
118928,91436
118929,42597
118930,111054
118931,101334
118932,84293
118933,92313
118934,45626
118935,93636
118936,43480
118937,106084
118938,87794
118939,104092
118940,105017
118941,46862
118942,98750
118943,45100
118944,101336
118945,96614
118946,43323
118947,55231
118948,96627
118949,94218
118950,82207
118951,108164
118952,82160
118953,45632
118954,85327
118955,43781
118956,102534
118957,44017
118958,86948
118959,44593
118960,43768
118961,96390
118962,47189
118963,84651
118964,109315
118965,95954
118966,96821
118967,98916
118968,93028
118969,104019
118970,91714
118971,83336
118972,96406
118973,108714
118974,93872
118975,83999
118976,43725
118977,44895
118978,85685
118979,89225
118980,94057
118981,44385
118982,77620
118983,121384
118984,97040
118985,100949
118986,93578
118987,52155
118988,120125
118989,90773
118990,78069
118991,103216
118992,118844
118993,107603
118994,89000
118995,90832
118996,42909
118997,48405
118998,94577
118999,46782
119000,103203
119001,45840
119002,90770
119003,101993
119004,99698
119005,84355
119006,107698
119007,100344
119008,51418
119009,46246
119010,98594
119011,86006
119012,46205
119013,83182
119014,98255
119015,123776
119016,85223
119017,86810
119018,117115
119019,45132
119020,103681
119021,86742
119022,45124
119023,44977
119024,95298
119025,97143
119026,94413
119027,52268
119028,44310
119029,108023
119030,89448
119031,47072
119032,88965
119033,47124
119034,55060
119035,44546
119036,104233
119037,122248
119038,91978
119039,96678
119040,101732
119041,113164
119042,91183
119043,126541
119044,109737
119045,91948
119046,92354
119047,43058
119048,45282
119049,94856
119050,77818
119051,85566
119052,43163
119053,107690
119054,92219
119055,44305
119056,86660
119057,44596
119058,44493
119059,89373
119060,45688
119061,86427
119062,47787
119063,108676
119064,42175
119065,117172
119066,101583
119067,44271
119068,109834
119069,110377
119070,110803
119071,44842
119072,102888
119073,45601
119074,95489
119075,91658
119076,45458
119077,93262
119078,111466
119079,91577
119080,126975
119081,97779
119082,93424
119083,88019
119084,96077
119085,98961
119086,98206
119087,87612
119088,45743
119089,52406
119090,77353
119091,100307
119092,46075
119093,52827
119094,42278
119095,97755
119096,85911
119097,46659
119098,83916
119099,89002
119100,94819
119101,100688
119102,89941
119103,45629
119104,104865
119105,127814
119106,43889
119107,50091
119108,46186
119109,131353
119110,91644
119111,106310
119112,98203
119113,102789
119114,84330
119115,98698
119116,97842
119117,95936
119118,102601
119119,44038
119120,105514
119121,42936
119122,44943
119123,117021
119124,45784
119125,43857
119126,104798
119127,94442
119128,98235
119129,77323
119130,87548
119131,127361
119132,82940
119133,82203
119134,119022
119135,98267
119136,97455
119137,44105
119138,113717
119139,94926
119140,43731
119141,83676
119142,100914
119143,103308
119144,113039
119145,86416
119146,97667
119147,44469
119148,115597
119149,46530
119150,109225
119151,106697
119152,114345
119153,46695
119154,97523
119155,95866
119156,100203
119157,106571
119158,103202
119159,42953
119160,91873
119161,102121
119162,44489
119163,47850
119164,44119
119165,102505
119166,94310
119167,99933
119168,54965
119169,95028
119170,45759
119171,94211
119172,50226
119173,106261
119174,83536
119175,46296
119176,47122
119177,108477
119178,131544
119179,110512
119180,46627
119181,77827
119182,45195
119183,83061
119184,43773
119185,43031
119186,131355
119187,90826
119188,45649
119189,102734
119190,123146
119191,78298
119192,101490
119193,98943
119194,45179
119195,44367
119196,108483
119197,105396
119198,95097
119199,46982
119200,119193
119201,105443
119202,44050
119203,99417
119204,101763
119205,121802
119206,46229
119207,100554
119208,46288
119209,89225
119210,44246
119211,110919
119212,92605
119213,92794
119214,103620
119215,126682
119216,104761
119217,96758
119218,44201
119219,44116
119220,104339
119221,99033
119222,44098
119223,87468
119224,45010
119225,46095
119226,78170
119227,99715
119228,124045
119229,94106
119230,46213
119231,81235
119232,101919
119233,48369
119234,90380
119235,87075
119236,97046
119237,94564
119238,120713
119239,86413
119240,46916
119241,89555
119242,77778
119243,102426
119244,95673
119245,108360
119246,89609
119247,90820
119248,99053
119249,91189
119250,48361
119251,73933
119252,46722
119253,100652
119254,98825
119255,82886
119256,103188
119257,44263
119258,50130
119259,89092
119260,93327
119261,94485
119262,115876
119263,47353
119264,124965
119265,92351
119266,43712
119267,87536
119268,84348
119269,119120
119270,45450
119271,92038
119272,43381
119273,112394
119274,88181
119275,41479
119276,95358
119277,111302
119278,78161
119279,84218
119280,99681
119281,52772
119282,83675
119283,94368
119284,115056
119285,101699
119286,96782
119287,54444
119288,114153
119289,43392
119290,43460
119291,90804
119292,109806
119293,43753
119294,45186
119295,121051
119296,89911
119297,90530
119298,106478
119299,133943
119300,94149
119301,45932
119302,100462
119303,108278
119304,44144
119305,89373
119306,42413
119307,97387
119308,83920
119309,101004
119310,43889
119311,101313
119312,107891
119313,46137
119314,94623
119315,119100
119316,44256
119317,43517
119318,42027
119319,45770
119320,101716
119321,43799
119322,111439
119323,43845
119324,46488
119325,94391
119326,86452
119327,130866
119328,117827
119329,98899
119330,115880
119331,49319
119332,96385
119333,116375
119334,92069
119335,80651
119336,44310
119337,43422
119338,45769
119339,91265
119340,108234
119341,83858
119342,103054
119343,79426
119344,105160
119345,79321
119346,44567
119347,43682
119348,96911
119349,111403
119350,96744
119351,49954
119352,97931
119353,95867
119354,43246
119355,106099
119356,110827
119357,84696
119358,98917
119359,116271
119360,99813
119361,110734
119362,107337
119363,44020
119364,101940
119365,127453
119366,42584
119367,77985
119368,89545
119369,86950
119370,95539
119371,104078
119372,46107
119373,85355
119374,41808
119375,100144
119376,99273
119377,92063
119378,45756
119379,46979
119380,95014
119381,108988
119382,93728
119383,44284
119384,90902
119385,78832
119386,84018
119387,113409
119388,44674
119389,81627
119390,105348
119391,84469
119392,45401
119393,89425
119394,46062
119395,42764
119396,44180
119397,137641
119398,44963
119399,47208
119400,87089
119401,90609
119402,82913
119403,82125
119404,78185
119405,45142
119406,95845
119407,81917
119408,42113
119409,108874
119410,104302
119411,43255
119412,80657
119413,45168
119414,46370
119415,78639
119416,95358
119417,45320
119418,45232
119419,122273
119420,103458
119421,112459
119422,44845
119423,88125
119424,90318
119425,108710
119426,102743
119427,105696
119428,45420
119429,101008
119430,43225
119431,43990
119432,47570
119433,43014
119434,86040
119435,89170
119436,44703
119437,44526
119438,100282
119439,121332
119440,79366
119441,81814
119442,76617
119443,94360
119444,47388
119445,43961
119446,124567
119447,44629
119448,94542
119449,47617
119450,47319
119451,47665
119452,79541
119453,43341
119454,78185
119455,100377
119456,46094
119457,46561
119458,88649
119459,102698
119460,44320
119461,123354
119462,113193
119463,45547
119464,87345
119465,108909
119466,93970
119467,44053
119468,94131
119469,101783
119470,104996
119471,101627
119472,91516
119473,100870
119474,43826
119475,85934
119476,98635
119477,126227
119478,99258
119479,105049
119480,45700
119481,51371
119482,43389
119483,99461
119484,56773
119485,89098
119486,101859
119487,91190
119488,96320
119489,116149
119490,94062
119491,51409
119492,45320
119493,96914
119494,46034
119495,81433
119496,89218
119497,119700
119498,94502
119499,48328
119500,80152
119501,102417
119502,107072
119503,53218
119504,111968
119505,94547
119506,45704
119507,51184
119508,46118
119509,110492
119510,48467
119511,44995
119512,94213
119513,47866
119514,98284
119515,88761
119516,136877
119517,80810
119518,84976
119519,122145
119520,94816
119521,99632
119522,79810
119523,95533
119524,47207
119525,56381
119526,110504
119527,46339
119528,46252
119529,117705
119530,95029
119531,50354
119532,83631
119533,48899
119534,109123
119535,81710
119536,107194
119537,91401
119538,101388
119539,101526
119540,105711
119541,86858
119542,102998
119543,49779
119544,95182
119545,109692
119546,94127
119547,111425
119548,100203
119549,43342
119550,91003
119551,81647
119552,79325
119553,125365
119554,45074
119555,97567
119556,121621
119557,45930
119558,121166
119559,85888
119560,105902
119561,41791
119562,45480
119563,45463
119564,45347
119565,46238
119566,44433
119567,113039
119568,44930
119569,112521
119570,92801
119571,92307
119572,44533
119573,95314
119574,43043
119575,99886
119576,88451
119577,46280
119578,81388
119579,112829
119580,125838
119581,85588
119582,46930
119583,42984
119584,45452
119585,92701
119586,80033
119587,44638
119588,84841
119589,91219
119590,95804
119591,119040
119592,130583
119593,97354
119594,95178
119595,42047
119596,92239
119597,44946
119598,110426
119599,96089
119600,83993
119601,99082
119602,115242
119603,96967
119604,87929
119605,110224
119606,108649
119607,45663
119608,101816
119609,96405
119610,79605
119611,111302
119612,45647
119613,44723
119614,44133
119615,101119
119616,127472
119617,42696
119618,92322
119619,43735
119620,96602
119621,44682
119622,85293
119623,123732
119624,123290
119625,99008
119626,45690
119627,92127
119628,45397
119629,108142
119630,94527
119631,101194
119632,43378
119633,91751
119634,87596
119635,112561
119636,109364
119637,100268
119638,44347
119639,97784
119640,43753
119641,94184
119642,50401
119643,85952
119644,101323
119645,106303
119646,45499
119647,50888
119648,85716
119649,104532
119650,43937
119651,100933
119652,89444
119653,93934
119654,115667
119655,108405
119656,44047
119657,42541
119658,107367
119659,44251
119660,87055
119661,104484
119662,88086
119663,111641
119664,83930
119665,43956
119666,44591
119667,45502
119668,107884
119669,44541
119670,42775
119671,122921
119672,122909
119673,45459
119674,97206
119675,44410
119676,44382
119677,96559
119678,83740
119679,43443
119680,95967
119681,52721
119682,120545
119683,110439
119684,87813
119685,43520
119686,43810
119687,46465
119688,54780
119689,43066
119690,107373
119691,90863
119692,47817
119693,108816
119694,44664
119695,95308
119696,98037
119697,83134
119698,44980
119699,82886
119700,99557
119701,82232
119702,119339
119703,79567
119704,107769
119705,94596
119706,45547
119707,95271
119708,99106
119709,94374
119710,45634
119711,44633
119712,42550
119713,90149
119714,96518
119715,99366
119716,90124
119717,45695
119718,96787
119719,47508
119720,46606
119721,93690
119722,46389
119723,47791
119724,96478
119725,45571
119726,97351
119727,44996
119728,101798
119729,80869
119730,104477
119731,46721
119732,83912
119733,106734
119734,45417
119735,107181
119736,46114
119737,42882
119738,86146
119739,43197
119740,45772
119741,83597
119742,41221
119743,44129
119744,85198
119745,43433
119746,83957
119747,104667
119748,92448
119749,78251
119750,101696
119751,81362
119752,101287
119753,45442
119754,94987
119755,99803
119756,121902
119757,101290
119758,46484
119759,92802
119760,113575
119761,42761
119762,109693
119763,99654
119764,95662
119765,44410
119766,98695
119767,111890
119768,94799
119769,42207
119770,100990
119771,106281
119772,88610
119773,95200
119774,112585
119775,87661
119776,46003
119777,43768
119778,43513
119779,126338
119780,104636
119781,78298
119782,84465
119783,44734
119784,126794
119785,45974
119786,48811
119787,99165
119788,85130
119789,47804
119790,87262
119791,107371
119792,78069
119793,109792
119794,42363
119795,45467
119796,41770
119797,85692
119798,53572
119799,93439
119800,85884
119801,47556
119802,106739
119803,91887
119804,92162
119805,75595
119806,95559
119807,86740
119808,44086
119809,57509
119810,47742
119811,84140
119812,114335
119813,44836
119814,47741
119815,53190
119816,47383
119817,91489
119818,95447
119819,101545
119820,114254
119821,46556
119822,46742
119823,77859
119824,80567
119825,88025
119826,75902
119827,82988
119828,47175
119829,44741
119830,119891
119831,117790
119832,101964
119833,96656
119834,76218
119835,43749
119836,44974
119837,48323
119838,92692
119839,97583
119840,102979
119841,106190
119842,87364
119843,100177
119844,94375
119845,49470
119846,86146
119847,99457
119848,43664
119849,45499
119850,84040
119851,45158
119852,83543
119853,98880
119854,43208
119855,45276
119856,100572
119857,49692
119858,88129
119859,81819
119860,92512
119861,86158
119862,88128
119863,49513
119864,105532
119865,45164
119866,106043
119867,97971
119868,99955
119869,98502
119870,81339
119871,105774
119872,46225
119873,49232
119874,44484
119875,94062
119876,42681
119877,109851
119878,46263
119879,56304
119880,99810
119881,95167
119882,119519
119883,48060
119884,84370
119885,93840
119886,46060
119887,111100
119888,45930
119889,43902
119890,87302
119891,91965
119892,89508
119893,92478
119894,97291
119895,123478
119896,78197
119897,106938
119898,86937
119899,43002
119900,101478
119901,122041
119902,42484
119903,45139
119904,43187
119905,100153
119906,54959
119907,44341
119908,91655
119909,124353
119910,108029
119911,125973
119912,121001
119913,107075
119914,45522
119915,107343
119916,102787
119917,98739
119918,42750
119919,45117
119920,101677
119921,91350
119922,47552
119923,83193
119924,43392
119925,83982
119926,47244
119927,45770
119928,99158
119929,83631
119930,43190
119931,101931
119932,84520
119933,45088
119934,102698
119935,121797
119936,44569
119937,47145
119938,87162
119939,80538
119940,92715
119941,96750
119942,90732
119943,102224
119944,87990
119945,96572
119946,41105
119947,45124
119948,45180
119949,43327
119950,97599
119951,124811
119952,41991
119953,109187
119954,85418
119955,100342
119956,98549
119957,126525
119958,45097
119959,45569
119960,78426
119961,86572
119962,96217
119963,101871
119964,89571
119965,98270
119966,100540
119967,47053
119968,93375
119969,44755
119970,87806
119971,105017
119972,81148
119973,46215
119974,86319
119975,101098
119976,82160
119977,83001
119978,97555
119979,45211
119980,92487
119981,93146
119982,110490
119983,95788
119984,92159
119985,80481
119986,89821
119987,115028
119988,82196
119989,48233
119990,54209
119991,51681
119992,78935
119993,45772
119994,49546
119995,104372
119996,101721
119997,84969
119998,105455
119999,90709
120000,102943
120001,43512
120002,49290
120003,93171
120004,50513
120005,113148
120006,44950
120007,97973
120008,94246
120009,78968
120010,44701
120011,99682
120012,45812
120013,44633
120014,98905
120015,85157
120016,119874
120017,88575
120018,121804
120019,43378
120020,97177
120021,47568
120022,80954
120023,104290
120024,82252
120025,49274
120026,103509
120027,48735
120028,45156
120029,48990
120030,45179
120031,43699
120032,46631
120033,43360
120034,88939
120035,45079
120036,43608
120037,94990
120038,42931
120039,47401
120040,114806
120041,115824
120042,98201
120043,102012
120044,96701
120045,105059
120046,90122
120047,87164
120048,44148
120049,95044
120050,110162
120051,83065
120052,42892
120053,93773
120054,89547
120055,77925
120056,50531
120057,95406
120058,120483
120059,95823
120060,52139
120061,90442
120062,84435
120063,43642
120064,87488
120065,90184
120066,76294
120067,86997
120068,97467
120069,89856
120070,45343
120071,77822
120072,78185
120073,87797
120074,103701
120075,86422
120076,123746
120077,88810
120078,79300
120079,46780
120080,99157
120081,44260
120082,107737
120083,46559
120084,43540
120085,89586
120086,114428
120087,97620
120088,44560
120089,48880
120090,101549
120091,101205
120092,115189
120093,99405
120094,44311
120095,127497
120096,102142
120097,83417
120098,85959
120099,104266
120100,45999
120101,110696
120102,84453
120103,110914
120104,79143
120105,89470
120106,48316
120107,97755
120108,47139
120109,46905
120110,44769
120111,97103
120112,92152
120113,123469
120114,101070
120115,50595
120116,48065
120117,102718
120118,45648
120119,44372
120120,88680
120121,45284
120122,106760
120123,100342
120124,94944
120125,85433
120126,84218
120127,44240
120128,103354
120129,97912
120130,92567
120131,47330
120132,44271
120133,117777
120134,44728
120135,101692
120136,128167
120137,52332
120138,44280
120139,97048
120140,107136
120141,76931
120142,89613
120143,95927
120144,114425
120145,111954
120146,100761
120147,107795
120148,41359
120149,90932
120150,113548
120151,85072
120152,94262
120153,95653
120154,91651
120155,54214
120156,47334
120157,46736
120158,44252
120159,43908
120160,83549
120161,46399
120162,97590
120163,45263
120164,92962
120165,85283
120166,104072
120167,76279
120168,122039
120169,88575
120170,105010
120171,46519
120172,122047
120173,84146
120174,43220
120175,42242
120176,42246
120177,88861
120178,84128
120179,120090
120180,87665
120181,79960
120182,46900
120183,101354
120184,91929
120185,46976
120186,121734
120187,118665
120188,78648
120189,100715
120190,91812
120191,50741
120192,92728
120193,92183
120194,96305
120195,121917
120196,87041
120197,47778
120198,98244
120199,94231
120200,53990
120201,95930
120202,98990
120203,84075
120204,114126
120205,45768
120206,44535
120207,117390
120208,40770
120209,48242
120210,83680
120211,47180
120212,103701
120213,83001
120214,46637
120215,86342
120216,43685
120217,75878
120218,43160
120219,113043
120220,43541
120221,101176
120222,44399
120223,115463
120224,110157
120225,77213
120226,91682
120227,44856
120228,87274
120229,46740
120230,116129
120231,111495
120232,46543
120233,43918
120234,95567
120235,45672
120236,104761
120237,44464
120238,102636
120239,48217
120240,45024
120241,54181
120242,109943
120243,101146
120244,93123
120245,45979
120246,42110
120247,42019
120248,109500
120249,44581
120250,46799
120251,96663
120252,81199
120253,44759
120254,93432
120255,84931
120256,100663
120257,44207
120258,45173
120259,89260
120260,104371
120261,47278
120262,137210
120263,89624
120264,77582
120265,44960
120266,108416
120267,90775
120268,43706
120269,98623
120270,104939
120271,90531
120272,90464
120273,121440
120274,114833
120275,44364
120276,97149
120277,90394
120278,44717
120279,103415
120280,99036
120281,78426
120282,113830
120283,80396
120284,106648
120285,94453
120286,44301
120287,85196
120288,101462
120289,44383
120290,94218
120291,108477
120292,45513
120293,94513
120294,45083
120295,88055
120296,124811
120297,99075
120298,115423
120299,47442
120300,101651
120301,99060
120302,43543
120303,118860
120304,48346
120305,118829
120306,119483
120307,47328
120308,109055
120309,98851
120310,46457
120311,102181
120312,83834
120313,45117
120314,42716
120315,45131
120316,116788
120317,83724
120318,48927
120319,82271
120320,94689
120321,103852
120322,105447
120323,102608
120324,80073
120325,110438
120326,113764
120327,49411
120328,49207
120329,45070
120330,96254
120331,83267
120332,108247
120333,47146
120334,91630
120335,100229
120336,44050
120337,44148
120338,80929
120339,81900
120340,98218
120341,95974
120342,43940
120343,100547
120344,109166
120345,94713
120346,99416
120347,84137
120348,98036
120349,96938
120350,52728
120351,127135
120352,90885
120353,45529
120354,47980
120355,98779
120356,102712
120357,83092
120358,78323
120359,93327
120360,104599
120361,81246
120362,117289
120363,82548
120364,105270
120365,43812
120366,98985
120367,89632
120368,90354
120369,45238
120370,128594
120371,91314
120372,44494
120373,45186
120374,45116
120375,43234
120376,98058
120377,104390
120378,110022
120379,89175
120380,51509
120381,45552
120382,95716
120383,85689
120384,107839
120385,95783
120386,48757
120387,46298
120388,104542
120389,83368
120390,101177
120391,44301
120392,48712
120393,95687
120394,94032
120395,106614
120396,45425
120397,112840
120398,126989
120399,84157
120400,96463
120401,97022
120402,105102
120403,50200
120404,96046
120405,100760
120406,104252
120407,127595
120408,94176
120409,44735
120410,90544
120411,89367
120412,42989
120413,107824
120414,94475
120415,47603
120416,98458
120417,113368
120418,82730
120419,53737
120420,45917
120421,44660
120422,79001
120423,45774
120424,82516
120425,47338
120426,41842
120427,104808
120428,123673
120429,112691
120430,101430
120431,80651
120432,111684
120433,103369
120434,107226
120435,46624
120436,100621
120437,43581
120438,41238
120439,109864
120440,44401
120441,90392
120442,44051
120443,44248
120444,99181
120445,93747
120446,96477
120447,112439
120448,84447
120449,104968
120450,78748
120451,91128
120452,122458
120453,101527
120454,113178
120455,42957
120456,53107
120457,83562
120458,48499
120459,44797
120460,43934
120461,44106
120462,98849
120463,43645
120464,106989
120465,44890
120466,83195
120467,44868
120468,112618
120469,93316
120470,47828
120471,107348
120472,100617
120473,96662
120474,43207
120475,89641
120476,47143
120477,90044
120478,52178
120479,123787
120480,74956
120481,45740
120482,103508
120483,98772
120484,108998
120485,51002
120486,46448
120487,91651
120488,91075
120489,98211
120490,145181
120491,98405
120492,46673
120493,97599
120494,43066
120495,100260
120496,81907
120497,92588
120498,101795
120499,53110
120500,93427
120501,86339
120502,43884
120503,47053
120504,47936
120505,117885
120506,42766
120507,127329
120508,109781
120509,114287
120510,86541
120511,115686
120512,47517
120513,105652
120514,87241
120515,114065
120516,42569
120517,109487
120518,94695
120519,108464
120520,106627
120521,85529
120522,106594
120523,99838
120524,92102
120525,102792
120526,43272
120527,85590
120528,43509
120529,91863
120530,47974
120531,91572
120532,51783
120533,96588
120534,102062
120535,105060
120536,87621
120537,86953
120538,102036
120539,104865
120540,46961
120541,121557
120542,92626
120543,99637
120544,48183
120545,118138
120546,85231
120547,47047
120548,87377
120549,114273
120550,44117
120551,96755
120552,89772
120553,107845
120554,49025
120555,108877
120556,128679
120557,104667
120558,45436
120559,48481
120560,100134
120561,105834
120562,102750
120563,99458
120564,93205
120565,87087
120566,94713
120567,44789
120568,102913
120569,77703
120570,100647
120571,73342
120572,46350
120573,97808
120574,94504
120575,74201
120576,91246
120577,42556
120578,115062
120579,46082
120580,104757
120581,97282
120582,47455
120583,47620
120584,98934
120585,101187
120586,43795
120587,42983
120588,97497
120589,100995
120590,103675
120591,43155
120592,134000
120593,44050
120594,98562
120595,46523
120596,121459
120597,111450
120598,115511
120599,43799
120600,48612
120601,44807
120602,101304
120603,45520
120604,43330
120605,46189
120606,115620
120607,47290
120608,92812
120609,102266
120610,95371
120611,45622
120612,94643
120613,111495
120614,94894
120615,112415
120616,52027
120617,90453
120618,100633
120619,48283
120620,93509
120621,106388
120622,82947
120623,122015
120624,98533
120625,108316
120626,104969
120627,97041
120628,92014
120629,104539
120630,102396
120631,83445
120632,99281
120633,79753
120634,46152
120635,44869
120636,81648
120637,78998
120638,126205
120639,43461
120640,51342
120641,86956
120642,116919
120643,99887
120644,94794
120645,102201
120646,89076
120647,116475
120648,85523
120649,78305
120650,77843
120651,88074
120652,88386
120653,52207
120654,100823
120655,105485
120656,85426
120657,86478
120658,101423
120659,48826
120660,126024
120661,46491
120662,81458
120663,99041
120664,89998
120665,121742
120666,41701
120667,44015
120668,107882
120669,100879
120670,44554
120671,94280
120672,103914
120673,121570
120674,101371
120675,79131
120676,120323
120677,100807
120678,89540
120679,108316
120680,46926
120681,41945
120682,46223
120683,43463
120684,47561
120685,86152
120686,45310
120687,42793
120688,44826
120689,92471
120690,89666
120691,45530
120692,96190
120693,132105
120694,45870
120695,90684
120696,96127
120697,46530
120698,47086
120699,45157
120700,43581
120701,110475
120702,100635
120703,46660
120704,122965
120705,114233
120706,122175
120707,43523
120708,45626
120709,45243
120710,91167
120711,78161
120712,80651
120713,98460
120714,97538
120715,103263
120716,80236
120717,82792
120718,83576
120719,44479
120720,85131
120721,110053
120722,117635
120723,46310
120724,94262
120725,43275
120726,128671
120727,90257
120728,95370
120729,43799
120730,91676
120731,96932
120732,102219
120733,46261
120734,88376
120735,44955
120736,81458
120737,43299
120738,106915
120739,94982
120740,81264
120741,42068
120742,98353
120743,43050
120744,100761
120745,51212
120746,42737
120747,45566
120748,85621
120749,99380
120750,99218
120751,77422
120752,45713
120753,43941
120754,93447
120755,110349
120756,43104
120757,107645
120758,44868
120759,46433
120760,92437
120761,97751
120762,99900
120763,90807
120764,43265
120765,46361
120766,98542
120767,101936
120768,43772
120769,46492
120770,94204
120771,109257
120772,44686
120773,94770
120774,45919
120775,100014
120776,98293
120777,89666
120778,98586
120779,87509
120780,77985
120781,44484
120782,77774
120783,114182
120784,107259
120785,105782
120786,107192
120787,45250
120788,103960
120789,124698
120790,116293
120791,102689
120792,84738
120793,43210
120794,100368
120795,79871
120796,93386
120797,98854
120798,123538
120799,42982
120800,45182
120801,109307
120802,44537
120803,105655
120804,75461
120805,45522
120806,83641
120807,102946
120808,45642
120809,115819
120810,74070
120811,119209
120812,44528
120813,43581
120814,115484
120815,44677
120816,87672
120817,46090
120818,44311
120819,104846
120820,42496
120821,82954
120822,116149
120823,99968
120824,90545
120825,46629
120826,48695
120827,48070
120828,114097
120829,110411
120830,45568
120831,47400
120832,96660
120833,107410
120834,98353
120835,84977
120836,104089
120837,91574
120838,94449
120839,119091
120840,52512
120841,85334
120842,78260
120843,46061
120844,44085
120845,43816
120846,82161
120847,106757
120848,94673
120849,96243
120850,43591
120851,85693
120852,89111
120853,46801
120854,83680
120855,85334
120856,84370
120857,45674
120858,84183
120859,110610
120860,112721
120861,44837
120862,110577
120863,105734
120864,50380
120865,85375
120866,103476
120867,115233
120868,46421
120869,117276
120870,93885
120871,98385
120872,44510
120873,43992
120874,44160
120875,41926
120876,88510
120877,44718
120878,83131
120879,102516
120880,95597
120881,45088
120882,101778
120883,42781
120884,102424
120885,83680
120886,49344
120887,85612
120888,81818
120889,90269
120890,82052
120891,95980
120892,109335
120893,91653
120894,107816
120895,43102
120896,101456
120897,83724
120898,45912
120899,101848
120900,103841
120901,93973
120902,111542
120903,112979
120904,44922
120905,87447
120906,48891
120907,43869
120908,105291
120909,95509
120910,45875
120911,87995
120912,108660
120913,90894
120914,43440
120915,104415
120916,106485
120917,49280
120918,44442
120919,134116
120920,45521
120921,103815
120922,44689
120923,93335
120924,106538
120925,90426
120926,100318
120927,46047
120928,108024
120929,97709
120930,108730
120931,50774
120932,45170
120933,104183
120934,44152
120935,86908
120936,91425
120937,120431
120938,103046
120939,52648
120940,46929
120941,88861
120942,95830
120943,105867
120944,45028
120945,47541
120946,94014
120947,119097
120948,121083
120949,111759
120950,93145
120951,84845
120952,78305
120953,76292
120954,101855
120955,88473
120956,45408
120957,45495
120958,103588
120959,41785
120960,99327
120961,83229
120962,44682
120963,51359
120964,106401
120965,77227
120966,84082
120967,111446
120968,92592
120969,113741
120970,46374
120971,43713
120972,86121
120973,99184
120974,44669
120975,89403
120976,103127
120977,88914
120978,46911
120979,44116
120980,98433
120981,122736
120982,86902
120983,45910
120984,90908
120985,44873
120986,90658
120987,98872
120988,42392
120989,99290
120990,103396
120991,117427
120992,92900
120993,41712
120994,45311
120995,46696
120996,106916
120997,45491
120998,116545
120999,50234
121000,100290
121001,84313
121002,97521
121003,41122
121004,76058
121005,81226
121006,44842
121007,46153
121008,43404
121009,44653
121010,109075
121011,103920
121012,45676
121013,87140
121014,44852
121015,45724
121016,42110
121017,102970
121018,99880
121019,85178
121020,87521
121021,44685
121022,90231
121023,102516
121024,107961
121025,74967
121026,46627
121027,102664
121028,99098
121029,43753
121030,88689
121031,84103
121032,115886
121033,43791
121034,43545
121035,119480
121036,88801
121037,103270
121038,45312
121039,89390
121040,99443
121041,113594
121042,84593
121043,44652
121044,79924
121045,44778
121046,126349
121047,44317
121048,88730
121049,79138
121050,48388
121051,45173
121052,107310
121053,98331
121054,87972
121055,54251
121056,51700
121057,106324
121058,84022
121059,93701
121060,43742
121061,42232
121062,124124
121063,119443
121064,46190
121065,117873
121066,82505
121067,50256
121068,43846
121069,113226
121070,83765
121071,103107
121072,109870
121073,99580
121074,92259
121075,119885
121076,130210
121077,42236
121078,98626
121079,95723
121080,93991
121081,47166
121082,91222
121083,44119
121084,101548
121085,96327
121086,42917
121087,95089
121088,46605
121089,94665
121090,82430
121091,79219
121092,43864
121093,103266
121094,52086
121095,113335
121096,45320
121097,100926
121098,84734
121099,86388
121100,54304
121101,47918
121102,113208
121103,44464
121104,89160
121105,111557
121106,42884
121107,47973
121108,88981
121109,42081
121110,76599
121111,52321
121112,111615
121113,47149
121114,99262
121115,83588
121116,100201
121117,106162
121118,93728
121119,122054
121120,77127
121121,87935
121122,77774
121123,44303
121124,49567
121125,82795
121126,90368
121127,79138
121128,75496
121129,88076
121130,45544
121131,44300
121132,113109
121133,118541
121134,94383
121135,94383
121136,45666
121137,45018
121138,111422
121139,46418
121140,80236
121141,107024
121142,46025
121143,87102
121144,44283
121145,44028
121146,84272
121147,86170
121148,102265
121149,85371
121150,112210
121151,45906
121152,52073
121153,106729
121154,124647
121155,105181
121156,96572
121157,91647
121158,79001
121159,96253
121160,86605
121161,91829
121162,91119
121163,43481
121164,45851
121165,110093
121166,109717
121167,96912
121168,46199
121169,96387
121170,43396
121171,75070
121172,43475
121173,105326
121174,47228
121175,122881
121176,44006
121177,88856
121178,43107
121179,89591
121180,97297
121181,92757
121182,114094
121183,45150
121184,94383
121185,42533
121186,94244
121187,88980
121188,101454
121189,101660
121190,96757
121191,104758
121192,107596
121193,92089
121194,88474
121195,44656
121196,45943
121197,43773
121198,43045
121199,108688
121200,85967
121201,47364
121202,85558
121203,125571
121204,90941
121205,121839
121206,91471
121207,48295
121208,108066
121209,82860
121210,101330
121211,92529
121212,111564
121213,78538
121214,80543
121215,79871
121216,88744
121217,83382
121218,105647
121219,97046
121220,47618
121221,88657
121222,45100
121223,97441
121224,94716
121225,43178
121226,88700
121227,94825
121228,81641
121229,118350
121230,45133
121231,99342
121232,99105
121233,115892
121234,119896
121235,79956
121236,103284
121237,83885
121238,80452
121239,94062
121240,94986
121241,91347
121242,124152
121243,81046
121244,43810
121245,99085
121246,53915
121247,90104
121248,98731
121249,104677
121250,108647
121251,90789
121252,48008
121253,93153
121254,93362
121255,82236
121256,82091
121257,110418
121258,43218
121259,43860
121260,102369
121261,92468
121262,102968
121263,90111
121264,91476
121265,89845
121266,94539
121267,88509
121268,95054
121269,115120
121270,45045
121271,45298
121272,111896
121273,90519
121274,97183
121275,45638
121276,116347
121277,46932
121278,103030
121279,87220
121280,44801
121281,88344
121282,42673
121283,89599
121284,114258
121285,96649
121286,103848
121287,99575
121288,102185
121289,85639
121290,106323
121291,101982
121292,106689
121293,44552
121294,101736
121295,96657
121296,43711
121297,45959
121298,49235
121299,117349
121300,97601
121301,44720
121302,51305
121303,47462
121304,76058
121305,85952
121306,108192
121307,98404
121308,100462
121309,92228
121310,96009
121311,83946
121312,80947
121313,43408
121314,95483
121315,98018
121316,112555
121317,113003
121318,43714
121319,91496
121320,85587
121321,44858
121322,78630
121323,95080
121324,48804
121325,87818
121326,78199
121327,90233
121328,119807
121329,107719
121330,87795
121331,79140
121332,94438
121333,101450
121334,46596
121335,88106
121336,80452
121337,53464
121338,43672
121339,46203
121340,114137
121341,49761
121342,43564
121343,108568
121344,100925
121345,92927
121346,94079
121347,78739
121348,103390
121349,81648
121350,78349
121351,74323
121352,47810
121353,102694
121354,50780
121355,96878
121356,44386
121357,119407
121358,86630
121359,83588
121360,54966
121361,46888
121362,46358
121363,116519
121364,43087
121365,44410
121366,46917
121367,86267
121368,46933
121369,46658
121370,90693
121371,90313
121372,114346
121373,92698
121374,44674
121375,42717
121376,45350
121377,111428
121378,43389
121379,117795
121380,79777
121381,94454
121382,91943
121383,102796
121384,44208
121385,110296
121386,87621
121387,79916
121388,114089
121389,48770
121390,52598
121391,42445
121392,46760
121393,98833
121394,94120
121395,104349
121396,44305
121397,105144
121398,45279
121399,119187
121400,87345
121401,76218
121402,94136
121403,44930
121404,93685
121405,46624
121406,87039
121407,45009
121408,52574
121409,45138
121410,42738
121411,43999
121412,45559
121413,103854
121414,45086
121415,103965
121416,110278
121417,108494
121418,79476
121419,42838
121420,83560
121421,45865
121422,46101
121423,78820
121424,93879
121425,101501
121426,85477
121427,101819
121428,101263
121429,84709
121430,124543
121431,45461
121432,91614
121433,89011
121434,103152
121435,84748
121436,96712
121437,109228
121438,94264
121439,120767
121440,99738
121441,128857
121442,46749
121443,134586
121444,88589
121445,44271
121446,49542
121447,104856
121448,113935
121449,45560
121450,97799
121451,98857
121452,84284
121453,101163
121454,102276
121455,45817
121456,93375
121457,111426
121458,84617
121459,93205
121460,44781
121461,43378
121462,91950
121463,48765
121464,43456
121465,98766
121466,45445
121467,96802
121468,113954
121469,85007
121470,42750
121471,103522
121472,45645
121473,103784
121474,96818
121475,45241
121476,104176
121477,111729
121478,117066
121479,45069
121480,100390
121481,129532
121482,101227
121483,93180
121484,45168
121485,100087
121486,92242
121487,87603
121488,110729
121489,107136
121490,78648
121491,46553
121492,90616
121493,91794
121494,137428
121495,103011
121496,95915
121497,42675
121498,99679
121499,85764
121500,43867
121501,87429
121502,111384
121503,98193
121504,100416
121505,47540
121506,97396
121507,51359
121508,46803
121509,93548
121510,87311
121511,87652
121512,111824
121513,49375
121514,95413
121515,92351
121516,96306
121517,115376
121518,107415
121519,50890
121520,42658
121521,100905
121522,44928
121523,95161
121524,94217
121525,46085
121526,102864
121527,101554
121528,91250
121529,102008
121530,103258
121531,93971
121532,105081
121533,46070
121534,92508
121535,93239
121536,48872
121537,49608
121538,85339
121539,44997
121540,96320
121541,101456
121542,94713
121543,83248
121544,86701
121545,103203
121546,76294
121547,47011
121548,49461
121549,91481
121550,103462
121551,110727
121552,111629
121553,91926
121554,43611
121555,76650
121556,105836
121557,81819
121558,47341
121559,111151
121560,95016
121561,108253
121562,89403
121563,89766
121564,103833
121565,44935
121566,44336
121567,90270
121568,93989
121569,45580
121570,44895
121571,45329
121572,45230
121573,109952
121574,83781
121575,45320
121576,90619
121577,43715
121578,97241
121579,94872
121580,99265
121581,108695
121582,88904
121583,43984
121584,43517
121585,95144
121586,42848
121587,44904
121588,111367
121589,117999
121590,116398
121591,84123
121592,42932
121593,84790
121594,91829
121595,46401
121596,101761
121597,45714
121598,41629
121599,47558
121600,43600
121601,46076
121602,111932
121603,44187
121604,43017
121605,109778
121606,45268
121607,93668
121608,45969
121609,43440
121610,99368
121611,97190
121612,115244
121613,98842
121614,103645
121615,99074
121616,118979
121617,115540
121618,99902
121619,44631
121620,99215
121621,113591
121622,96593
121623,113594
121624,114091
121625,42339
121626,113767
121627,110553
121628,88109
121629,80464
121630,94268
121631,93237
121632,45327
121633,94079
121634,43926
121635,98265
121636,96389
121637,130867
121638,51176
121639,56471
121640,97788
121641,113820
121642,51856
121643,85273
121644,46068
121645,101304
121646,111245
121647,117479
121648,105571
121649,98111
121650,110238
121651,42570
121652,44467
121653,100483
121654,85761
121655,122391
121656,45954
121657,110512
121658,45798
121659,46306
121660,85038
121661,117993
121662,128739
121663,91256
121664,98933
121665,45963
121666,47024
121667,101514
121668,46257
121669,42379
121670,101290
121671,45990
121672,111838
121673,102088
121674,80464
121675,49365
121676,46529
121677,98461
121678,45659
121679,116164
121680,46728
121681,49192
121682,119860
121683,90508
121684,96349
121685,96938
121686,89578
121687,46648
121688,107623
121689,101314
121690,103345
121691,88165
121692,45761
121693,109133
121694,44268
121695,93448
121696,57128
121697,99854
121698,50190
121699,112207
121700,84426
121701,103852
121702,97493
121703,106713
121704,44032
121705,90761
121706,44210
121707,49650
121708,125362
121709,44104
121710,109932
121711,89261
121712,50073
121713,51139
121714,93852
121715,84275
121716,121617
121717,89965
121718,44633
121719,46628
121720,44226
121721,94355
121722,45933
121723,47680
121724,91026
121725,44684
121726,93643
121727,74928
121728,117243
121729,84115
121730,90759
121731,118383
121732,88783
121733,46886
121734,96498
121735,46614
121736,88826
121737,120163
121738,93944
121739,125090
121740,43920
121741,80462
121742,96773
121743,86745
121744,84549
121745,95132
121746,46987
121747,110977
121748,43302
121749,44908
121750,51321
121751,45775
121752,88691
121753,92713
121754,110371
121755,86897
121756,45266
121757,45945
121758,100414
121759,98908
121760,106205
121761,43836
121762,44765
121763,118012
121764,91708
121765,82021
121766,51118
121767,122184
121768,46066
121769,45712
121770,84666
121771,88641
121772,104164
121773,116511
121774,92434
121775,44260
121776,47575
121777,45489
121778,105929
121779,102803
121780,105553
121781,99261
121782,91346
121783,124204
121784,86283
121785,44858
121786,94648
121787,45854
121788,100430
121789,102354
121790,101936
121791,44367
121792,98315
121793,43851
121794,117036
121795,42598
121796,97721
121797,108905
121798,103089
121799,87908
121800,120583
121801,108548
121802,48193
121803,98257
121804,90025
121805,99675
121806,105562
121807,48761
121808,90575
121809,101460
121810,95841
121811,118567
121812,44779
121813,43374
121814,96377
121815,46005
121816,135462
121817,45999
121818,124920
121819,82007
121820,93388
121821,98607
121822,45246
121823,85973
121824,44415
121825,99789
121826,92785
121827,81527
121828,45561
121829,45872
121830,43611
121831,46035
121832,80636
121833,85246
121834,95638
121835,82886
121836,44205
121837,97285
121838,46347
121839,83308
121840,118559
121841,50735
121842,43831
121843,46508
121844,89423
121845,44559
121846,88939
121847,43990
121848,97382
121849,99747
121850,98679
121851,45196
121852,42647
121853,78437
121854,44998
121855,46838
121856,111820
121857,47468
121858,86463
121859,99039
121860,53470
121861,109797
121862,110903
121863,112041
121864,100423
121865,77620
121866,102766
121867,44754
121868,87967
121869,45902
121870,111680
121871,45327
121872,83341
121873,44990
121874,102606
121875,44590
121876,88170
121877,95476
121878,47021
121879,84595
121880,83761
121881,88451
121882,89982
121883,84713
121884,46080
121885,78806
121886,83576
121887,89514
121888,120216
121889,119280
121890,112585
121891,85750
121892,46801
121893,95688
121894,52598
121895,46518
121896,54261
121897,101044
121898,44801
121899,86896
121900,94115
121901,46234
121902,93705
121903,82283
121904,83131
121905,52419
121906,45064
121907,90831
121908,126065
121909,120706
121910,99230
121911,48013
121912,84059
121913,48343
121914,43447
121915,45079
121916,89451
121917,52099
121918,89761
121919,81494
121920,98702
121921,89537
121922,90837
121923,80878
121924,43389
121925,92250
121926,91916
121927,84569
121928,44278
121929,89577
121930,44457
121931,90415
121932,102827
121933,89046
121934,98364
121935,47609
121936,105931
121937,92652
121938,44464
121939,91375
121940,43147
121941,119210
121942,113048
121943,104903
121944,81755
121945,101194
121946,43247
121947,44560
121948,41804
121949,109164
121950,94295
121951,45413
121952,94712
121953,113860
121954,86204
121955,102745
121956,99681
121957,90802
121958,116475
121959,116044
121960,92138
121961,43606
121962,46681
121963,46098
121964,90241
121965,83684
121966,88187
121967,87737
121968,98577
121969,101919
121970,46924
121971,98177
121972,92146
121973,42844
121974,126518
121975,85648
121976,42825
121977,88288
121978,43169
121979,98452
121980,114143
121981,43708
121982,104085
121983,43975
121984,44778
121985,114665
121986,47383
121987,44502
121988,90970
121989,83247
121990,110550
121991,44755
121992,98998
121993,84609
121994,95019
121995,95816
121996,85664
121997,43856
121998,96361
121999,43043
122000,93922
122001,118227
122002,79468
122003,44306
122004,45180
122005,89261
122006,113322
122007,120303
122008,88727
122009,98760
122010,80191
122011,45480
122012,101584
122013,85128
122014,45104
122015,42926
122016,92950
122017,99045
122018,41513
122019,88761
122020,87797
122021,82169
122022,91853
122023,50577
122024,104635
122025,100883
122026,112994
122027,106769
122028,44347
122029,103891
122030,109437
122031,44026
122032,120944
122033,97273
122034,95578
122035,44284
122036,102803
122037,114505
122038,79409
122039,96873
122040,97621
122041,44599
122042,44208
122043,100618
122044,44047
122045,45944
122046,104496
122047,86020
122048,49701
122049,119675
122050,100280
122051,117406
122052,119205
122053,89374
122054,84205
122055,45079
122056,89240
122057,95032
122058,87758
122059,47140
122060,44591
122061,91024
122062,103911
122063,100138
122064,43912
122065,92265
122066,89940
122067,91347
122068,108762
122069,84544
122070,96616
122071,95044
122072,103925
122073,49204
122074,98475
122075,46910
122076,112005
122077,99416
122078,111035
122079,82770
122080,115966
122081,45254
122082,98265
122083,43293
122084,44100
122085,119972
122086,45698
122087,98461
122088,80369
122089,50498
122090,47160
122091,44371
122092,113043
122093,89233
122094,47687
122095,43152
122096,43381
122097,43293
122098,45448
122099,100691
122100,46784
122101,94062
122102,86718
122103,80454
122104,46068
122105,118845
122106,125989
122107,112480
122108,84977
122109,108139
122110,44831
122111,46564
122112,44720
122113,112928
122114,43221
122115,45549
122116,88263
122117,97835
122118,86144
122119,98943
122120,78047
122121,90282
122122,85847
122123,102520
122124,85504
122125,73889
122126,77818
122127,52319
122128,80036
122129,101229
122130,95808
122131,91173
122132,47056
122133,96952
122134,89285
122135,88691
122136,92006
122137,99661
122138,45410
122139,83883
122140,84111
122141,101538
122142,107027
122143,80857
122144,45842
122145,81814
122146,47415
122147,96498
122148,97330
122149,44341
122150,95179
122151,84318
122152,78971
122153,83247
122154,53101
122155,101163
122156,43846
122157,81090
122158,96818
122159,101465
122160,119934
122161,43072
122162,46250
122163,45549
122164,111281
122165,81270
122166,80236
122167,118462
122168,100224
122169,90330
122170,103138
122171,79777
122172,47364
122173,112503
122174,44147
122175,86994
122176,43051
122177,100089
122178,43564
122179,119558
122180,44348
122181,94715
122182,45288
122183,81040
122184,109291
122185,78269
122186,45323
122187,89004
122188,91838
122189,88629
122190,78293
122191,86495
122192,97217
122193,94148
122194,105863
122195,44153
122196,50279
122197,98406
122198,45677
122199,50422
122200,107770
122201,92667
122202,43610
122203,110907
122204,98607
122205,81075
122206,46981
122207,47052
122208,42279
122209,93335
122210,100392
122211,95571
122212,95635
122213,83131
122214,85619
122215,48507
122216,44890
122217,45321
122218,119685
122219,46525
122220,104886
122221,97249
122222,46191
122223,100653
122224,89641
122225,95284
122226,83322
122227,46284
122228,46047
122229,99765
122230,78903
122231,113016
122232,90492
122233,84154
122234,90077
122235,90876
122236,84733
122237,107547
122238,93996
122239,95544
122240,49301
122241,88509
122242,42627
122243,113358
122244,94387
122245,89728
122246,49302
122247,93638
122248,88056
122249,82416
122250,118884
122251,97099
122252,108524
122253,89093
122254,43925
122255,45092
122256,104688
122257,84059
122258,97196
122259,103435
122260,94062
122261,79518
122262,45165
122263,109537
122264,105148
122265,88324
122266,86556
122267,96297
122268,77392
122269,92848
122270,44674
122271,105658
122272,93585
122273,105170
122274,100172
122275,96750
122276,46839
122277,91604
122278,107839
122279,88797
122280,45870
122281,94400
122282,101936
122283,103525
122284,106769
122285,97246
122286,46179
122287,128526
122288,44317
122289,89080
122290,47279
122291,108475
122292,82730
122293,45687
122294,104075
122295,92591
122296,42236
122297,114955
122298,83729
122299,43801
122300,100074
122301,97002
122302,44154
122303,100820
122304,43736
122305,89539
122306,84972
122307,113639
122308,93670
122309,43610
122310,118998
122311,46328
122312,111855
122313,45401
122314,90088
122315,82936
122316,100853
122317,48777
122318,80662
122319,79974
122320,104165
122321,43693
122322,108011
122323,43497
122324,92287
122325,48693
122326,53070
122327,101451
122328,114931
122329,78727
122330,42663
122331,101117
122332,95382
122333,81675
122334,87055
122335,84853
122336,46794
122337,87255
122338,89471
122339,83507
122340,45901
122341,42440
122342,46184
122343,101427
122344,42976
122345,101009
122346,115376
122347,97920
122348,98811
122349,94713
122350,94886
122351,45028
122352,75936
122353,89493
122354,102015
122355,43795
122356,45791
122357,51224
122358,44637
122359,46076
122360,97089
122361,99885
122362,105196
122363,81199
122364,44759
122365,88725
122366,90172
122367,94496
122368,102188
122369,48012
122370,44850
122371,94713
122372,98737
122373,85933
122374,89648
122375,93738
122376,101620
122377,97539
122378,47151
122379,80192
122380,91987
122381,44061
122382,106518
122383,83144
122384,86048
122385,101977
122386,85068
122387,46332
122388,95432
122389,119011
122390,113093
122391,94184
122392,117977
122393,92122
122394,42876
122395,46138
122396,96334
122397,99280
122398,77597
122399,88867
122400,45154
122401,111772
122402,45520
122403,114333
122404,108270
122405,112162
122406,104644
122407,106628
122408,107708
122409,104137
122410,45184
122411,78081
122412,52827
122413,48030
122414,90148
122415,94614
122416,46914
122417,44041
122418,93433
122419,82551
122420,80305
122421,49578
122422,108556
122423,42860
122424,49075
122425,118650
122426,80766
122427,87459
122428,47758
122429,118425
122430,46356
122431,91558
122432,45320
122433,97966
122434,109963
122435,50188
122436,47744
122437,77159
122438,98592
122439,121278
122440,103349
122441,82908
122442,108914
122443,45089
122444,43503
122445,111559
122446,90624
122447,86699
122448,114639
122449,91042
122450,98482
122451,93351
122452,125732
122453,48044
122454,94865
122455,94257
122456,49845
122457,46896
122458,95070
122459,77778
122460,43935
122461,95516
122462,54279
122463,48953
122464,121313
122465,52628
122466,47706
122467,94748
122468,100505
122469,79001
122470,88704
122471,44830
122472,44873
122473,46103
122474,119317
122475,101720
122476,87215
122477,123935
122478,89511
122479,124661
122480,97540
122481,100514
122482,93764
122483,102544
122484,45083
122485,84577
122486,105509
122487,45836
122488,94317
122489,46036
122490,91500
122491,79018
122492,55325
122493,107479
122494,46229
122495,46755
122496,119907
122497,102520
122498,97356
122499,98424
122500,47972
122501,112890
122502,113399
122503,83203
122504,116529
122505,48601
122506,46372
122507,124555
122508,123147
122509,85118
122510,90249
122511,92093
122512,78784
122513,48814
122514,91572
122515,45354
122516,42799
122517,77330
122518,42784
122519,54530
122520,45032
122521,83900
122522,94614
122523,92957
122524,89065
122525,98479
122526,120704
122527,89416
122528,45117
122529,89110
122530,105308
122531,104667
122532,111424
122533,119638
122534,116642
122535,102408
122536,42394
122537,44854
122538,99563
122539,102090
122540,43849
122541,46288
122542,114132
122543,95603
122544,45029
122545,83153
122546,79024
122547,98492
122548,49620
122549,92370
122550,92367
122551,88444
122552,45623
122553,43756
122554,44241
122555,96321
122556,84154
122557,44396
122558,96304
122559,98433
122560,99704
122561,42320
122562,98482
122563,77422
122564,118830
122565,85691
122566,47206
122567,112421
122568,83001
122569,76058
122570,46628
122571,87239
122572,42150
122573,104928
122574,44284
122575,107819
122576,44552
122577,110167
122578,45315
122579,93392
122580,45513
122581,43286
122582,90942
122583,96548
122584,44194
122585,45656
122586,92957
122587,86044
122588,91477
122589,103762
122590,90667
122591,126065
122592,102962
122593,110487
122594,43024
122595,103090
122596,46858
122597,97314
122598,80628
122599,45817
122600,94247
122601,99381
122602,83092
122603,57200
122604,89259
122605,46252
122606,118593
122607,105735
122608,125998
122609,43410
122610,95075
122611,93048
122612,93781
122613,105344
122614,90488
122615,89460
122616,44129
122617,91576
122618,100218
122619,42750
122620,90663
122621,117982
122622,100373
122623,91893
122624,44077
122625,51227
122626,115645
122627,109348
122628,91222
122629,106152
122630,91836
122631,50640
122632,91553
122633,86456
122634,99168
122635,47025
122636,103978
122637,84812
122638,43929
122639,83523
122640,43087
122641,48708
122642,43278
122643,49760
122644,121549
122645,100050
122646,54873
122647,87239
122648,44349
122649,93084
122650,95836
122651,117925
122652,111145
122653,123364
122654,98179
122655,121313
122656,96006
122657,107530
122658,110128
122659,46180
122660,95050
122661,89062
122662,98642
122663,101025
122664,46870
122665,106071
122666,42695
122667,51102
122668,91322
122669,43912
122670,97535
122671,89477
122672,95686
122673,86444
122674,103113
122675,89789
122676,91418
122677,95490
122678,43804
122679,109399
122680,81402
122681,100714
122682,94204
122683,47931
122684,83394
122685,87970
122686,43371
122687,97225
122688,105272
122689,101114
122690,108475
122691,92014
122692,77963
122693,93824
122694,79598
122695,93938
122696,104005
122697,90569
122698,44388
122699,44599
122700,44002
122701,92791
122702,45142
122703,45491
122704,96550
122705,83316
122706,92063
122707,44684
122708,127362
122709,109146
122710,128997
122711,93256
122712,87826
122713,46942
122714,119243
122715,91451
122716,87767
122717,43505
122718,46603
122719,49944
122720,101616
122721,108475
122722,93792
122723,46203
122724,97183
122725,83940
122726,86340
122727,128582
122728,44568
122729,44922
122730,104241
122731,126859
122732,52020
122733,95702
122734,82207
122735,43846
122736,44558
122737,43746
122738,81092
122739,119967
122740,98028
122741,96459
122742,105385
122743,44554
122744,110364
122745,95763
122746,96442
122747,84659
122748,114966
122749,44006
122750,92242
122751,132368
122752,94811
122753,113708
122754,46463
122755,94324
122756,94652
122757,96406
122758,49356
122759,92915
122760,87764
122761,45846
122762,47960
122763,114831
122764,80462
122765,81048
122766,45758
122767,94014
122768,82203
122769,99195
122770,104899
122771,87797
122772,43869
122773,102365
122774,47836
122775,86562
122776,44522
122777,82673
122778,90194
122779,45416
122780,100961
122781,45857
122782,104384
122783,45500
122784,85038
122785,104306
122786,91529
122787,123844
122788,121792
122789,44132
122790,96699
122791,76239
122792,46014
122793,42811
122794,121923
122795,44674
122796,95176
122797,84859
122798,78775
122799,92103
122800,103345
122801,105518
122802,43861
122803,47743
122804,88621
122805,99002
122806,112149
122807,78968
122808,82309
122809,96351
122810,115639
122811,48139
122812,44498
122813,101972
122814,45429
122815,94262
122816,100455
122817,83195
122818,79431
122819,90523
122820,80652
122821,109049
122822,47142
122823,83754
122824,94643
122825,46471
122826,112745
122827,45179
122828,46353
122829,82670
122830,101171
122831,57259
122832,96661
122833,49410
122834,107297
122835,101853
122836,84218
122837,84160
122838,50074
122839,44790
122840,104099
122841,78426
122842,54904
122843,88214
122844,92591
122845,44501
122846,86981
122847,44076
122848,117915
122849,43210
122850,90688
122851,106439
122852,96938
122853,99730
122854,98733
122855,45277
122856,87329
122857,107545
122858,101572
122859,102775
122860,45324
122861,100327
122862,84509
122863,118677
122864,85569
122865,48653
122866,84212
122867,106560
122868,124575
122869,105298
122870,87200
122871,46234
122872,84392
122873,91050
122874,43399
122875,101216
122876,83589
122877,96112
122878,96387
122879,100447
122880,91164
122881,78653
122882,45861
122883,92424
122884,89444
122885,83909
122886,94062
122887,97649
122888,104200
122889,105238
122890,104267
122891,47258
122892,92179
122893,125564
122894,97577
122895,95070
122896,46687
122897,115504
122898,112883
122899,48306
122900,44671
122901,97098
122902,94991
122903,47657
122904,53075
122905,46144
122906,96220
122907,107281
122908,42353
122909,90405
122910,45666
122911,91574
122912,43384
122913,44856
122914,88269
122915,90263
122916,84579
122917,84086
122918,79434
122919,45599
122920,45368
122921,89158
122922,47208
122923,120042
122924,89107
122925,92854
122926,81998
122927,86915
122928,123646
122929,94219
122930,87180
122931,80856
122932,47335
122933,99171
122934,90400
122935,87903
122936,47199
122937,103754
122938,43849
122939,89066
122940,100403
122941,82997
122942,42026
122943,89927
122944,82988
122945,118060
122946,123147
122947,43929
122948,42887
122949,47383
122950,44673
122951,79787
122952,92295
122953,96663
122954,42709
122955,91790
122956,45281
122957,89206
122958,94519
122959,85102
122960,87731
122961,105810
122962,93001
122963,45009
122964,96040
122965,87582
122966,47025
122967,125179
122968,43431
122969,114251
122970,43758
122971,93467
122972,111615
122973,44633
122974,45353
122975,112360
122976,47784
122977,46134
122978,98134
122979,89444
122980,87033
122981,83817
122982,89471
122983,119693
122984,78251
122985,76684
122986,122543
122987,89463
122988,84859
122989,104943
122990,107996
122991,55874
122992,111661
122993,111532
122994,44470
122995,95620
122996,102480
122997,91211
122998,99011
122999,47552
123000,108024
123001,48550
123002,101137
123003,40743
123004,84081
123005,46435
123006,43293
123007,101472
123008,84089
123009,123814
123010,83131
123011,77026
123012,53807
123013,94799
123014,109478
123015,118885
123016,43085
123017,51987
123018,78098
123019,44721
123020,43597
123021,46993
123022,52318
123023,46595
123024,82222
123025,97244
123026,91820
123027,85856
123028,118346
123029,42722
123030,94027
123031,51200
123032,44677
123033,44068
123034,90404
123035,45585
123036,44520
123037,45236
123038,124597
123039,95791
123040,124972
123041,52238
123042,87055
123043,80610
123044,95686
123045,80810
123046,45731
123047,85203
123048,105442
123049,94478
123050,46094
123051,99657
123052,45665
123053,46104
123054,109733
123055,96243
123056,112489
123057,83882
123058,99576
123059,45309
123060,88219
123061,80952
123062,99640
123063,89564
123064,99871
123065,105335
123066,116635
123067,46019
123068,88978
123069,45506
123070,43602
123071,49414
123072,45518
123073,53413
123074,101024
123075,90799
123076,115020
123077,89702
123078,86390
123079,127557
123080,86555
123081,108637
123082,109677
123083,45932
123084,44909
123085,80659
123086,44880
123087,101302
123088,89403
123089,98547
123090,84903
123091,92138
123092,96810
123093,77985
123094,103266
123095,47097
123096,118141
123097,103788
123098,104356
123099,104455
123100,102957
123101,47650
123102,46046
123103,117203
123104,50117
123105,87582
123106,107867
123107,103128
123108,43382
123109,94391
123110,94184
123111,123927
123112,128096
123113,90518
123114,100350
123115,101378
123116,47936
123117,43655
123118,96100
123119,45999
123120,114341
123121,87573
123122,93018
123123,53627
123124,128700
123125,94253
123126,47524
123127,88289
123128,47998
123129,44162
123130,91294
123131,43559
123132,111920
123133,89431
123134,93751
123135,124397
123136,44673
123137,41616
123138,80820
123139,46845
123140,43778
123141,43087
123142,85695
123143,57402
123144,99082
123145,46095
123146,102618
123147,102305
123148,100338
123149,52436
123150,49213
123151,43160
123152,44042
123153,103966
123154,44113
123155,116876
123156,101669
123157,39399
123158,94184
123159,96933
123160,98007
123161,89525
123162,48303
123163,82241
123164,117776
123165,98660
123166,47701
123167,43762
123168,91031
123169,93579
123170,88383
123171,46797
123172,116391
123173,44614
123174,119030
123175,45145
123176,87582
123177,99424
123178,46606
123179,113895
123180,44612
123181,78772
123182,96211
123183,40462
123184,134738
123185,109131
123186,93583
123187,114039
123188,52497
123189,51002
123190,43937
123191,95480
123192,90343
123193,89852
123194,43190
123195,43789
123196,107925
123197,43025
123198,89275
123199,90765
123200,42596
123201,90067
123202,47448
123203,94713
123204,102270
123205,87478
123206,46842
123207,94127
123208,112108
123209,105400
123210,43342
123211,88874
123212,112887
123213,99585
123214,48908
123215,44748
123216,91914
123217,49224
123218,81239
123219,92302
123220,95675
123221,104882
123222,83249
123223,44591
123224,47761
123225,83153
123226,108370
123227,43464
123228,98978
123229,46303
123230,125055
123231,42875
123232,87349
123233,101749
123234,102092
123235,86915
123236,44755
123237,87497
123238,111314
123239,45018
123240,100735
123241,46627
123242,43287
123243,50621
123244,47442
123245,117721
123246,108477
123247,46910
123248,88971
123249,99817
123250,41890
123251,101730
123252,100847
123253,120924
123254,98840
123255,106810
123256,45319
123257,43459
123258,122217
123259,108442
123260,81430
123261,42239
123262,80956
123263,97821
123264,88789
123265,104741
123266,92044
123267,98176
123268,46979
123269,41994
123270,99812
123271,43285
123272,43711
123273,104164
123274,48394
123275,123725
123276,101428
123277,95546
123278,109085
123279,44873
123280,104716
123281,92166
123282,109839
123283,50861
123284,47411
123285,100680
123286,96010
123287,101799
123288,90399
123289,121574
123290,107128
123291,100224
123292,91524
123293,86783
123294,44543
123295,101070
123296,46473
123297,45919
123298,90572
123299,45832
123300,80480
123301,90142
123302,44467
123303,90295
123304,77159
123305,107885
123306,80933
123307,125387
123308,98203
123309,44082
123310,44798
123311,46179
123312,104922
123313,50996
123314,94603
123315,100031
123316,89333
123317,47159
123318,83660
123319,91423
123320,95466
123321,93940
123322,46897
123323,47558
123324,84086
123325,82427
123326,43999
123327,44836
123328,43190
123329,90984
123330,97997
123331,102572
123332,44564
123333,82523
123334,115682
123335,94127
123336,46156
123337,96614
123338,89594
123339,43836
123340,94307
123341,42526
123342,83631
123343,87497
123344,128852
123345,42290
123346,45396
123347,77178
123348,91422
123349,89991
123350,107979
123351,81747
123352,103496
123353,46286
123354,44920
123355,47295
123356,117691
123357,114923
123358,79105
123359,45258
123360,90900
123361,92269
123362,45616
123363,88730
123364,44415
123365,107829
123366,45500
123367,45811
123368,103496
123369,95762
123370,100881
123371,96060
123372,77422
123373,99327
123374,101462
123375,86981
123376,98869
123377,81243
123378,110206
123379,77620
123380,97026
123381,44386
123382,90953
123383,107979
123384,100368
123385,92313
123386,96214
123387,46289
123388,114921
123389,115510
123390,47113
123391,85880
123392,94184
123393,44835
123394,94400
123395,45895
123396,47333
123397,44599
123398,98475
123399,102543
123400,81855
123401,109117
123402,99790
123403,43110
123404,46234
123405,81503
123406,89034
123407,79237
123408,96718
123409,46122
123410,100086
123411,102701
123412,89966
123413,95510
123414,92840
123415,47126
123416,43564
123417,91296
123418,104717
123419,117322
123420,77835
123421,81289
123422,97987
123423,110506
123424,86702
123425,46588
123426,99741
123427,46789
123428,87029
123429,56553
123430,44138
123431,83083
123432,97048
123433,108015
123434,112632
123435,83127
123436,46335
123437,43022
123438,98974
123439,46621
123440,45123
123441,91670
123442,43619
123443,46325
123444,93391
123445,47792
123446,122157
123447,106874
123448,42392
123449,101318
123450,93999
123451,80825
123452,101130
123453,91450
123454,116557
123455,46006
123456,92148
123457,82123
123458,125301
123459,82717
123460,43461
123461,97554
123462,91998
123463,85196
123464,93950
123465,95442
123466,48219
123467,87874
123468,48289
123469,101719
123470,45088
123471,93921
123472,83411
123473,108404
123474,113370
123475,51611
123476,95820
123477,44344
123478,46180
123479,101165
123480,44633
123481,117479
123482,99902
123483,45569
123484,45461
123485,43155
123486,46063
123487,75081
123488,81090
123489,85738
123490,118384
123491,92481
123492,49716
123493,125227
123494,85548
123495,45579
123496,44669
123497,81622
123498,123796
123499,45482
123500,86942
123501,45289
123502,87175
123503,44276
123504,101596
123505,107722
123506,47283
123507,109170
123508,94217
123509,111620
123510,128424
123511,83676
123512,43433
123513,78900
123514,89054
123515,104782
123516,77822
123517,102144
123518,90271
123519,46138
123520,100939
123521,86339
123522,75720
123523,101616
123524,111976
123525,95683
123526,46359
123527,47199
123528,44428
123529,43851
123530,107024
123531,75936
123532,99575
123533,90375
123534,101427
123535,91458
123536,43092
123537,46112
123538,94485
123539,90308
123540,44582
123541,46065
123542,99995
123543,45375
123544,102402
123545,94688
123546,88900
123547,85299
123548,83195
123549,100502
123550,95942
123551,42931
123552,44870
123553,105357
123554,91009
123555,112062
123556,45853
123557,107412
123558,45555
123559,102639
123560,104561
123561,91903
123562,43110
123563,42239
123564,99310
123565,90773
123566,103966
123567,46132
123568,105246
123569,93048
123570,131168
123571,85552
123572,100269
123573,88370
123574,94806
123575,45418
123576,121123
123577,112305
123578,114805
123579,47593
123580,92274
123581,89517
123582,95294
123583,91787
123584,41910
123585,92165
123586,83660
123587,88543
123588,88320
123589,92222
123590,103294
123591,99066
123592,48925
123593,46464
123594,44671
123595,90912
123596,133241
123597,44368
123598,89631
123599,115075
123600,99171
123601,87935
123602,46064
123603,96210
123604,80290
123605,102879
123606,43142
123607,103718
123608,108477
123609,83487
123610,104567
123611,100857
123612,103480
123613,41481
123614,98760
123615,46013
123616,44904
123617,111956
123618,90301
123619,93751
123620,80825
123621,43606
123622,44846
123623,90097
123624,46460
123625,91450
123626,94035
123627,88784
123628,105380
123629,88509
123630,100530
123631,45310
123632,43867
123633,44755
123634,91252
123635,48361
123636,86243
123637,49076
123638,86154
123639,114623
123640,101605
123641,118819
123642,96762
123643,90832
123644,44318
123645,128719
123646,87362
123647,101433
123648,80376
123649,126000
123650,123064
123651,88380
123652,43751
123653,86670
123654,96537
123655,77774
123656,123479
123657,94806
123658,121982
123659,76596
123660,99335
123661,80539
123662,91999
123663,90753
123664,87906
123665,41933
123666,112296
123667,40797
123668,98657
123669,46176
123670,94793
123671,48922
123672,83915
123673,44386
123674,93293
123675,103713
123676,87652
123677,80810
123678,119138
123679,90522
123680,120828
123681,76432
123682,96637
123683,47146
123684,85409
123685,129158
123686,99416
123687,55153
123688,49757
123689,90202
123690,45412
123691,90068
123692,96571
123693,44604
123694,85919
123695,45763
123696,115978
123697,82428
123698,92766
123699,46057
123700,99210
123701,117261
123702,45009
123703,97407
123704,100275
123705,99495
123706,96899
123707,101858
123708,113838
123709,46335
123710,85173
123711,86383
123712,42823
123713,117986
123714,101275
123715,81393
123716,47255
123717,103129
123718,45645
123719,104727
123720,101730
123721,113697
123722,111981
123723,43942
123724,126978
123725,94127
123726,105858
123727,86218
123728,108947
123729,86977
123730,44185
123731,86175
123732,98398
123733,85192
123734,105209
123735,93143
123736,108739
123737,45726
123738,78783
123739,88016
123740,46572
123741,78725
123742,43477
123743,45841
123744,85454
123745,44315
123746,91550
123747,43626
123748,83570
123749,99718
123750,47415
123751,101323
123752,87189
123753,44220
123754,44046
123755,43461
123756,44454
123757,104199
123758,45298
123759,122921
123760,100325
123761,91499
123762,44140
123763,101272
123764,106814
123765,83341
123766,109122
123767,96818
123768,42091
123769,95826
123770,93881
123771,83724
123772,80923
123773,107357
123774,107520
123775,83977
123776,128344
123777,46965
123778,42657
123779,94586
123780,80905
123781,98115
123782,89444
123783,105065
123784,107282
123785,101459
123786,113146
123787,101328
123788,99759
123789,45227
123790,44868
123791,41921
123792,93751
123793,46784
123794,100545
123795,98629
123796,43438
123797,45429
123798,50666
123799,79233
123800,44040
123801,44287
123802,46036
123803,83584
123804,96252
123805,112480
123806,99802
123807,110761
123808,107867
123809,103791
123810,86089
123811,47559
123812,98077
123813,103594
123814,92315
123815,46477
123816,46879
123817,84693
123818,88684
123819,107036
123820,43164
123821,96053
123822,99940
123823,90057
123824,44267
123825,88859
123826,101644
123827,95223
123828,102993
123829,80899
123830,99870
123831,120651
123832,45136
123833,44354
123834,46207
123835,111850
123836,81755
123837,125683
123838,81824
123839,43799
123840,98586
123841,47780
123842,45863
123843,86402
123844,80483
123845,45919
123846,79106
123847,106415
123848,46155
123849,118468
123850,45613
123851,92718
123852,87808
123853,95415
123854,105492
123855,110492
123856,106414
123857,96080
123858,102072
123859,78648
123860,138346
123861,44859
123862,44699
123863,120082
123864,45321
123865,86283
123866,112727
123867,48947
123868,121398
123869,119533
123870,43210
123871,44586
123872,47209
123873,88688
123874,43152
123875,114796
123876,138895
123877,86711
123878,95122
123879,95885
123880,98728
123881,44996
123882,106554
123883,78503
123884,106582
123885,54098
123886,97974
123887,103813
123888,41821
123889,89380
123890,84225
123891,49526
123892,117392
123893,81221
123894,43183
123895,87821
123896,99374
123897,104145
123898,78382
123899,83631
123900,117462
123901,102648
123902,107841
123903,88701
123904,84685
123905,41478
123906,96126
123907,111096
123908,43122
123909,103116
123910,82976
123911,92438
123912,86495
123913,95491
123914,95388
123915,88891
123916,94445
123917,102042
123918,111395
123919,100756
123920,95958
123921,45138
123922,43112
123923,96046
123924,44448
123925,118761
123926,98206
123927,82594
123928,121703
123929,102099
123930,43256
123931,85405
123932,45287
123933,48861
123934,127518
123935,45179
123936,99247
123937,92352
123938,92359
123939,86555
123940,106909
123941,95327
123942,103938
123943,47283
123944,43152
123945,47243
123946,44133
123947,44433
123948,93356
123949,48348
123950,118554
123951,44933
123952,83680
123953,101824
123954,42143
123955,58151
123956,107449
123957,116204
123958,44956
123959,46713
123960,94510
123961,77843
123962,43212
123963,94678
123964,101244
123965,44088
123966,77422
123967,98458
123968,83662
123969,111280
123970,93684
123971,89472
123972,89818
123973,97111
123974,89906
123975,109843
123976,46077
123977,97531
123978,111197
123979,102569
123980,83542
123981,45327
123982,103440
123983,117241
123984,108906
123985,87961
123986,96825
123987,121615
123988,47907
123989,89030
123990,43277
123991,44858
123992,44009
123993,41322
123994,48273
123995,48963
123996,107021
123997,78769
123998,86630
123999,97303
124000,45173
124001,97693
124002,82331
124003,44755
124004,95673
124005,104479
124006,86495
124007,92520
124008,46249
124009,44907
124010,117530
124011,85854
124012,88422
124013,78197
124014,45215
124015,105156
124016,47586
124017,121329
124018,84771
124019,95696
124020,44031
124021,92045
124022,98058
124023,44158
124024,95990
124025,98285
124026,51734
124027,46119
124028,102315
124029,103266
124030,91618
124031,45543
124032,45320
124033,47609
124034,106417
124035,45649
124036,82886
124037,45425
124038,79871
124039,44955
124040,92172
124041,51027
124042,98807
124043,77703
124044,86236
124045,86880
124046,110203
124047,81241
124048,96264
124049,115908
124050,86817
124051,43845
124052,106600
124053,83001
124054,88792
124055,112494
124056,44306
124057,80558
124058,106295
124059,100849
124060,45148
124061,87302
124062,104860
124063,42978
124064,116214
124065,115837
124066,98669
124067,99005
124068,96459
124069,116456
124070,44894
124071,104262
124072,91202
124073,45082
124074,103166
124075,88870
124076,90228
124077,98449
124078,87883
124079,79871
124080,100462
124081,118441
124082,104212
124083,101620
124084,92165
124085,110121
124086,99632
124087,82666
124088,94304
124089,43858
124090,81896
124091,45749
124092,97313
124093,105615
124094,106915
124095,97141
124096,78433
124097,99796
124098,111674
124099,128389
124100,41351
124101,81339
124102,110913
124103,82439
124104,47276
124105,43606
124106,91822
124107,48792
124108,47452
124109,103831
124110,80966
124111,110246
124112,100741
124113,114488
124114,105110
124115,89477
124116,103125
124117,97632
124118,96876
124119,102065
124120,97415
124121,102169
124122,43508
124123,47456
124124,102310
124125,44831
124126,104058
124127,91039
124128,88214
124129,119748
124130,105001
124131,117932
124132,111855
124133,88076
124134,100180
124135,78968
124136,82612
124137,124935
124138,78070
124139,100788
124140,86254
124141,110616
124142,97411
124143,44269
124144,95215
124145,83249
124146,94541
124147,99626
124148,98822
124149,94437
124150,48706
124151,98183
124152,125520
124153,106093
124154,88631
124155,78032
124156,96113
124157,102734
124158,88997
124159,43922
124160,48335
124161,86411
124162,75052
124163,108434
124164,45477
124165,89166
124166,106825
124167,77650
124168,100485
124169,110429
124170,46041
124171,77796
124172,50234
124173,44822
124174,46576
124175,101490
124176,103070
124177,101394
124178,103284
124179,100428
124180,96545
124181,125659
124182,54035
124183,103117
124184,84457
124185,48180
124186,44764
124187,108903
124188,107182
124189,46342
124190,44111
124191,123917
124192,101732
124193,95692
124194,47381
124195,90674
124196,44965
124197,106310
124198,107588
124199,106728
124200,85862
124201,43357
124202,121639
124203,100098
124204,91564
124205,45688
124206,108785
124207,87331
124208,100287
124209,47682
124210,47334
124211,111792
124212,92105
124213,119141
124214,96888
124215,102320
124216,44236
124217,47596
124218,128123
124219,101802
124220,46130
124221,102688
124222,98842
124223,89943
124224,42392
124225,49526
124226,83549
124227,83033
124228,44817
124229,46865
124230,86855
124231,47005
124232,43828
124233,90822
124234,56410
124235,48637
124236,98231
124237,98831
124238,51117
124239,94357
124240,100336
124241,42213
124242,95230
124243,44401
124244,102311
124245,47262
124246,109206
124247,89540
124248,98872
124249,106023
124250,44637
124251,98726
124252,49099
124253,95901
124254,94417
124255,46424
124256,85875
124257,100415
124258,93751
124259,48358
124260,96707
124261,55157
124262,43371
124263,95459
124264,111134
124265,44673
124266,81314
124267,89624
124268,81064
124269,53724
124270,106490
124271,105508
124272,135829
124273,97917
124274,84441
124275,102953
124276,108540
124277,87659
124278,114237
124279,81457
124280,94713
124281,100368
124282,52497
124283,50727
124284,88222
124285,108205
124286,45835
124287,43549
124288,43222
124289,86714
124290,43669
124291,125905
124292,84421
124293,99730
124294,116545
124295,45553
124296,46212
124297,42795
124298,80191
124299,44085
124300,85838
124301,86702
124302,97002
124303,41545
124304,44890
124305,107647
124306,78032
124307,52864
124308,84218
124309,44271
124310,98086
124311,98845
124312,98106
124313,96455
124314,102341
124315,46175
124316,96085
124317,46423
124318,48082
124319,88885
124320,42774
124321,111116
124322,86743
124323,80236
124324,44222
124325,112770
124326,97887
124327,96594
124328,136350
124329,118771
124330,46663
124331,45807
124332,88192
124333,81069
124334,44114
124335,106071
124336,48432
124337,47772
124338,45032
124339,81366
124340,90425
124341,111847
124342,83589
124343,44122
124344,103784
124345,119469
124346,95356
124347,100114
124348,44271
124349,88788
124350,79787
124351,104332
124352,44655
124353,100930
124354,82409
124355,93684
124356,87581
124357,119070
124358,110152
124359,88875
124360,128654
124361,88937
124362,123053
124363,105711
124364,95317
124365,44961
124366,44868
124367,101907
124368,97351
124369,45629
124370,45151
124371,46201
124372,89523
124373,128544
124374,94445
124375,92258
124376,91096
124377,105210
124378,100309
124379,91119
124380,43053
124381,44377
124382,43950
124383,99061
124384,44903
124385,125592
124386,98186
124387,47483
124388,48373
124389,43801
124390,84212
124391,115671
124392,45594
124393,50102
124394,92661
124395,46250
124396,84347
124397,43962
124398,42585
124399,122982
124400,87560
124401,41435
124402,47067
124403,94616
124404,86764
124405,79591
124406,45573
124407,98521
124408,48043
124409,91576
124410,83113
124411,105072
124412,44670
124413,92002
124414,91257
124415,43497
124416,113164
124417,91157
124418,47383
124419,114930
124420,84057
124421,44842
124422,77650
124423,45338
124424,99506
124425,89317
124426,106022
124427,85026
124428,99741
124429,96383
124430,92597
124431,87796
124432,51517
124433,119289
124434,91763
124435,103378
124436,103105
124437,96025
124438,123899
124439,99519
124440,96393
124441,100332
124442,100749
124443,102882
124444,45998
124445,86482
124446,43939
124447,97519
124448,87756
124449,91188
124450,46568
124451,44324
124452,43836
124453,106322
124454,45690
124455,86839
124456,80810
124457,98159
124458,111448
124459,81511
124460,45504
124461,97304
124462,79541
124463,43836
124464,42876
124465,92626
124466,81805
124467,93742
124468,42955
124469,42901
124470,114167
124471,88184
124472,102407
124473,106150
124474,48331
124475,105091
124476,109839
124477,93385
124478,44084
124479,81701
124480,93781
124481,45726
124482,82416
124483,102672
124484,99321
124485,125408
124486,83167
124487,87039
124488,47769
124489,45968
124490,45905
124491,45472
124492,95800
124493,107727
124494,86099
124495,96047
124496,113827
124497,117615
124498,89250
124499,113324
124500,86358
124501,96854
124502,105575
124503,45153
124504,104976
124505,45720
124506,102702
124507,94029
124508,43611
124509,49227
124510,44535
124511,117827
124512,96989
124513,91948
124514,98457
124515,103631
124516,95983
124517,43754
124518,94928
124519,83796
124520,105510
124521,43800
124522,88813
124523,90936
124524,46015
124525,106520
124526,77216
124527,45755
124528,123309
124529,101628
124530,91518
124531,83724
124532,45923
124533,86795
124534,84022
124535,119454
124536,44233
124537,130493
124538,46399
124539,55653
124540,90342
124541,99649
124542,100009
124543,43497
124544,94184
124545,40953
124546,85741
124547,84643
124548,96567
124549,42483
124550,112844
124551,95163
124552,44463
124553,98577
124554,84845
124555,45699
124556,44868
124557,120295
124558,88934
124559,94485
124560,44718
124561,98555
124562,101803
124563,97133
124564,101001
124565,101260
124566,46134
124567,93853
124568,126541
124569,91610
124570,93928
124571,45795
124572,46790
124573,44788
124574,54636
124575,119364
124576,95696
124577,43381
124578,101967
124579,101692
124580,43633
124581,98977
124582,43208
124583,90986
124584,83259
124585,98391
124586,94731
124587,96593
124588,44186
124589,96237
124590,77818
124591,98542
124592,87713
124593,89087
124594,96381
124595,46121
124596,42932
124597,91572
124598,87140
124599,113079
124600,48861
124601,115712
124602,90124
124603,46776
124604,88790
124605,120514
124606,129863
124607,125190
124608,85974
124609,42239
124610,87720
124611,90462
124612,106836
124613,93536
124614,43797
124615,86944
124616,77456
124617,42907
124618,120380
124619,88373
124620,96567
124621,112433
124622,43323
124623,136745
124624,80290
124625,103692
124626,98292
124627,89408
124628,89927
124629,97258
124630,100373
124631,108462
124632,102694
124633,50960
124634,45678
124635,104690
124636,96864
124637,83312
124638,102819
124639,83101
124640,102995
124641,47892
124642,89466
124643,42844
124644,105908
124645,97444
124646,109510
124647,102224
124648,104175
124649,91008
124650,80593
124651,102642
124652,45748
124653,46420
124654,51410
124655,86139
124656,43733
124657,102516
124658,96705
124659,100781
124660,101977
124661,96386
124662,45562
124663,90509
124664,84761
124665,48442
124666,120915
124667,45705
124668,100022
124669,44511
124670,42152
124671,97725
124672,106901
124673,95008
124674,87715
124675,45327
124676,48988
124677,103270
124678,96434
124679,84205
124680,99405
124681,92737
124682,86309
124683,96053
124684,113594
124685,121610
124686,88220
124687,83899
124688,94527
124689,45645
124690,107891
124691,130080
124692,108262
124693,94029
124694,105220
124695,96224
124696,97595
124697,105929
124698,109307
124699,108600
124700,43835
124701,46961
124702,43135
124703,46154
124704,102652
124705,99429
124706,43589
124707,50305
124708,45514
124709,46500
124710,43987
124711,44611
124712,79191
124713,42970
124714,49563
124715,51022
124716,110034
124717,99719
124718,108428
124719,83131
124720,46216
124721,42868
124722,45009
124723,94623
124724,99152
124725,50137
124726,101052
124727,93490
124728,47242
124729,100621
124730,81032
124731,126161
124732,80726
124733,77936
124734,87883
124735,43661
124736,44425
124737,96397
124738,113187
124739,128662
124740,101233
124741,103106
124742,85878
124743,89350
124744,95052
124745,96435
124746,95942
124747,44040
124748,43024
124749,99932
124750,47578
124751,108247
124752,94947
124753,45329
124754,82393
124755,95558
124756,96072
124757,87486
124758,93404
124759,123377
124760,80657
124761,43700
124762,96965
124763,79815
124764,44759
124765,115099
124766,119633
124767,113692
124768,112976
124769,49017
124770,98268
124771,93454
124772,97988
124773,99269
124774,46645
124775,116244
124776,44255
124777,54284
124778,90397
124779,42794
124780,43321
124781,94022
124782,78077
124783,91095
124784,44955
124785,43714
124786,79593
124787,95669
124788,91170
124789,78548
124790,99671
124791,105017
124792,88809
124793,45054
124794,48443
124795,101977
124796,90764
124797,84869
124798,86522
124799,83589
124800,78679
124801,90394
124802,44716
124803,44321
124804,96545
124805,107660
124806,94806
124807,90965
124808,95963
124809,107925
124810,44663
124811,94268
124812,43675
124813,43351
124814,51823
124815,87403
124816,89738
124817,81102
124818,95255
124819,109808
124820,82873
124821,44349
124822,99772
124823,44398
124824,44452
124825,130836
124826,99534
124827,97166
124828,46913
124829,96124
124830,42382
124831,78045
124832,102566
124833,90635
124834,84180
124835,45416
124836,113467
124837,99955
124838,95551
124839,45040
124840,99022
124841,78574
124842,91435
124843,92460
124844,77920
124845,44237
124846,81278
124847,101604
124848,45021
124849,104049
124850,130346
124851,101436
124852,105151
124853,89477
124854,46976
124855,108475
124856,80693
124857,46186
124858,85827
124859,87870
124860,45917
124861,87615
124862,99969
124863,108703
124864,95089
124865,83418
124866,103174
124867,45250
124868,93518
124869,47566
124870,120247
124871,121945
124872,42801
124873,45743
124874,84682
124875,112207
124876,84414
124877,90504
124878,77104
124879,45173
124880,108142
124881,103548
124882,47290
124883,85625
124884,93871
124885,46318
124886,45582
124887,104177
124888,44613
124889,91231
124890,108163
124891,46629
124892,43466
124893,44958
124894,93636
124895,77104
124896,45338
124897,95701
124898,87582
124899,45847
124900,88242
124901,76058
124902,77619
124903,95902
124904,79056
124905,79434
124906,132162
124907,45597
124908,47817
124909,110525
124910,49318
124911,84609
124912,117485
124913,107099
124914,99887
124915,102059
124916,91837
124917,92657
124918,45808
124919,78806
124920,43227
124921,89296
124922,98582
124923,80658
124924,45384
124925,128745
124926,120324
124927,42683
124928,101369
124929,42361
124930,104402
124931,102021
124932,44788
124933,100100
124934,83349
124935,124590
124936,86097
124937,109050
124938,44426
124939,85336
124940,118026
124941,119131
124942,87381
124943,80322
124944,101310
124945,80990
124946,90544
124947,98600
124948,76916
124949,43536
124950,92308
124951,45021
124952,106157
124953,88179
124954,43052
124955,82473
124956,107228
124957,83092
124958,45894
124959,46301
124960,96809
124961,116905
124962,104881
124963,77650
124964,93434
124965,125887
124966,48826
124967,77569
124968,77422
124969,97799
124970,111240
124971,43758
124972,43360
124973,101989
124974,43931
124975,119104
124976,42340
124977,87932
124978,129057
124979,83502
124980,81278
124981,91149
124982,92430
124983,119284
124984,107867
124985,106464
124986,50798
124987,94673
124988,46681
124989,103180
124990,87369
124991,89396
124992,81515
124993,96046
124994,82257
124995,42873
124996,90040
124997,88972
124998,111214
124999,106916
125000,52814
125001,102422
125002,92002
125003,109487
125004,138841
125005,44569
125006,84271
125007,45050
125008,108283
125009,48257
125010,104020
125011,106883
125012,44390
125013,109206
125014,88415
125015,118060
125016,101256
125017,44917
125018,80073
125019,94478
125020,88053
125021,99186
125022,49407
125023,104005
125024,87391
125025,83995
125026,97219
125027,102625
125028,107181
125029,105050
125030,108545
125031,46574
125032,43792
125033,79256
125034,90667
125035,111422
125036,88905
125037,75924
125038,45256
125039,43046
125040,99111
125041,99950
125042,78653
125043,44633
125044,43210
125045,100606
125046,43196
125047,43110
125048,101153
125049,46758
125050,95456
125051,127602
125052,92596
125053,46495
125054,106243
125055,56798
125056,98339
125057,91456
125058,55319
125059,83909
125060,83577
125061,85895
125062,96588
125063,101021
125064,45332
125065,47135
125066,101087
125067,87497
125068,87318
125069,83993
125070,106033
125071,98760
125072,112843
125073,43836
125074,77712
125075,100065
125076,90168
125077,100279
125078,115427
125079,83249
125080,110699
125081,80083
125082,74694
125083,54403
125084,82183
125085,79047
125086,88760
125087,110786
125088,101691
125089,97252
125090,46312
125091,51580
125092,43219
125093,110022
125094,51548
125095,96155
125096,46614
125097,100629
125098,45720
125099,45057
125100,89519
125101,44570
125102,43927
125103,132299
125104,45991
125105,108904
125106,46996
125107,45049
125108,44886
125109,45165
125110,44974
125111,83631
125112,87181
125113,51278
125114,95061
125115,110857
125116,94232
125117,109793
125118,47367
125119,111794
125120,86345
125121,79625
125122,93375
125123,91856
125124,46310
125125,78631
125126,88072
125127,78155
125128,44104
125129,52781
125130,83703
125131,83083
125132,99783
125133,86743
125134,44811
125135,106537
125136,46862
125137,85884
125138,85627
125139,48728
125140,46438
125141,43951
125142,44335
125143,47807
125144,48243
125145,96062
125146,50413
125147,85908
125148,49099
125149,113767
125150,45010
125151,123159
125152,43034
125153,116451
125154,111515
125155,114966
125156,120508
125157,111607
125158,84176
125159,90694
125160,115505
125161,108918
125162,88693
125163,43973
125164,120058
125165,45743
125166,97244
125167,91735
125168,46824
125169,93340
125170,99356
125171,119367
125172,89514
125173,103193
125174,101095
125175,82949
125176,108626
125177,46664
125178,40184
125179,80853
125180,107206
125181,48384
125182,84094
125183,52914
125184,88951
125185,89854
125186,104628
125187,129879
125188,47641
125189,103500
125190,125706
125191,98436
125192,89087
125193,123812
125194,45174
125195,86704
125196,82505
125197,113120
125198,104183
125199,112770
125200,49897
125201,78979
125202,51445
125203,42863
125204,86800
125205,45544
125206,92248
125207,120531
125208,43108
125209,97816
125210,103219
125211,90041
125212,115739
125213,95728
125214,95110
125215,99471
125216,48027
125217,98115
125218,127389
125219,118172
125220,93233
125221,112471
125222,98199
125223,87713
125224,102221
125225,130754
125226,86631
125227,91702
125228,98590
125229,98859
125230,44673
125231,49999
125232,100027
125233,125667
125234,87274
125235,100190
125236,79641
125237,94927
125238,117430
125239,46228
125240,85068
125241,47111
125242,122504
125243,46200
125244,82976
125245,95582
125246,92444
125247,119907
125248,79138
125249,103160
125250,43427
125251,88407
125252,44728
125253,77619
125254,95570
125255,95704
125256,44796
125257,45379
125258,53884
125259,107707
125260,44657
125261,114619
125262,49170
125263,92634
125264,43855
125265,100878
125266,79941
125267,96453
125268,99228
125269,44883
125270,45552
125271,94602
125272,43516
125273,116868
125274,104646
125275,45038
125276,94470
125277,101065
125278,82957
125279,43357
125280,45124
125281,45982
125282,101893
125283,102605
125284,116223
125285,105379
125286,49185
125287,114172
125288,121836
125289,80643
125290,41665
125291,78653
125292,45327
125293,103286
125294,98098
125295,102354
125296,45482
125297,82810
125298,44954
125299,108865
125300,101298
125301,91574
125302,46856
125303,45161
125304,85416
125305,94713
125306,79696
125307,89994
125308,101966
125309,43112
125310,90244
125311,93079
125312,79478
125313,97758
125314,107069
125315,93954
125316,92599
125317,88765
125318,46773
125319,104914
125320,96376
125321,99911
125322,98350
125323,87584
125324,44491
125325,43112
125326,92103
125327,87755
125328,83680
125329,81975
125330,97953
125331,98059
125332,100892
125333,43228
125334,95101
125335,45751
125336,101542
125337,97554
125338,117705
125339,100487
125340,109851
125341,83174
125342,46663
125343,48585
125344,105759
125345,119260
125346,101924
125347,89662
125348,100450
125349,44455
125350,44124
125351,46463
125352,92389
125353,49272
125354,45700
125355,99184
125356,43978
125357,96767
125358,86554
125359,87621
125360,88065
125361,83131
125362,43425
125363,112248
125364,94186
125365,99151
125366,45184
125367,47687
125368,88958
125369,106355
125370,78281
125371,43484
125372,115359
125373,82649
125374,88493
125375,90265
125376,42152
125377,90250
125378,115588
125379,87064
125380,87750
125381,102619
125382,46008
125383,43955
125384,78737
125385,45290
125386,98587
125387,99484
125388,80657
125389,89550
125390,44265
125391,110878
125392,45509
125393,126360
125394,82942
125395,80481
125396,83845
125397,90941
125398,95303
125399,43348
125400,43138
125401,44368
125402,97128
125403,83660
125404,87988
125405,82914
125406,91255
125407,100807
125408,44453
125409,100155
125410,39613
125411,43234
125412,106788
125413,92513
125414,95696
125415,51567
125416,81339
125417,42467
125418,122567
125419,42764
125420,131304
125421,91749
125422,76370
125423,107922
125424,101661
125425,119418
125426,104349
125427,99664
125428,102734
125429,44535
125430,43509
125431,110535
125432,83105
125433,43713
125434,44609
125435,130515
125436,44868
125437,91836
125438,115353
125439,79405
125440,113374
125441,78739
125442,102092
125443,95144
125444,87652
125445,50683
125446,45763
125447,47769
125448,75298
125449,78310
125450,109045
125451,105142
125452,104664
125453,97575
125454,94341
125455,45490
125456,44546
125457,45015
125458,89983
125459,101691
125460,109695
125461,104195
125462,109400
125463,109725
125464,87497
125465,78574
125466,92921
125467,108216
125468,103718
125469,75863
125470,44975
125471,45194
125472,98472
125473,91566
125474,91379
125475,91583
125476,105299
125477,114225
125478,97515
125479,48590
125480,85761
125481,46748
125482,46341
125483,86038
125484,85329
125485,110129
125486,93979
125487,107764
125488,99947
125489,103262
125490,100287
125491,92141
125492,109291
125493,45802
125494,81980
125495,126906
125496,90239
125497,123948
125498,114719
125499,47738
125500,114009
125501,47030
125502,46264
125503,118167
125504,85947
125505,97320
125506,92445
125507,47566
125508,95060
125509,52867
125510,105168
125511,43378
125512,48242
125513,83034
125514,110108
125515,46488
125516,90608
125517,43875
125518,87027
125519,81467
125520,43606
125521,83081
125522,52439
125523,77925
125524,98913
125525,95276
125526,44842
125527,96758
125528,93708
125529,45976
125530,90607
125531,80612
125532,85092
125533,79051
125534,45165
125535,50132
125536,43384
125537,46624
125538,41776
125539,85991
125540,80657
125541,121493
125542,46378
125543,86704
125544,43453
125545,113694
125546,54435
125547,91335
125548,109009
125549,43788
125550,43737
125551,45082
125552,76292
125553,45197
125554,45919
125555,101977
125556,120421
125557,94390
125558,108565
125559,94285
125560,93566
125561,45137
125562,87262
125563,83001
125564,95794
125565,90534
125566,45891
125567,103169
125568,112248
125569,45616
125570,81564
125571,92964
125572,44460
125573,101740
125574,122616
125575,46090
125576,78148
125577,98349
125578,103188
125579,114748
125580,44210
125581,43463
125582,42245
125583,43989
125584,93171
125585,98439
125586,87581
125587,101430
125588,44752
125589,114897
125590,84205
125591,88759
125592,43035
125593,84556
125594,50034
125595,112377
125596,49458
125597,92399
125598,46067
125599,87752
125600,95037
125601,95578
125602,77159
125603,98212
125604,101578
125605,77619
125606,82488
125607,105459
125608,91830
125609,113158
125610,43323
125611,81239
125612,92198
125613,107464
125614,44324
125615,100858
125616,45798
125617,106641
125618,116514
125619,79822
125620,100077
125621,45094
125622,82922
125623,98591
125624,44847
125625,92413
125626,51905
125627,77353
125628,87166
125629,94766
125630,46454
125631,82474
125632,100094
125633,107229
125634,89592
125635,43912
125636,86992
125637,97941
125638,98202
125639,120756
125640,121224
125641,44235
125642,90029
125643,44616
125644,49696
125645,81278
125646,88977
125647,47744
125648,112999
125649,44077
125650,44027
125651,100111
125652,45377
125653,45399
125654,44727
125655,85980
125656,102791
125657,47268
125658,85558
125659,95819
125660,110491
125661,46003
125662,105104
125663,96167
125664,81980
125665,95333
125666,91118
125667,84966
125668,45564
125669,102219
125670,98626
125671,41774
125672,105761
125673,104526
125674,44571
125675,104783
125676,95294
125677,85959
125678,43275
125679,46624
125680,44123
125681,78443
125682,44626
125683,122909
125684,86971
125685,105550
125686,81009
125687,89880
125688,48861
125689,103653
125690,88757
125691,88416
125692,109110
125693,45165
125694,42858
125695,42714
125696,46988
125697,124802
125698,90726
125699,44562
125700,86078
125701,43435
125702,85679
125703,46253
125704,91630
125705,88887
125706,76739
125707,92204
125708,83343
125709,88435
125710,90520
125711,90870
125712,46606
125713,44856
125714,81314
125715,89989
125716,94467
125717,44741
125718,124108
125719,97970
125720,101504
125721,83971
125722,46041
125723,43934
125724,111436
125725,92407
125726,44930
125727,50384
125728,44079
125729,108070
125730,108937
125731,46132
125732,44676
125733,46145
125734,78154
125735,99431
125736,46744
125737,51008
125738,101843
125739,83065
125740,43458
125741,42105
125742,45684
125743,103827
125744,109012
125745,112498
125746,96167
125747,86742
125748,91059
125749,45334
125750,105466
125751,110521
125752,106617
125753,100145
125754,103216
125755,118569
125756,83792
125757,44887
125758,44048
125759,85347
125760,90996
125761,95196
125762,98936
125763,105711
125764,45306
125765,83246
125766,85130
125767,45498
125768,49008
125769,110693
125770,92781
125771,51027
125772,99848
125773,100030
125774,42213
125775,45678
125776,103713
125777,100333
125778,91483
125779,81922
125780,110246
125781,97107
125782,80718
125783,103173
125784,118210
125785,43498
125786,44695
125787,46868
125788,98106
125789,45694
125790,107176
125791,88501
125792,104516
125793,96306
125794,103996
125795,52188
125796,45193
125797,44081
125798,50917
125799,90677
125800,116942
125801,43576
125802,97652
125803,44324
125804,43893
125805,92437
125806,85529
125807,85183
125808,89999
125809,97821
125810,118893
125811,44755
125812,46475
125813,43435
125814,102091
125815,47555
125816,46316
125817,48747
125818,111798
125819,89108
125820,41638
125821,94604
125822,84441
125823,90848
125824,109515
125825,99559
125826,94246
125827,92404
125828,80236
125829,47193
125830,42926
125831,90594
125832,105455
125833,43735
125834,57133
125835,120518
125836,86187
125837,110145
125838,95495
125839,88054
125840,43542
125841,97694
125842,43758
125843,92956
125844,94006
125845,42875
125846,84247
125847,84179
125848,117908
125849,116909
125850,81277
125851,47734
125852,43357
125853,104712
125854,100194
125855,95345
125856,97135
125857,45919
125858,99793
125859,46013
125860,90567
125861,100127
125862,112844
125863,110062
125864,47540
125865,45343
125866,45329
125867,89660
125868,91488
125869,44998
125870,97942
125871,41684
125872,99325
125873,98909
125874,101196
125875,45165
125876,94155
125877,85721
125878,91476
125879,104390
125880,42920
125881,46937
125882,45749
125883,43556
125884,97721
125885,45262
125886,93621
125887,90738
125888,122746
125889,105820
125890,91373
125891,47724
125892,42772
125893,86992
125894,43496
125895,44928
125896,43731
125897,103993
125898,87768
125899,115865
125900,128599
125901,49102
125902,44520
125903,80166
125904,119229
125905,117617
125906,95448
125907,110571
125908,79771
125909,87581
125910,94859
125911,45346
125912,42856
125913,44338
125914,78453
125915,91963
125916,106473
125917,45095
125918,103057
125919,44043
125920,104020
125921,95668
125922,96037
125923,102631
125924,100346
125925,78199
125926,109793
125927,95502
125928,94485
125929,51186
125930,113476
125931,94908
125932,43070
125933,45880
125934,47575
125935,106060
125936,102540
125937,86446
125938,47608
125939,84734
125940,118262
125941,43430
125942,88930
125943,98574
125944,113164
125945,123776
125946,43736
125947,90588
125948,96333
125949,46545
125950,99298
125951,46452
125952,105785
125953,109072
125954,102649
125955,44798
125956,98093
125957,81762
125958,92973
125959,43125
125960,126566
125961,83546
125962,89864
125963,46518
125964,90537
125965,89217
125966,44989
125967,44639
125968,106782
125969,50987
125970,86195
125971,98404
125972,99151
125973,43538
125974,46314
125975,95991
125976,47366
125977,44965
125978,83426
125979,112757
125980,96644
125981,90424
125982,108791
125983,99537
125984,104993
125985,83083
125986,48588
125987,103216
125988,92381
125989,100511
125990,84018
125991,87889
125992,58780
125993,45864
125994,44023
125995,104427
125996,113720
125997,47497
125998,47122
125999,94706
126000,104440
126001,46815
126002,93524
126003,78161
126004,87720
126005,46887
126006,44386
126007,107705
126008,97196
126009,78098
126010,101359
126011,53999
126012,49620
126013,46777
126014,108362
126015,91772
126016,121694
126017,43770
126018,47605
126019,84018
126020,99625
126021,123948
126022,107404
126023,92820
126024,96701
126025,52830
126026,99224
126027,99327
126028,49080
126029,58037
126030,88879
126031,42922
126032,45026
126033,44386
126034,103331
126035,99472
126036,104506
126037,95027
126038,43234
126039,116650
126040,105202
126041,43284
126042,88813
126043,88163
126044,44349
126045,44858
126046,91148
126047,43841
126048,45910
126049,106265
126050,94509
126051,91264
126052,84983
126053,43028
126054,91979
126055,91626
126056,43381
126057,118314
126058,46271
126059,103675
126060,45279
126061,105289
126062,83488
126063,44144
126064,101068
126065,90974
126066,88065
126067,113786
126068,92014
126069,86245
126070,43733
126071,104035
126072,43365
126073,80275
126074,45139
126075,46102
126076,45915
126077,100108
126078,45352
126079,82452
126080,42608
126081,114059
126082,44228
126083,42728
126084,92208
126085,85294
126086,89060
126087,44703
126088,84336
126089,89188
126090,45415
126091,81516
126092,87728
126093,109556
126094,114533
126095,45796
126096,99599
126097,90843
126098,86730
126099,53359
126100,44728
126101,115905
126102,85283
126103,82792
126104,44666
126105,112759
126106,80607
126107,94468
126108,93824
126109,96217
126110,54278
126111,103116
126112,44099
126113,87469
126114,43255
126115,109750
126116,87303
126117,98786
126118,108910
126119,43386
126120,82283
126121,83055
126122,45444
126123,47111
126124,47052
126125,81281
126126,90228
126127,43024
126128,50651
126129,101662
126130,93668
126131,98818
126132,92304
126133,110359
126134,95744
126135,97094
126136,93039
126137,116053
126138,43644
126139,114588
126140,87235
126141,132452
126142,45700
126143,45219
126144,106853
126145,46491
126146,89143
126147,54865
126148,81584
126149,44159
126150,44133
126151,120431
126152,45583
126153,90861
126154,92556
126155,99033
126156,44206
126157,101101
126158,94149
126159,46673
126160,93794
126161,101686
126162,46025
126163,43258
126164,83589
126165,100653
126166,108045
126167,84141
126168,107091
126169,83101
126170,128562
126171,94558
126172,79552
126173,43678
126174,91992
126175,43977
126176,43678
126177,91453
126178,50595
126179,114579
126180,108401
126181,45172
126182,108944
126183,84303
126184,42893
126185,83499
126186,44480
126187,119631
126188,96993
126189,93845
126190,89396
126191,97941
126192,85249
126193,43395
126194,45965
126195,46622
126196,44604
126197,44965
126198,81981
126199,107185
126200,87582
126201,87869
126202,44480
126203,94062
126204,88792
126205,96289
126206,43627
126207,44410
126208,45461
126209,44803
126210,53901
126211,43816
126212,81046
126213,89313
126214,116431
126215,121748
126216,48027
126217,44872
126218,45868
126219,51391
126220,46449
126221,81746
126222,48083
126223,105598
126224,44656
126225,46833
126226,45899
126227,77330
126228,98608
126229,43392
126230,89030
126231,94395
126232,45130
126233,106741
126234,82416
126235,89919
126236,106437
126237,45042
126238,46036
126239,105270
126240,93747
126241,46883
126242,89259
126243,44179
126244,43298
126245,121005
126246,93290
126247,90997
126248,91232
126249,43497
126250,47867
126251,43152
126252,108567
126253,44796
126254,104387
126255,46282
126256,43953
126257,118618
126258,109091
126259,90398
126260,107451
126261,95769
126262,50452
126263,108519
126264,81516
126265,106751
126266,80293
126267,42764
126268,84348
126269,45706
126270,76684
126271,94593
126272,84457
126273,109525
126274,43642
126275,45592
126276,107145
126277,123705
126278,79715
126279,85451
126280,118221
126281,103649
126282,43949
126283,45464
126284,44326
126285,111298
126286,106827
126287,87345
126288,47366
126289,105777
126290,107768
126291,43536
126292,90462
126293,91181
126294,48514
126295,82751
126296,84082
126297,42984
126298,82155
126299,94322
126300,87819
126301,121519
126302,85862
126303,118181
126304,89016
126305,53111
126306,85248
126307,44156
126308,89229
126309,93881
126310,90073
126311,97484
126312,118102
126313,48664
126314,51801
126315,81818
126316,44148
126317,44042
126318,82910
126319,50940
126320,93189
126321,44755
126322,107580
126323,43028
126324,94204
126325,101528
126326,43687
126327,104005
126328,95248
126329,94351
126330,44337
126331,96399
126332,46672
126333,43785
126334,45379
126335,100850
126336,82519
126337,42657
126338,101327
126339,98987
126340,93974
126341,44670
126342,46240
126343,102999
126344,121186
126345,101567
126346,100789
126347,101676
126348,88076
126349,44305
126350,108725
126351,120654
126352,87860
126353,49954
126354,45480
126355,88111
126356,52349
126357,103390
126358,96934
126359,44038
126360,49878
126361,53050
126362,100349
126363,85054
126364,106699
126365,117532
126366,83101
126367,43147
126368,97880
126369,117066
126370,44358
126371,91838
126372,46032
126373,93126
126374,79145
126375,91356
126376,125255
126377,89641
126378,93916
126379,87105
126380,46624
126381,89942
126382,119271
126383,45782
126384,80652
126385,87750
126386,94740
126387,44610
126388,88113
126389,88288
126390,96581
126391,94269
126392,100038
126393,82323
126394,95846
126395,92149
126396,47646
126397,46704
126398,52044
126399,95939
126400,49886
126401,90311
126402,98360
126403,43566
126404,42955
126405,44201
126406,88354
126407,97421
126408,98497
126409,43237
126410,102817
126411,95511
126412,109935
126413,97225
126414,95687
126415,46761
126416,81799
126417,45332
126418,84267
126419,41020
126420,108263
126421,100272
126422,43190
126423,99580
126424,99434
126425,96172
126426,80236
126427,45427
126428,97498
126429,42271
126430,84567
126431,92925
126432,117118
126433,42039
126434,44270
126435,46737
126436,116514
126437,47600
126438,85329
126439,78550
126440,44950
126441,88243
126442,113854
126443,44554
126444,46861
126445,86722
126446,46585
126447,97900
126448,44349
126449,94212
126450,91411
126451,48729
126452,89264
126453,45184
126454,96760
126455,48312
126456,77774
126457,46446
126458,86487
126459,45651
126460,86611
126461,42294
126462,98332
126463,114893
126464,98372
126465,87038
126466,43190
126467,57308
126468,43098
126469,102100
126470,46625
126471,80944
126472,45753
126473,43296
126474,43600
126475,44230
126476,45169
126477,97241
126478,45051
126479,44414
126480,83532
126481,55056
126482,45869
126483,46814
126484,121890
126485,50133
126486,85557
126487,43870
126488,111554
126489,83147
126490,97976
126491,106197
126492,44945
126493,44271
126494,91653
126495,78058
126496,44378
126497,90481
126498,100805
126499,44630
126500,94842
126501,75763
126502,88088
126503,81647
126504,46159
126505,102342
126506,85788
126507,102921
126508,104086
126509,110834
126510,45265
126511,45989
126512,47249
126513,47121
126514,83147
126515,91287
126516,47471
126517,115812
126518,44808
126519,101721
126520,98734
126521,102090
126522,91865
126523,75895
126524,81456
126525,84507
126526,94955
126527,45970
126528,90902
126529,43342
126530,44411
126531,43978
126532,88767
126533,44857
126534,85405
126535,76908
126536,86290
126537,90863
126538,89042
126539,94713
126540,48409
126541,86826
126542,89050
126543,91035
126544,78566
126545,45139
126546,87192
126547,45165
126548,46057
126549,102215
126550,81470
126551,49816
126552,82192
126553,45198
126554,92036
126555,45464
126556,46001
126557,47799
126558,86453
126559,79351
126560,84543
126561,99098
126562,44542
126563,50036
126564,93881
126565,45137
126566,95288
126567,100863
126568,83888
126569,94218
126570,96726
126571,45702
126572,121001
126573,105360
126574,100290
126575,104269
126576,82177
126577,97067
126578,94502
126579,122140
126580,43625
126581,124154
126582,44294
126583,101430
126584,94137
126585,54312
126586,122125
126587,101851
126588,93576
126589,85266
126590,79390
126591,44302
126592,92660
126593,44963
126594,45091
126595,44607
126596,107366
126597,46370
126598,100220
126599,46910
126600,46284
126601,42510
126602,44295
126603,48344
126604,123162
126605,43714
126606,43190
126607,93319
126608,46678
126609,88103
126610,88781
126611,42455
126612,50439
126613,101251
126614,88274
126615,43014
126616,119638
126617,86835
126618,85952
126619,45203
126620,44004
126621,95800
126622,75284
126623,96199
126624,88851
126625,86134
126626,116060
126627,92419
126628,94102
126629,44964
126630,91115
126631,42248
126632,95845
126633,108878
126634,118519
126635,90333
126636,86018
126637,110429
126638,116539
126639,79110
126640,111150
126641,111835
126642,97651
126643,94155
126644,99271
126645,114248
126646,43176
126647,93617
126648,46669
126649,100745
126650,81479
126651,87821
126652,86796
126653,93952
126654,113723
126655,115593
126656,84148
126657,90764
126658,117241
126659,46103
126660,43190
126661,104486
126662,47383
126663,45258
126664,122215
126665,42039
126666,83426
126667,118097
126668,84734
126669,89974
126670,108508
126671,112032
126672,78965
126673,119480
126674,100794
126675,43107
126676,99751
126677,96608
126678,83571
126679,118786
126680,83330
126681,93474
126682,79963
126683,78293
126684,45187
126685,50067
126686,76218
126687,46832
126688,115073
126689,88517
126690,118314
126691,89838
126692,109652
126693,92105
126694,43323
126695,94383
126696,98136
126697,47886
126698,44827
126699,121462
126700,93679
126701,55740
126702,45704
126703,41822
126704,93066
126705,42700
126706,99836
126707,104107
126708,47731
126709,93628
126710,107407
126711,83423
126712,54752
126713,86251
126714,45958
126715,98472
126716,47942
126717,79110
126718,120743
126719,48449
126720,89576
126721,94616
126722,90876
126723,43869
126724,119153
126725,48703
126726,49303
126727,91530
126728,42987
126729,104697
126730,43964
126731,45838
126732,104363
126733,82529
126734,45852
126735,92688
126736,124130
126737,43989
126738,44756
126739,85938
126740,113479
126741,46624
126742,94762
126743,87068
126744,107894
126745,87988
126746,105398
126747,45964
126748,109459
126749,94176
126750,99653
126751,108164
126752,106663
126753,93971
126754,47206
126755,90036
126756,81855
126757,85452
126758,44494
126759,48380
126760,99811
126761,86544
126762,88300
126763,84318
126764,45117
126765,96170
126766,120531
126767,83754
126768,45026
126769,78604
126770,44214
126771,49789
126772,45197
126773,90913
126774,89413
126775,45439
126776,95670
126777,77651
126778,91354
126779,90647
126780,80454
126781,105268
126782,82967
126783,43283
126784,81683
126785,98515
126786,87581
126787,79795
126788,98458
126789,80485
126790,85066
126791,105542
126792,43389
126793,93463
126794,93467
126795,44413
126796,47720
126797,95691
126798,92236
126799,83583
126800,91162
126801,45462
126802,112340
126803,43258
126804,47750
126805,89107
126806,104466
126807,91592
126808,49650
126809,45739
126810,108273
126811,103320
126812,104602
126813,100462
126814,93751
126815,101151
126816,93072
126817,113522
126818,50296
126819,85005
126820,93335
126821,105196
126822,46124
126823,84322
126824,109154
126825,88790
126826,43935
126827,123198
126828,81746
126829,47440
126830,95258
126831,43655
126832,44347
126833,111586
126834,94929
126835,115583
126836,109453
126837,88858
126838,96807
126839,94016
126840,100000
126841,45745
126842,46594
126843,42289
126844,105621
126845,93060
126846,46505
126847,98947
126848,47758
126849,103568
126850,129180
126851,48504
126852,46823
126853,45510
126854,46508
126855,98860
126856,105756
126857,95495
126858,46344
126859,84663
126860,103251
126861,44310
126862,95271
126863,46666
126864,118485
126865,45142
126866,122039
126867,105640
126868,43178
126869,82560
126870,92744
126871,116956
126872,98111
126873,88054
126874,44880
126875,135113
126876,43600
126877,84506
126878,92194
126879,109894
126880,123428
126881,101025
126882,121553
126883,113091
126884,83674
126885,90445
126886,127767
126887,103637
126888,47781
126889,93031
126890,100173
126891,44133
126892,44617
126893,45812
126894,96279
126895,97080
126896,44567
126897,44544
126898,106586
126899,44766
126900,122530
126901,46225
126902,45019
126903,92049
126904,45208
126905,92354
126906,43954
126907,101853
126908,45533
126909,46842
126910,114383
126911,96691
126912,48198
126913,86858
126914,108023
126915,107925
126916,96116
126917,135417
126918,42599
126919,45327
126920,45055
126921,91539
126922,47411
126923,44764
126924,45281
126925,43714
126926,92268
126927,102282
126928,79321
126929,78615
126930,81693
126931,102991
126932,101216
126933,101877
126934,93621
126935,98890
126936,74688
126937,124413
126938,95954
126939,44389
126940,49028
126941,122031
126942,82193
126943,84105
126944,45472
126945,46486
126946,86987
126947,96086
126948,44387
126949,94035
126950,96474
126951,80238
126952,45309
126953,107605
126954,42472
126955,97822
126956,128911
126957,120789
126958,51209
126959,89255
126960,43125
126961,91552
126962,90700
126963,93930
126964,116424
126965,98469
126966,45059
126967,43805
126968,47186
126969,122273
126970,114069
126971,46257
126972,98590
126973,43604
126974,44388
126975,45440
126976,99904
126977,83195
126978,80986
126979,91629
126980,57071
126981,44490
126982,78574
126983,83724
126984,95267
126985,77834
126986,88210
126987,80289
126988,96321
126989,46548
126990,45661
126991,44113
126992,44904
126993,81906
126994,76617
126995,101160
126996,96405
126997,45331
126998,83001
126999,44973
127000,91044
127001,45185
127002,45194
127003,43744
127004,81393
127005,45062
127006,93621
127007,106314
127008,92548
127009,44414
127010,84699
127011,46680
127012,90867
127013,90346
127014,49382
127015,95711
127016,131601
127017,77998
127018,41107
127019,104370
127020,46814
127021,43223
127022,46259
127023,98716
127024,100259
127025,41531
127026,92760
127027,107297
127028,123147
127029,117790
127030,49139
127031,45596
127032,91079
127033,124965
127034,84714
127035,77985
127036,97154
127037,45349
127038,47474
127039,94967
127040,46261
127041,88812
127042,89172
127043,101630
127044,118134
127045,123010
127046,120265
127047,45451
127048,121650
127049,83930
127050,78968
127051,46437
127052,46772
127053,93253
127054,86981
127055,91179
127056,46205
127057,114335
127058,48390
127059,45004
127060,77827
127061,44523
127062,90802
127063,44825
127064,45018
127065,87647
127066,95826
127067,114546
127068,43371
127069,93434
127070,47180
127071,42781
127072,78133
127073,105976
127074,121305
127075,93273
127076,44009
127077,44167
127078,43609
127079,102457
127080,81900
127081,85429
127082,82997
127083,81631
127084,115401
127085,85460
127086,94602
127087,46341
127088,114520
127089,45161
127090,45258
127091,112542
127092,94599
127093,84063
127094,75936
127095,95586
127096,100487
127097,45184
127098,44355
127099,107707
127100,98590
127101,107139
127102,45815
127103,95351
127104,104443
127105,84898
127106,44086
127107,90719
127108,103271
127109,45290
127110,86693
127111,112204
127112,50617
127113,91382
127114,103402
127115,89508
127116,94345
127117,46391
127118,113028
127119,106273
127120,44063
127121,83771
127122,96050
127123,45060
127124,112971
127125,87434
127126,95701
127127,106921
127128,87535
127129,46864
127130,116704
127131,43242
127132,43180
127133,77998
127134,105767
127135,122275
127136,106009
127137,84749
127138,47024
127139,82852
127140,101541
127141,46897
127142,42463
127143,94226
127144,48705
127145,51106
127146,125657
127147,45629
127148,85621
127149,45295
127150,91969
127151,101441
127152,107429
127153,46167
127154,51349
127155,98217
127156,90140
127157,104331
127158,45093
127159,44190
127160,100088
127161,80794
127162,79694
127163,95278
127164,103950
127165,80376
127166,124476
127167,108867
127168,43756
127169,94288
127170,42239
127171,48069
127172,91063
127173,88461
127174,113103
127175,50153
127176,45509
127177,99512
127178,103728
127179,110567
127180,113896
127181,96019
127182,124259
127183,132838
127184,101728
127185,49046
127186,44673
127187,105508
127188,88375
127189,90333
127190,96151
127191,108827
127192,46307
127193,99344
127194,110343
127195,46452
127196,43801
127197,43949
127198,86702
127199,121877
127200,101656
127201,83249
127202,49577
127203,99697
127204,83757
127205,45658
127206,45264
127207,104159
127208,43159
127209,88730
127210,43001
127211,98802
127212,91926
127213,45809
127214,93434
127215,45938
127216,44696
127217,92557
127218,87753
127219,92363
127220,105034
127221,48908
127222,87578
127223,82829
127224,49443
127225,42882
127226,86272
127227,74932
127228,42584
127229,95675
127230,121245
127231,96247
127232,90503
127233,90831
127234,90471
127235,107724
127236,86106
127237,116989
127238,77859
127239,44336
127240,47992
127241,94673
127242,96506
127243,78727
127244,96502
127245,82916
127246,90946
127247,102829
127248,111772
127249,110020
127250,90011
127251,43812
127252,43810
127253,106268
127254,45618
127255,83951
127256,45931
127257,104974
127258,54074
127259,78185
127260,79811
127261,82672
127262,126767
127263,93769
127264,42521
127265,45150
127266,93693
127267,83075
127268,87255
127269,44311
127270,87543
127271,48799
127272,89364
127273,103074
127274,78428
127275,95885
127276,50031
127277,81711
127278,44480
127279,45196
127280,89639
127281,45967
127282,93239
127283,87043
127284,84903
127285,99416
127286,83542
127287,83660
127288,85127
127289,46854
127290,43602
127291,52646
127292,86927
127293,94248
127294,87180
127295,135118
127296,83131
127297,44868
127298,87243
127299,105583
127300,94301
127301,87797
127302,46090
127303,45809
127304,84271
127305,44958
127306,45420
127307,97632
127308,85956
127309,45344
127310,94750
127311,102754
127312,44669
127313,76236
127314,44359
127315,98299
127316,101042
127317,92329
127318,101304
127319,43883
127320,51155
127321,45883
127322,45591
127323,106801
127324,92966
127325,91635
127326,93805
127327,50579
127328,105849
127329,86055
127330,116109
127331,104041
127332,109696
127333,45842
127334,46898
127335,46504
127336,94358
127337,103587
127338,83209
127339,46660
127340,44855
127341,84607
127342,93069
127343,44573
127344,98967
127345,86868
127346,99144
127347,42496
127348,46168
127349,44911
127350,107701
127351,86268
127352,90622
127353,136639
127354,95731
127355,86342
127356,104387
127357,44922
127358,42856
127359,129850
127360,100956
127361,91983
127362,49053
127363,91242
127364,120831
127365,81102
127366,104530
127367,90274
127368,108477
127369,102934
127370,87509
127371,92937
127372,46140
127373,45160
127374,45062
127375,99515
127376,45174
127377,45387
127378,83131
127379,45733
127380,86446
127381,42723
127382,40162
127383,92219
127384,109391
127385,101442
127386,105708
127387,94754
127388,99005
127389,79714
127390,79564
127391,46934
127392,100087
127393,104729
127394,85898
127395,88427
127396,45407
127397,97303
127398,116960
127399,113849
127400,45821
127401,47744
127402,89080
127403,106576
127404,81326
127405,45564
127406,44823
127407,45415
127408,51376
127409,124411
127410,96641
127411,46224
127412,102675
127413,77620
127414,91262
127415,45005
127416,77859
127417,43785
127418,44689
127419,94292
127420,42585
127421,99045
127422,119599
127423,49825
127424,45772
127425,94730
127426,47517
127427,92014
127428,92617
127429,110274
127430,96067
127431,81024
127432,121661
127433,46232
127434,103818
127435,78227
127436,126587
127437,121426
127438,87578
127439,99549
127440,91772
127441,41839
127442,104154
127443,84154
127444,106309
127445,118473
127446,87598
127447,106504
127448,98221
127449,124033
127450,47465
127451,43801
127452,44235
127453,99690
127454,45131
127455,107201
127456,84668
127457,78730
127458,47088
127459,86702
127460,97872
127461,101282
127462,123023
127463,46191
127464,44165
127465,108610
127466,119199
127467,100927
127468,113507
127469,46532
127470,105119
127471,44761
127472,93455
127473,88015
127474,83912
127475,53841
127476,48705
127477,94881
127478,110071
127479,90192
127480,107921
127481,95468
127482,83680
127483,111021
127484,107778
127485,107224
127486,45534
127487,97171
127488,92263
127489,116749
127490,85693
127491,100428
127492,49060
127493,92477
127494,82491
127495,51801
127496,45752
127497,111446
127498,95668
127499,95551
127500,86097
127501,91344
127502,83570
127503,117167
127504,107404
127505,41997
127506,103404
127507,43602
127508,97015
127509,91021
127510,81503
127511,43190
127512,91364
127513,103314
127514,110213
127515,81282
127516,99933
127517,45559
127518,90375
127519,100774
127520,99932
127521,98425
127522,93819
127523,80114
127524,76880
127525,113596
127526,46919
127527,43258
127528,46225
127529,83153
127530,57787
127531,45416
127532,83699
127533,96951
127534,50893
127535,83113
127536,94022
127537,88421
127538,44427
127539,86561
127540,87087
127541,101675
127542,48600
127543,47343
127544,91777
127545,48159
127546,92667
127547,84043
127548,46367
127549,41733
127550,99277
127551,80405
127552,105330
127553,96843
127554,88193
127555,101045
127556,99530
127557,98244
127558,43867
127559,101369
127560,44407
127561,88294
127562,109731
127563,100716
127564,112563
127565,80610
127566,45560
127567,76796
127568,86146
127569,46250
127570,43210
127571,82385
127572,88784
127573,47479
127574,43812
127575,121021
127576,47529
127577,86968
127578,96894
127579,106865
127580,100909
127581,95841
127582,101730
127583,100063
127584,85856
127585,46458
127586,106498
127587,45401
127588,116723
127589,44404
127590,90924
127591,77925
127592,44537
127593,107972
127594,97237
127595,43087
127596,47530
127597,86435
127598,82923
127599,97184
127600,87175
127601,114393
127602,101071
127603,79903
127604,50853
127605,84306
127606,85034
127607,47560
127608,98104
127609,45846
127610,92239
127611,97619
127612,93395
127613,95564
127614,90801
127615,87253
127616,111122
127617,107148
127618,81337
127619,85452
127620,114323
127621,110258
127622,89677
127623,45147
127624,79076
127625,44311
127626,101161
127627,50469
127628,98621
127629,106310
127630,44473
127631,118497
127632,123261
127633,45661
127634,45286
127635,90656
127636,105075
127637,118368
127638,85135
127639,96521
127640,48693
127641,109719
127642,90516
127643,46219
127644,91864
127645,99954
127646,99837
127647,87319
127648,97138
127649,88385
127650,45818
127651,44811
127652,81906
127653,93047
127654,44552
127655,105222
127656,124687
127657,85869
127658,106600
127659,111138
127660,91486
127661,100684
127662,110048
127663,47872
127664,46781
127665,106612
127666,99049
127667,112718
127668,45030
127669,51835
127670,46206
127671,121890
127672,43606
127673,46715
127674,97521
127675,45602
127676,110563
127677,47411
127678,89641
127679,102910
127680,45565
127681,87842
127682,44502
127683,115404
127684,43384
127685,91848
127686,91969
127687,88980
127688,81605
127689,87740
127690,82467
127691,98508
127692,43956
127693,89497
127694,88508
127695,52332
127696,90518
127697,104087
127698,120249
127699,78702
127700,95650
127701,95589
127702,55685
127703,95922
127704,43190
127705,85667
127706,45660
127707,44837
127708,83601
127709,97478
127710,95682
127711,95238
127712,95044
127713,43900
127714,42554
127715,83936
127716,83970
127717,131855
127718,100843
127719,107558
127720,90622
127721,43620
127722,44776
127723,86613
127724,82772
127725,110352
127726,43887
127727,104185
127728,102383
127729,47731
127730,102162
127731,42535
127732,46604
127733,101899
127734,44347
127735,99458
127736,102264
127737,43110
127738,88660
127739,48207
127740,83426
127741,43702
127742,46804
127743,47615
127744,100935
127745,96818
127746,102319
127747,84141
127748,89524
127749,46506
127750,101710
127751,100220
127752,44415
127753,47036
127754,46815
127755,106218
127756,86446
127757,45380
127758,94155
127759,42738
127760,46029
127761,117022
127762,101068
127763,103375
127764,81990
127765,83916
127766,95224
127767,83549
127768,56013
127769,45049
127770,78389
127771,87790
127772,120284
127773,44663
127774,110313
127775,117443
127776,92764
127777,89828
127778,95812
127779,43728
127780,86405
127781,102593
127782,46369
127783,47796
127784,117850
127785,46202
127786,110618
127787,96721
127788,95378
127789,99451
127790,82682
127791,115105
127792,93520
127793,111425
127794,87961
127795,110177
127796,47190
127797,78069
127798,107670
127799,87311
127800,44086
127801,119258
127802,57061
127803,108644
127804,109519
127805,101763
127806,50297
127807,44214
127808,82331
127809,44836
127810,101288
127811,86912
127812,94301
127813,91808
127814,117379
127815,126814
127816,46449
127817,98202
127818,80537
127819,82282
127820,99705
127821,95604
127822,83598
127823,45187
127824,89593
127825,109202
127826,91748
127827,114069
127828,45672
127829,84023
127830,121289
127831,87056
127832,130586
127833,78605
127834,86436
127835,79212
127836,90458
127837,44050
127838,84659
127839,46435
127840,43152
127841,43778
127842,77980
127843,77216
127844,43364
127845,44069
127846,107952
127847,126143
127848,44872
127849,90698
127850,97561
127851,47050
127852,96354
127853,92419
127854,113750
127855,101528
127856,94958
127857,52862
127858,103731
127859,98996
127860,94181
127861,85210
127862,50354
127863,85082
127864,49263
127865,43484
127866,88783
127867,116475
127868,89993
127869,91439
127870,83558
127871,89529
127872,44841
127873,51541
127874,44703
127875,85223
127876,45909
127877,49167
127878,119758
127879,88138
127880,90683
127881,44473
127882,87964
127883,96745
127884,43629
127885,123557
127886,98498
127887,47618
127888,78311
127889,92110
127890,120616
127891,114230
127892,46858
127893,85398
127894,46183
127895,45156
127896,87289
127897,47364
127898,89198
127899,88156
127900,86393
127901,94611
127902,108434
127903,105696
127904,103731
127905,44361
127906,43230
127907,92497
127908,49049
127909,44386
127910,92807
127911,103480
127912,111162
127913,53986
127914,90622
127915,77703
127916,96488
127917,94713
127918,44079
127919,43064
127920,105209
127921,104640
127922,42812
127923,109160
127924,90698
127925,84674
127926,88184
127927,49217
127928,121848
127929,44998
127930,103653
127931,83091
127932,45432
127933,107990
127934,83083
127935,90123
127936,94394
127937,101070
127938,97782
127939,107749
127940,100679
127941,43749
127942,115204
127943,44429
127944,47038
127945,91028
127946,42723
127947,90168
127948,99854
127949,43798
127950,81654
127951,50207
127952,98760
127953,92464
127954,45576
127955,42897
127956,56865
127957,44613
127958,113022
127959,119994
127960,89111
127961,82485
127962,94971
127963,48935
127964,83572
127965,108550
127966,46734
127967,46660
127968,99745
127969,109673
127970,81954
127971,113286
127972,107043
127973,82257
127974,101538
127975,117624
127976,106484
127977,109686
127978,43389
127979,104862
127980,93858
127981,95800
127982,119104
127983,44997
127984,47203
127985,46657
127986,86156
127987,43550
127988,123452
127989,47239
127990,90328
127991,109106
127992,95516
127993,135198
127994,96015
127995,90490
127996,110294
127997,99005
127998,45613
127999,105649
128000,51496
128001,115693
128002,47823
128003,105460
128004,45298
128005,84124
128006,102240
128007,97895
128008,47383
128009,45391
128010,49015
128011,43978
128012,46830
128013,90834
128014,48697
128015,44246
128016,124908
128017,84014
128018,110155
128019,45844
128020,90017
128021,43097
128022,83912
128023,46546
128024,45508
128025,108835
128026,100878
128027,101083
128028,47881
128029,81997
128030,107752
128031,90331
128032,106854
128033,87392
128034,83660
128035,124642
128036,83776
128037,43979
128038,100079
128039,115395
128040,102650
128041,82177
128042,104877
128043,97496
128044,93853
128045,106842
128046,48604
128047,45693
128048,83412
128049,44960
128050,45843
128051,49888
128052,78269
128053,114348
128054,114587
128055,46529
128056,77647
128057,104939
128058,93290
128059,104376
128060,80857
128061,120499
128062,112758
128063,114335
128064,88371
128065,100769
128066,101029
128067,79431
128068,45740
128069,102834
128070,46857
128071,43992
128072,90591
128073,42699
128074,86406
128075,93907
128076,94390
128077,95393
128078,102806
128079,101282
128080,106435
128081,118885
128082,85653
128083,84022
128084,94806
128085,91423
128086,43678
128087,105665
128088,86913
128089,106266
128090,104713
128091,82682
128092,87419
128093,102507
128094,103082
128095,92961
128096,94265
128097,105026
128098,77330
128099,87988
128100,45550
128101,93897
128102,76649
128103,46216
128104,46948
128105,97574
128106,102059
128107,89788
128108,84312
128109,43318
128110,94490
128111,81354
128112,94514
128113,102689
128114,96830
128115,52628
128116,102356
128117,86416
128118,97661
128119,125551
128120,82130
128121,45299
128122,58675
128123,98454
128124,48246
128125,42639
128126,45924
128127,93141
128128,44195
128129,111247
128130,46883
128131,102348
128132,99198
128133,96037
128134,43843
128135,99065
128136,88111
128137,90572
128138,81075
128139,43370
128140,112973
128141,42989
128142,101194
128143,114501
128144,92546
128145,48595
128146,99005
128147,93079
128148,128085
128149,45178
128150,82475
128151,46353
128152,44361
128153,83853
128154,93751
128155,46903
128156,112108
128157,89717
128158,106864
128159,106421
128160,74512
128161,82592
128162,43848
128163,121877
128164,87469
128165,89727
128166,85842
128167,116117
128168,43802
128169,41704
128170,44825
128171,50482
128172,98921
128173,45692
128174,106801
128175,41059
128176,95065
128177,94866
128178,97022
128179,87286
128180,89170
128181,45017
128182,106782
128183,108001
128184,42877
128185,118678
128186,47172
128187,88551
128188,113108
128189,45055
128190,99295
128191,98095
128192,89152
128193,45608
128194,104212
128195,42799
128196,96763
128197,96048
128198,92545
128199,47667
128200,91744
128201,77474
128202,84696
128203,46726
128204,90505
128205,101708
128206,46581
128207,83582
128208,91189
128209,44905
128210,107054
128211,42408
128212,47577
128213,47096
128214,92534
128215,83760
128216,78185
128217,84186
128218,92044
128219,103605
128220,103324
128221,42741
128222,43378
128223,93292
128224,45072
128225,90255
128226,102360
128227,46905
128228,101527
128229,44208
128230,80073
128231,78032
128232,119562
128233,121917
128234,81972
128235,46385
128236,45829
128237,110095
128238,43857
128239,95124
128240,45903
128241,98022
128242,94041
128243,51559
128244,103896
128245,86422
128246,104152
128247,108094
128248,114964
128249,107600
128250,94577
128251,44839
128252,44777
128253,93979
128254,43528
128255,80485
128256,115228
128257,78935
128258,119766
128259,87525
128260,99075
128261,43731
128262,116651
128263,111487
128264,44842
128265,49079
128266,45801
128267,43590
128268,104057
128269,96670
128270,85425
128271,51801
128272,101116
128273,43576
128274,46106
128275,102921
128276,43562
128277,94044
128278,50748
128279,87768
128280,88264
128281,47150
128282,45117
128283,98088
128284,99346
128285,44111
128286,44550
128287,88518
128288,100721
128289,95053
128290,82560
128291,97124
128292,98605
128293,119267
128294,95920
128295,49514
128296,105734
128297,86590
128298,50690
128299,95368
128300,44483
128301,98804
128302,90427
128303,95059
128304,78705
128305,121991
128306,96107
128307,46706
128308,43271
128309,88127
128310,109431
128311,43807
128312,98618
128313,45835
128314,47464
128315,104259
128316,103472
128317,91680
128318,102976
128319,102496
128320,96037
128321,106131
128322,96833
128323,95060
128324,100548
128325,108663
128326,125887
128327,42407
128328,44680
128329,86621
128330,92416
128331,84323
128332,45731
128333,45722
128334,46217
128335,86003
128336,75471
128337,98890
128338,101504
128339,42896
128340,106549
128341,102894
128342,116477
128343,82344
128344,89259
128345,96518
128346,113681
128347,101057
128348,88856
128349,107158
128350,45038
128351,122631
128352,88488
128353,101573
128354,90922
128355,90804
128356,98197
128357,112170
128358,97232
128359,45346
128360,109239
128361,90043
128362,126931
128363,91510
128364,110095
128365,124816
128366,43731
128367,90887
128368,97464
128369,95215
128370,46092
128371,95670
128372,113075
128373,119693
128374,83131
128375,43627
128376,43836
128377,106781
128378,44252
128379,83583
128380,98901
128381,45086
128382,110126
128383,88509
128384,90710
128385,83485
128386,89766
128387,92345
128388,81433
128389,85412
128390,92967
128391,94204
128392,43379
128393,44993
128394,47371
128395,88812
128396,77620
128397,109122
128398,45466
128399,86822
128400,43826
128401,113506
128402,109909
128403,121328
128404,88951
128405,92529
128406,85705
128407,43439
128408,112251
128409,86169
128410,93909
128411,78310
128412,94256
128413,54219
128414,92146
128415,79110
128416,92744
128417,53833
128418,87602
128419,108331
128420,127142
128421,92665
128422,108075
128423,95430
128424,101847
128425,47866
128426,130131
128427,46228
128428,44836
128429,94965
128430,106825
128431,92287
128432,123179
128433,92648
128434,112209
128435,97281
128436,45978
128437,47904
128438,102475
128439,110093
128440,101362
128441,103379
128442,93799
128443,50898
128444,101664
128445,44892
128446,102328
128447,92379
128448,46686
128449,98558
128450,46784
128451,98828
128452,89508
128453,42432
128454,89126
128455,43615
128456,78566
128457,45856
128458,120050
128459,121004
128460,45811
128461,45265
128462,44328
128463,99541
128464,44552
128465,77774
128466,97564
128467,103281
128468,84053
128469,80580
128470,94455
128471,109606
128472,122189
128473,86749
128474,118528
128475,43869
128476,79207
128477,42357
128478,47335
128479,94041
128480,45303
128481,54649
128482,84173
128483,52744
128484,44500
128485,81518
128486,99947
128487,114412
128488,96189
128489,42812
128490,85925
128491,43186
128492,43687
128493,83970
128494,95336
128495,50531
128496,44944
128497,99019
128498,90451
128499,113756
128500,100817
128501,87922
128502,118966
128503,95754
128504,101598
128505,106793
128506,94997
128507,46737
128508,92413
128509,43524
128510,105312
128511,95034
128512,96858
128513,81263
128514,44383
128515,45828
128516,89526
128517,94190
128518,84708
128519,94956
128520,86602
128521,107537
128522,98406
128523,98552
128524,95423
128525,47273
128526,43438
128527,85210
128528,115122
128529,120520
128530,86257
128531,105916
128532,122409
128533,113721
128534,83697
128535,42195
128536,88832
128537,110912
128538,105734
128539,106423
128540,94262
128541,46549
128542,53682
128543,81330
128544,45989
128545,83776
128546,46738
128547,86842
128548,96969
128549,43977
128550,112401
128551,46597
128552,106739
128553,96211
128554,47201
128555,46732
128556,43812
128557,46694
128558,77104
128559,102801
128560,105985
128561,98139
128562,91584
128563,104468
128564,45558
128565,44617
128566,77456
128567,53592
128568,121840
128569,102618
128570,97219
128571,94604
128572,94212
128573,44415
128574,48773
128575,87729
128576,126012
128577,133383
128578,83060
128579,47897
128580,110048
128581,40116
128582,123688
128583,81075
128584,104581
128585,90056
128586,124034
128587,84695
128588,43210
128589,92964
128590,80160
128591,110874
128592,87247
128593,117783
128594,126374
128595,115379
128596,42442
128597,45046
128598,88183
128599,113685
128600,96167
128601,46753
128602,47758
128603,99377
128604,51461
128605,43990
128606,47736
128607,44113
128608,85118
128609,117167
128610,110732
128611,120450
128612,43043
128613,91651
128614,108895
128615,89197
128616,114270
128617,45140
128618,100956
128619,109585
128620,124568
128621,96627
128622,120846
128623,94063
128624,103690
128625,46226
128626,99651
128627,44250
128628,92401
128629,113091
128630,88413
128631,101180
128632,106182
128633,43145
128634,89295
128635,97937
128636,77687
128637,44482
128638,44303
128639,49107
128640,98859
128641,81299
128642,42522
128643,84765
128644,112027
128645,44874
128646,80290
128647,44608
128648,46041
128649,104997
128650,80480
128651,46172
128652,76684
128653,108914
128654,45550
128655,44119
128656,78251
128657,45211
128658,98811
128659,88889
128660,45712
128661,44944
128662,110728
128663,83936
128664,121195
128665,84252
128666,107588
128667,80965
128668,98359
128669,54847
128670,95505
128671,126222
128672,130065
128673,45194
128674,48341
128675,83275
128676,93454
128677,98569
128678,45227
128679,88905
128680,123372
128681,43711
128682,46117
128683,92734
128684,45617
128685,44562
128686,108440
128687,91330
128688,45276
128689,43317
128690,89940
128691,108069
128692,79143
128693,88564
128694,131701
128695,42921
128696,108399
128697,83047
128698,91976
128699,119331
128700,44111
128701,44677
128702,114851
128703,88881
128704,46868
128705,101860
128706,97071
128707,93852
128708,110304
128709,48194
128710,93540
128711,78559
128712,46179
128713,90711
128714,102563
128715,117064
128716,99241
128717,43836
128718,43821
128719,44246
128720,98062
128721,42817
128722,83795
128723,75695
128724,84486
128725,96759
128726,44928
128727,99873
128728,96334
128729,49512
128730,101323
128731,92448
128732,89786
128733,105606
128734,94827
128735,45057
128736,47652
128737,120298
128738,45711
128739,99938
128740,91345
128741,46693
128742,43326
128743,92434
128744,107539
128745,45725
128746,43368
128747,76931
128748,82600
128749,90223
128750,87820
128751,101760
128752,93235
128753,45870
128754,96786
128755,86785
128756,106132
128757,112354
128758,79437
128759,100287
128760,45967
128761,107031
128762,80152
128763,102699
128764,109041
128765,79212
128766,43623
128767,114318
128768,45265
128769,112617
128770,101394
128771,100543
128772,88360
128773,75863
128774,79271
128775,47014
128776,88163
128777,98641
128778,89741
128779,94888
128780,85792
128781,84835
128782,97900
128783,45631
128784,124526
128785,119210
128786,109720
128787,46745
128788,47972
128789,112493
128790,45909
128791,44818
128792,46011
128793,49041
128794,78406
128795,103945
128796,81668
128797,99300
128798,84595
128799,43370
128800,73493
128801,86876
128802,46465
128803,41868
128804,100172
128805,103121
128806,99015
128807,43882
128808,80236
128809,44894
128810,97195
128811,91388
128812,113520
128813,94395
128814,96445
128815,102476
128816,82257
128817,103675
128818,82500
128819,87229
128820,88481
128821,45127
128822,99294
128823,83143
128824,99834
128825,122847
128826,86237
128827,78199
128828,105064
128829,47759
128830,78323
128831,49631
128832,44535
128833,91820
128834,99550
128835,80005
128836,78433
128837,94806
128838,80657
128839,42603
128840,104532
128841,42996
128842,77818
128843,108006
128844,125576
128845,79581
128846,43750
128847,43620
128848,104291
128849,95132
128850,42677
128851,97559
128852,99820
128853,86703
128854,82286
128855,101857
128856,97630
128857,98659
128858,46553
128859,89578
128860,93654
128861,101445
128862,83001
128863,100796
128864,44284
128865,45967
128866,95161
128867,109348
128868,41811
128869,106140
128870,46006
128871,85545
128872,98068
128873,99928
128874,97183
128875,100230
128876,84705
128877,108069
128878,94690
128879,97727
128880,93305
128881,103561
128882,85367
128883,87094
128884,96124
128885,44356
128886,94543
128887,41931
128888,90302
128889,53216
128890,99834
128891,49305
128892,44666
128893,55050
128894,47018
128895,87080
128896,94790
128897,108944
128898,43913
128899,103158
128900,44564
128901,43964
128902,98729
128903,93930
128904,48065
128905,88765
128906,85358
128907,83256
128908,42231
128909,83222
128910,43450
128911,44310
128912,45530
128913,46561
128914,45695
128915,103258
128916,82002
128917,85273
128918,106488
128919,43112
128920,86950
128921,48294
128922,96100
128923,44321
128924,46226
128925,90479
128926,91173
128927,94386
128928,44920
128929,47634
128930,113405
128931,45176
128932,103290
128933,93925
128934,46702
128935,103453
128936,84516
128937,94632
128938,95516
128939,46512
128940,43719
128941,106887
128942,45811
128943,94806
128944,100720
128945,45349
128946,107063
128947,43152
128948,108387
128949,44317
128950,107473
128951,99389
128952,79024
128953,46874
128954,106882
128955,49577
128956,108837
128957,49854
128958,46262
128959,79575
128960,96762
128961,104087
128962,96567
128963,44272
128964,45354
128965,54398
128966,45320
128967,91111
128968,98594
128969,44720
128970,92956
128971,94587
128972,75442
128973,91982
128974,46059
128975,46706
128976,44466
128977,46152
128978,85051
128979,87955
128980,45076
128981,49162
128982,101824
128983,46099
128984,90811
128985,97962
128986,88138
128987,86291
128988,46596
128989,101517
128990,46326
128991,104542
128992,91804
128993,99256
128994,47067
128995,80766
128996,108069
128997,45657
128998,44429
128999,85701
129000,44709
129001,96308
129002,106900
129003,41747
129004,122039
129005,100783
129006,45744
129007,44201
129008,45622
129009,96937
129010,119687
129011,86822
129012,87436
129013,46643
129014,42608
129015,44626
129016,111612
129017,96326
129018,107501
129019,102880
129020,119119
129021,88424
129022,96803
129023,45639
129024,44426
129025,106946
129026,101830
129027,43212
129028,45828
129029,104317
129030,83676
129031,110250
129032,53959
129033,91394
129034,86012
129035,81075
129036,78185
129037,106713
129038,85296
129039,102067
129040,83471
129041,85611
129042,97329
129043,44837
129044,104376
129045,89374
129046,95906
129047,102617
129048,95819
129049,44474
129050,43392
129051,97435
129052,95548
129053,106149
129054,114943
129055,108762
129056,45561
129057,88488
129058,43125
129059,43023
129060,113721
129061,108213
129062,100497
129063,45619
129064,89243
129065,89375
129066,104063
129067,91775
129068,44808
129069,106412
129070,88735
129071,43210
129072,114768
129073,98203
129074,110000
129075,43018
129076,95363
129077,45412
129078,103215
129079,92468
129080,109696
129081,104870
129082,116555
129083,82435
129084,99672
129085,92284
129086,90368
129087,77413
129088,96168
129089,43608
129090,90045
129091,101910
129092,83576
129093,90646
129094,50652
129095,90977
129096,105326
129097,79815
129098,82485
129099,127774
129100,103950
129101,94460
129102,98754
129103,82682
129104,118076
129105,94580
129106,47075
129107,42875
129108,46626
129109,119724
129110,44633
129111,51399
129112,89580
129113,104662
129114,93322
129115,42213
129116,92431
129117,46268
129118,109495
129119,94115
129120,105142
129121,76294
129122,99527
129123,86348
129124,110065
129125,120029
129126,83549
129127,91170
129128,45967
129129,48133
129130,93303
129131,123356
129132,46973
129133,94022
129134,45125
129135,44513
129136,114894
129137,75850
129138,43228
129139,104055
129140,89452
129141,46322
129142,44480
129143,107820
129144,114000
129145,45894
129146,91246
129147,94356
129148,87924
129149,87923
129150,96405
129151,91364
129152,112437
129153,112878
129154,107650
129155,92388
129156,53368
129157,77118
129158,49210
129159,44451
129160,109223
129161,93686
129162,89906
129163,133025
129164,43731
129165,79877
129166,46141
129167,100769
129168,101902
129169,98886
129170,128790
129171,87228
129172,115382
129173,88119
129174,94879
129175,84137
129176,81153
129177,98831
129178,47068
129179,98099
129180,94014
129181,108346
129182,45227
129183,108699
129184,43896
129185,86292
129186,94204
129187,108103
129188,94396
129189,92480
129190,110700
129191,108464
129192,45307
129193,46924
129194,111957
129195,98717
129196,86568
129197,82580
129198,82294
129199,47387
129200,44852
129201,83909
129202,95825
129203,86550
129204,46630
129205,111331
129206,87497
129207,124970
129208,99318
129209,83543
129210,98607
129211,92089
129212,44895
129213,93753
129214,105554
129215,114854
129216,45648
129217,90903
129218,96240
129219,119205
129220,86623
129221,83448
129222,88785
129223,86195
129224,120480
129225,79213
129226,101691
129227,47028
129228,108951
129229,87544
129230,116010
129231,54130
129232,47582
129233,96793
129234,94002
129235,51406
129236,104854
129237,44674
129238,113470
129239,94155
129240,129131
129241,96780
129242,113713
129243,96663
129244,83549
129245,46307
129246,45658
129247,100902
129248,93391
129249,101664
129250,81742
129251,43581
129252,86913
129253,127500
129254,44777
129255,45829
129256,95433
129257,44755
129258,75471
129259,89305
129260,104741
129261,97133
129262,99530
129263,88935
129264,86876
129265,110166
129266,126107
129267,114321
129268,85534
129269,90595
129270,43926
129271,52611
129272,43836
129273,124052
129274,127744
129275,109571
129276,112675
129277,44918
129278,106669
129279,99759
129280,48361
129281,88488
129282,46865
129283,90180
129284,99680
129285,114518
129286,47552
129287,106275
129288,102314
129289,117568
129290,93823
129291,117886
129292,84154
129293,109766
129294,83827
129295,94614
129296,44317
129297,95541
129298,45853
129299,82009
129300,45724
129301,83936
129302,47053
129303,109911
129304,115890
129305,121338
129306,97498
129307,93989
129308,117639
129309,80966
129310,102440
129311,115070
129312,43363
129313,48847
129314,95586
129315,96610
129316,106622
129317,104249
129318,116367
129319,42936
129320,45238
129321,43608
129322,46624
129323,44589
129324,96334
129325,111854
129326,49346
129327,93616
129328,49250
129329,45642
129330,47383
129331,90573
129332,124594
129333,42677
129334,109875
129335,104325
129336,43818
129337,112327
129338,87912
129339,112836
129340,92327
129341,102728
129342,94475
129343,47223
129344,43551
129345,92292
129346,44748
129347,46818
129348,43027
129349,88418
129350,84370
129351,46972
129352,46825
129353,94775
129354,52146
129355,93939
129356,79237
129357,94329
129358,90191
129359,107903
129360,108729
129361,100455
129362,94965
129363,97080
129364,92122
129365,123624
129366,44720
129367,47674
129368,45320
129369,45307
129370,41705
129371,109765
129372,85381
129373,84212
129374,95822
129375,123755
129376,84481
129377,91136
129378,106516
129379,89822
129380,48518
129381,88454
129382,43210
129383,79468
129384,104967
129385,101421
129386,95649
129387,98511
129388,90572
129389,42577
129390,43680
129391,94590
129392,105274
129393,45792
129394,48207
129395,43513
129396,44183
129397,125279
129398,82019
129399,88430
129400,89245
129401,91539
129402,43660
129403,44503
129404,45605
129405,44059
129406,113940
129407,130882
129408,107440
129409,45084
129410,79143
129411,99042
129412,87821
129413,47461
129414,88870
129415,42893
129416,45288
129417,42443
129418,83576
129419,97252
129420,106256
129421,47261
129422,44614
129423,109315
129424,96013
129425,96194
129426,42972
129427,91687
129428,82186
129429,102939
129430,83055
129431,47074
129432,82220
129433,46073
129434,91079
129435,104468
129436,93079
129437,48864
129438,115322
129439,91031
129440,77748
129441,93461
129442,77985
129443,44831
129444,46370
129445,99929
129446,85028
129447,45235
129448,92884
129449,85751
129450,43849
129451,104924
129452,109280
129453,104845
129454,111478
129455,44244
129456,50112
129457,43753
129458,90447
129459,84610
129460,109593
129461,88818
129462,85095
129463,93140
129464,100751
129465,108165
129466,93142
129467,90985
129468,46294
129469,92970
129470,78806
129471,50269
129472,45052
129473,104634
129474,91693
129475,108836
129476,82957
129477,100252
129478,112563
129479,43091
129480,92071
129481,103012
129482,95166
129483,56681
129484,89433
129485,100007
129486,106819
129487,42155
129488,90865
129489,99049
129490,109632
129491,121841
129492,91906
129493,117898
129494,43551
129495,88886
129496,93095
129497,98459
129498,103216
129499,46046
129500,51317
129501,93855
129502,117394
129503,48794
129504,44493
129505,45947
129506,42264
129507,90019
129508,102779
129509,43178
129510,102946
129511,41476
129512,46087
129513,101004
129514,102966
129515,78894
129516,43552
129517,102065
129518,46854
129519,93910
129520,47850
129521,44363
129522,45814
129523,122771
129524,89003
129525,73871
129526,45762
129527,104331
129528,127873
129529,75863
129530,127416
129531,49020
129532,75889
129533,93228
129534,47142
129535,43215
129536,96798
129537,94072
129538,44036
129539,90294
129540,105398
129541,98770
129542,47929
129543,44284
129544,105057
129545,109318
129546,102352
129547,99165
129548,104993
129549,89055
129550,44922
129551,42825
129552,125838
129553,120398
129554,112434
129555,89652
129556,99978
129557,114412
129558,45165
129559,84205
129560,42609
129561,45883
129562,43581
129563,95939
129564,45442
129565,46445
129566,93081
129567,50420
129568,44389
129569,50348
129570,45279
129571,44886
129572,45960
129573,80663
129574,121684
129575,119464
129576,110358
129577,110396
129578,45614
129579,48496
129580,87787
129581,43447
129582,85903
129583,98319
129584,95241
129585,101946
129586,45239
129587,43743
129588,97636
129589,87737
129590,92401
129591,85143
129592,92334
129593,42801
129594,102094
129595,93190
129596,44164
129597,53599
129598,127653
129599,88053
129600,123253
129601,43483
129602,81079
129603,91527
129604,45565
129605,48595
129606,83787
129607,98454
129608,42764
129609,82757
129610,113088
129611,99523
129612,103915
129613,44203
129614,114090
129615,76279
129616,45622
129617,45051
129618,44970
129619,49961
129620,112391
129621,45919
129622,94871
129623,79045
129624,93747
129625,84018
129626,92937
129627,44413
129628,43448
129629,78999
129630,46659
129631,114120
129632,82586
129633,78727
129634,121310
129635,101302
129636,104267
129637,46473
129638,43927
129639,44352
129640,52827
129641,45771
129642,95070
129643,88951
129644,119562
129645,44669
129646,90776
129647,48178
129648,106321
129649,110715
129650,45199
129651,101803
129652,42450
129653,105703
129654,44626
129655,45292
129656,45516
129657,125854
129658,44111
129659,43045
129660,46716
129661,45645
129662,106263
129663,98642
129664,44861
129665,43619
129666,108164
129667,98866
129668,82382
129669,44038
129670,43134
129671,49062
129672,81494
129673,124684
129674,96636
129675,48041
129676,98217
129677,42071
129678,112109
129679,84989
129680,101967
129681,44242
129682,94039
129683,105851
129684,44022
129685,102004
129686,91903
129687,85606
129688,48666
129689,104288
129690,43731
129691,92151
129692,99761
129693,93205
129694,94825
129695,43501
129696,124238
129697,109472
129698,100674
129699,99914
129700,44850
129701,82474
129702,85052
129703,116365
129704,85588
129705,44599
129706,43831
129707,99103
129708,84366
129709,91930
129710,102079
129711,92803
129712,46295
129713,48987
129714,95206
129715,47143
129716,92191
129717,88778
129718,100670
129719,77381
129720,77118
129721,103839
129722,43633
129723,47473
129724,121818
129725,86987
129726,106801
129727,46927
129728,114000
129729,85854
129730,45848
129731,102270
129732,96057
129733,103824
129734,44698
129735,85526
129736,104488
129737,96616
129738,105291
129739,84579
129740,49252
129741,42706
129742,48760
129743,44202
129744,113409
129745,88108
129746,98625
129747,44050
129748,86446
129749,44787
129750,117126
129751,92530
129752,109266
129753,105264
129754,98416
129755,98405
129756,46752
129757,44863
129758,89084
129759,111351
129760,85411
129761,94264
129762,44777
129763,98335
129764,100250
129765,46232
129766,97079
129767,92633
129768,44578
129769,99369
129770,110700
129771,45092
129772,42259
129773,45736
129774,119580
129775,45313
129776,93524
129777,108741
129778,89768
129779,96073
129780,92153
129781,45868
129782,89758
129783,99996
129784,82730
129785,84318
129786,45407
129787,94325
129788,43233
129789,45269
129790,120156
129791,45678
129792,44438
129793,80825
129794,123146
129795,103149
129796,80949
129797,116517
129798,94024
129799,95279
129800,91101
129801,84272
129802,46103
129803,99557
129804,46106
129805,53044
129806,84696
129807,93000
129808,84057
129809,94833
129810,125936
129811,90040
129812,94115
129813,99127
129814,99382
129815,83513
129816,108014
129817,43710
129818,99597
129819,43919
129820,43858
129821,99875
129822,47611
129823,101067
129824,46437
129825,42197
129826,115978
129827,113044
129828,46229
129829,93714
129830,118464
129831,43424
129832,96157
129833,97821
129834,104443
129835,109850
129836,45865
129837,45865
129838,44336
129839,83278
129840,47834
129841,46399
129842,110801
129843,107562
129844,83551
129845,83931
129846,89243
129847,92248
129848,98141
129849,47334
129850,44284
129851,134903
129852,44386
129853,87189
129854,107103
129855,44796
129856,79857
129857,88212
129858,88760
129859,51751
129860,81343
129861,93810
129862,45557
129863,115061
129864,75669
129865,122909
129866,102258
129867,89260
129868,44463
129869,49956
129870,142276
129871,111789
129872,76279
129873,46887
129874,104675
129875,91685
129876,44997
129877,56451
129878,51357
129879,95211
129880,99151
129881,81900
129882,84595
129883,44567
129884,83536
129885,88026
129886,109711
129887,102652
129888,97885
129889,42989
129890,87929
129891,89651
129892,97917
129893,104446
129894,97702
129895,76535
129896,93387
129897,45642
129898,83018
129899,101318
129900,42891
129901,43486
129902,105441
129903,52812
129904,46415
129905,102869
129906,96739
129907,117660
129908,120919
129909,41945
129910,112898
129911,91653
129912,44785
129913,100051
129914,45703
129915,119777
129916,45057
129917,118972
129918,89735
129919,90230
129920,47181
129921,43892
129922,119268
129923,93237
129924,45420
129925,46161
129926,93237
129927,107509
129928,102047
129929,45845
129930,92848
129931,86822
129932,114793
129933,109693
129934,47929
129935,94871
129936,98381
129937,73889
129938,96067
129939,91254
129940,44278
129941,109269
129942,94586
129943,106218
129944,109398
129945,99710
129946,100640
129947,81129
129948,110696
129949,77627
129950,94062
129951,107539
129952,102127
129953,94665
129954,112133
129955,44028
129956,46177
129957,87236
129958,113304
129959,86402
129960,101990
129961,51956
129962,82166
129963,107224
129964,45532
129965,124962
129966,89913
129967,94502
129968,105919
129969,94635
129970,101491
129971,77843
129972,97432
129973,43836
129974,105859
129975,84298
129976,83757
129977,95683
129978,44997
129979,83583
129980,47563
129981,92138
129982,43564
129983,77980
129984,110903
129985,44355
129986,88871
129987,99140
129988,91673
129989,44964
129990,109877
129991,95531
129992,43977
129993,41785
129994,108465
129995,121772
129996,91009
129997,86534
129998,111553
129999,101133
130000,94929
130001,79591
130002,83978
130003,45486
130004,102098
130005,46371
130006,83993
130007,86774
130008,87945
130009,42930
130010,46706
130011,49459
130012,105852
130013,126239
130014,81084
130015,44246
130016,115026
130017,47033
130018,105216
130019,77620
130020,96845
130021,43460
130022,101855
130023,44335
130024,49860
130025,53408
130026,109133
130027,89661
130028,98625
130029,105084
130030,83660
130031,97989
130032,45882
130033,45361
130034,100715
130035,78578
130036,94551
130037,46926
130038,55909
130039,44911
130040,103053
130041,114412
130042,115026
130043,98230
130044,89970
130045,89879
130046,94942
130047,91859
130048,92898
130049,48654
130050,100234
130051,45359
130052,42764
130053,43046
130054,43227
130055,119280
130056,118104
130057,101887
130058,88738
130059,81571
130060,99401
130061,47991
130062,103159
130063,125936
130064,43533
130065,45346
130066,115111
130067,46801
130068,44300
130069,43615
130070,48649
130071,111151
130072,45006
130073,91364
130074,44544
130075,50059
130076,47354
130077,107958
130078,47124
130079,109491
130080,97904
130081,93556
130082,46388
130083,44508
130084,105337
130085,95826
130086,88595
130087,92273
130088,42163
130089,44583
130090,45869
130091,49877
130092,91757
130093,44406
130094,47411
130095,97254
130096,91001
130097,112549
130098,83676
130099,117721
130100,95675
130101,114567
130102,95498
130103,45498
130104,91515
130105,96422
130106,86881
130107,83147
130108,43050
130109,42876
130110,79419
130111,100322
130112,49022
130113,97067
130114,92393
130115,42863
130116,45133
130117,82723
130118,46619
130119,46670
130120,97584
130121,101638
130122,103527
130123,91492
130124,103440
130125,94490
130126,44266
130127,89657
130128,106249
130129,48609
130130,101091
130131,97352
130132,135840
130133,44475
130134,85968
130135,88155
130136,110968
130137,93603
130138,44714
130139,83489
130140,95846
130141,45911
130142,90566
130143,96509
130144,114896
130145,44134
130146,95539
130147,98603
130148,80186
130149,46903
130150,84931
130151,45684
130152,43517
130153,91540
130154,120568
130155,46111
130156,83257
130157,118304
130158,91749
130159,94623
130160,43766
130161,45090
130162,76058
130163,78648
130164,132508
130165,104570
130166,95298
130167,48104
130168,43455
130169,45568
130170,92431
130171,115149
130172,43980
130173,47933
130174,45763
130175,83001
130176,44040
130177,93396
130178,98063
130179,93438
130180,89613
130181,105521
130182,46215
130183,100159
130184,50051
130185,55653
130186,44025
130187,44317
130188,84555
130189,45870
130190,81282
130191,113235
130192,90493
130193,55724
130194,43937
130195,107839
130196,126860
130197,100011
130198,84349
130199,120529
130200,104175
130201,101388
130202,45903
130203,89407
130204,105856
130205,134939
130206,109164
130207,99457
130208,47246
130209,77118
130210,81126
130211,107838
130212,96404
130213,115718
130214,45195
130215,92483
130216,43184
130217,115808
130218,90348
130219,45631
130220,104279
130221,104519
130222,86277
130223,87825
130224,116999
130225,45549
130226,43106
130227,118340
130228,102578
130229,52837
130230,42522
130231,45421
130232,44146
130233,105874
130234,88726
130235,43853
130236,110065
130237,83715
130238,44456
130239,105700
130240,45118
130241,45870
130242,45967
130243,81158
130244,47572
130245,91815
130246,95720
130247,108373
130248,99597
130249,91578
130250,88761
130251,52303
130252,105237
130253,98571
130254,44839
130255,43478
130256,103327
130257,126327
130258,91294
130259,45694
130260,91510
130261,110983
130262,81872
130263,92974
130264,104183
130265,110455
130266,89027
130267,98726
130268,102480
130269,123541
130270,106079
130271,47016
130272,112192
130273,45474
130274,105833
130275,46203
130276,46409
130277,43399
130278,95246
130279,119473
130280,88555
130281,45178
130282,98683
130283,48536
130284,81408
130285,121267
130286,86443
130287,80995
130288,83426
130289,96073
130290,97954
130291,90727
130292,94915
130293,79706
130294,45818
130295,45543
130296,94165
130297,89288
130298,44754
130299,123981
130300,90260
130301,87055
130302,109433
130303,101717
130304,98406
130305,101949
130306,107684
130307,81594
130308,93327
130309,46310
130310,79787
130311,105867
130312,84351
130313,46219
130314,82312
130315,43912
130316,110316
130317,106561
130318,98222
130319,81331
130320,46803
130321,80340
130322,101756
130323,44022
130324,47118
130325,43024
130326,122736
130327,81255
130328,92509
130329,52540
130330,95343
130331,83152
130332,106921
130333,98671
130334,87950
130335,92445
130336,96205
130337,89595
130338,44755
130339,78630
130340,106027
130341,105316
130342,91529
130343,119920
130344,102602
130345,102078
130346,51554
130347,84247
130348,88340
130349,84649
130350,43204
130351,102196
130352,102925
130353,42917
130354,92815
130355,120547
130356,107181
130357,102193
130358,51433
130359,86485
130360,78081
130361,94527
130362,85011
130363,96422
130364,111700
130365,43875
130366,51962
130367,49960
130368,105836
130369,89521
130370,83827
130371,105429
130372,86734
130373,47721
130374,94475
130375,45133
130376,47886
130377,100772
130378,42563
130379,79079
130380,83582
130381,93959
130382,57133
130383,43828
130384,102726
130385,43046
130386,44414
130387,44336
130388,98997
130389,83490
130390,109258
130391,86281
130392,105459
130393,107926
130394,106768
130395,83278
130396,93580
130397,87262
130398,45191
130399,94288
130400,90800
130401,117752
130402,95937
130403,45669
130404,123591
130405,135744
130406,87720
130407,114577
130408,44944
130409,44528
130410,44662
130411,91744
130412,110470
130413,104707
130414,122225
130415,47853
130416,88745
130417,81584
130418,42093
130419,94155
130420,94905
130421,43517
130422,107381
130423,51597
130424,92023
130425,86174
130426,47143
130427,97808
130428,117354
130429,86055
130430,48289
130431,45258
130432,123309
130433,86902
130434,95875
130435,85645
130436,109870
130437,90912
130438,45703
130439,89890
130440,100405
130441,131204
130442,83680
130443,79532
130444,95641
130445,99278
130446,96861
130447,42600
130448,93260
130449,92899
130450,88525
130451,84086
130452,91432
130453,43660
130454,43456
130455,109552
130456,51548
130457,105856
130458,44915
130459,48251
130460,46141
130461,94806
130462,93760
130463,83660
130464,91411
130465,101092
130466,125842
130467,46586
130468,92250
130469,107327
130470,106115
130471,43553
130472,98577
130473,45601
130474,86913
130475,95179
130476,95721
130477,110567
130478,116670
130479,109875
130480,45795
130481,46834
130482,91312
130483,102029
130484,84170
130485,87012
130486,92439
130487,43711
130488,83739
130489,98996
130490,94531
130491,43743
130492,100710
130493,52071
130494,90667
130495,93636
130496,96127
130497,43753
130498,89216
130499,107684
130500,99039
130501,80238
130502,88708
130503,95589
130504,116722
130505,92846
130506,115927
130507,102586
130508,112308
130509,47298
130510,135072
130511,121003
130512,46356
130513,130901
130514,84576
130515,95480
130516,56040
130517,92397
130518,78286
130519,86690
130520,46251
130521,87768
130522,81331
130523,45070
130524,48078
130525,88054
130526,104475
130527,43304
130528,107902
130529,52084
130530,124562
130531,124900
130532,91926
130533,116357
130534,45677
130535,43472
130536,103554
130537,86057
130538,52968
130539,83310
130540,97075
130541,91441
130542,90231
130543,44611
130544,48047
130545,51869
130546,45577
130547,46615
130548,44646
130549,118780
130550,45328
130551,91322
130552,104610
130553,43112
130554,42921
130555,125221
130556,46117
130557,95720
130558,80236
130559,88321
130560,43863
130561,46314
130562,81343
130563,48687
130564,45786
130565,109780
130566,92151
130567,84263
130568,87656
130569,122293
130570,87892
130571,98824
130572,98726
130573,45604
130574,45374
130575,101925
130576,123042
130577,121890
130578,102840
130579,44988
130580,78648
130581,84954
130582,44282
130583,76440
130584,114699
130585,89655
130586,101432
130587,45323
130588,45698
130589,112326
130590,45185
130591,110155
130592,40585
130593,44137
130594,60415
130595,45023
130596,84316
130597,123425
130598,46047
130599,123178
130600,83064
130601,90396
130602,91762
130603,123588
130604,91036
130605,89311
130606,91739
130607,85801
130608,45693
130609,87303
130610,44818
130611,83549
130612,104386
130613,108661
130614,94014
130615,94561
130616,102270
130617,42458
130618,42764
130619,96490
130620,135829
130621,43664
130622,120599
130623,116960
130624,43475
130625,41296
130626,43488
130627,43306
130628,118162
130629,77717
130630,124255
130631,108695
130632,95706
130633,46476
130634,95774
130635,121512
130636,96608
130637,110654
130638,52054
130639,91902
130640,81900
130641,44112
130642,95924
130643,45161
130644,45012
130645,81191
130646,106839
130647,44528
130648,114323
130649,115816
130650,90080
130651,99665
130652,95708
130653,96493
130654,84748
130655,98269
130656,82997
130657,88687
130658,96854
130659,95942
130660,43196
130661,100336
130662,43728
130663,114991
130664,42813
130665,98267
130666,45017
130667,43731
130668,44251
130669,45239
130670,88931
130671,79815
130672,52083
130673,97652
130674,76414
130675,77861
130676,77427
130677,52711
130678,45371
130679,87921
130680,43188
130681,83590
130682,117541
130683,43376
130684,51831
130685,92861
130686,98745
130687,48678
130688,101323
130689,93353
130690,82046
130691,45168
130692,83761
130693,44141
130694,44600
130695,47115
130696,83131
130697,47203
130698,113193
130699,90267
130700,76872
130701,106728
130702,45385
130703,112935
130704,77456
130705,95089
130706,127587
130707,91253
130708,118835
130709,92529
130710,100086
130711,88247
130712,89296
130713,43380
130714,45432
130715,129179
130716,94577
130717,47990
130718,105379
130719,92983
130720,45707
130721,81069
130722,105429
130723,99492
130724,89913
130725,88184
130726,43385
130727,44796
130728,43735
130729,104098
130730,52486
130731,47652
130732,100563
130733,95227
130734,56659
130735,80857
130736,50600
130737,94594
130738,46668
130739,121133
130740,47705
130741,84272
130742,46842
130743,95336
130744,110037
130745,91072
130746,115385
130747,48773
130748,96911
130749,114920
130750,45583
130751,77015
130752,45168
130753,113306
130754,43228
130755,43582
130756,86898
130757,78618
130758,47800
130759,101125
130760,87160
130761,88066
130762,80467
130763,93439
130764,81148
130765,43935
130766,46913
130767,108555
130768,43542
130769,107945
130770,50042
130771,42716
130772,90136
130773,43190
130774,86456
130775,45353
130776,44844
130777,109484
130778,46275
130779,94022
130780,92739
130781,100022
130782,42803
130783,84270
130784,57676
130785,124917
130786,46477
130787,94289
130788,90545
130789,52197
130790,45539
130791,92134
130792,79018
130793,109545
130794,103830
130795,104492
130796,44053
130797,116529
130798,44470
130799,46762
130800,45391
130801,94022
130802,49817
130803,47298
130804,46040
130805,95386
130806,100770
130807,126981
130808,90805
130809,99837
130810,45150
130811,44673
130812,105737
130813,45648
130814,85226
130815,47299
130816,96765
130817,46345
130818,123487
130819,102701
130820,44200
130821,99824
130822,83360
130823,90997
130824,45517
130825,46226
130826,45728
130827,102036
130828,42761
130829,88219
130830,121993
130831,103991
130832,82489
130833,101338
130834,43476
130835,89927
130836,44950
130837,112547
130838,104284
130839,44567
130840,42921
130841,76261
130842,105326
130843,45300
130844,43794
130845,114581
130846,89424
130847,50690
130848,45305
130849,47268
130850,114323
130851,99218
130852,46037
130853,106112
130854,126528
130855,78201
130856,83827
130857,42441
130858,76886
130859,83195
130860,47885
130861,91682
130862,99271
130863,110440
130864,54876
130865,101796
130866,86783
130867,96695
130868,90447
130869,97085
130870,106164
130871,85893
130872,45464
130873,117827
130874,101717
130875,106034
130876,85650
130877,49558
130878,105074
130879,47987
130880,43159
130881,103998
130882,113149
130883,46000
130884,46494
130885,121225
130886,93630
130887,106989
130888,87602
130889,98778
130890,78968
130891,43758
130892,42901
130893,106912
130894,95720
130895,111727
130896,75990
130897,82516
130898,95122
130899,84919
130900,88634
130901,94265
130902,45024
130903,43716
130904,106371
130905,98699
130906,116013
130907,43918
130908,116201
130909,96252
130910,105084
130911,45186
130912,115238
130913,106135
130914,93241
130915,82570
130916,50494
130917,43674
130918,43557
130919,98404
130920,129819
130921,95448
130922,53656
130923,51747
130924,99915
130925,81165
130926,104732
130927,87434
130928,111085
130929,77914
130930,118219
130931,118381
130932,90825
130933,96085
130934,81032
130935,45622
130936,86555
130937,44272
130938,122303
130939,88125
130940,48063
130941,44961
130942,81473
130943,78453
130944,47778
130945,83256
130946,44688
130947,45972
130948,104479
130949,41956
130950,42799
130951,116498
130952,91265
130953,116896
130954,85475
130955,100314
130956,96150
130957,107898
130958,43751
130959,99606
130960,46966
130961,105214
130962,45199
130963,115266
130964,88810
130965,96934
130966,42964
130967,88512
130968,101403
130969,41202
130970,86897
130971,49104
130972,105902
130973,94816
130974,104020
130975,43537
130976,104165
130977,92597
130978,45856
130979,98083
130980,95303
130981,45237
130982,46543
130983,43836
130984,99733
130985,91301
130986,107720
130987,47605
130988,92356
130989,98998
130990,80376
130991,100203
130992,93940
130993,108686
130994,98974
130995,92759
130996,107957
130997,45372
130998,45331
130999,45960
131000,114095
131001,104730
131002,87457
131003,115948
131004,112549
131005,84082
131006,90825
131007,98854
131008,118073
131009,43550
131010,86074
131011,47225
131012,45936
131013,77778
131014,94554
131015,116864
131016,45167
131017,53935
131018,45614
131019,96666
131020,82899
131021,84980
131022,90045
131023,143156
131024,82089
131025,87649
131026,95433
131027,47442
131028,100620
131029,102270
131030,114612
131031,101495
131032,87627
131033,45024
131034,83272
131035,106734
131036,40991
131037,98211
131038,102547
131039,104137
131040,45307
131041,81083
131042,45544
131043,42909
131044,85895
131045,45377
131046,44734
131047,84844
131048,90830
131049,85239
131050,46664
131051,82776
131052,43286
131053,78622
131054,87889
131055,101478
131056,95966
131057,95827
131058,47977
131059,83357
131060,91009
131061,45788
131062,119071
131063,110990
131064,113044
131065,96440
131066,78879
131067,100263
131068,44862
131069,127726
131070,58310
131071,44280
131072,44657
131073,100601
131074,53978
131075,94062
131076,89793
131077,45185
131078,112801
131079,91654
131080,46040
131081,118616
131082,84834
131083,44724
131084,44690
131085,47211
131086,48123
131087,98360
131088,109711
131089,44921
131090,44741
131091,86228
131092,91379
131093,88731
131094,89053
131095,44837
131096,43389
131097,99925
131098,81681
131099,92118
131100,83777
131101,44236
131102,113212
131103,113810
131104,122216
131105,48927
131106,111124
131107,91411
131108,43977
131109,44121
131110,107791
131111,44037
131112,50712
131113,90078
131114,45009
131115,45814
131116,44764
131117,42914
131118,108675
131119,47456
131120,116501
131121,81278
131122,113377
131123,47121
131124,46046
131125,47798
131126,46437
131127,46031
131128,121442
131129,92264
131130,79822
131131,50265
131132,99500
131133,44244
131134,44086
131135,43164
131136,46389
131137,106934
131138,85057
131139,102650
131140,45150
131141,86552
131142,48596
131143,89166
131144,44882
131145,44004
131146,101901
131147,95574
131148,83001
131149,91527
131150,124877
131151,43916
131152,78246
131153,99100
131154,93418
131155,45855
131156,133227
131157,94027
131158,115557
131159,43535
131160,103294
131161,46309
131162,81221
131163,46606
131164,79787
131165,90537
131166,46976
131167,100496
131168,87905
131169,92716
131170,53315
131171,42026
131172,124349
131173,47319
131174,112674
131175,93477
131176,91476
131177,113647
131178,90518
131179,118255
131180,87913
131181,102380
131182,42806
131183,83936
131184,96499
131185,44246
131186,48501
131187,48260
131188,44558
131189,44271
131190,45852
131191,77071
131192,46432
131193,45414
131194,45415
131195,107228
131196,84394
131197,99874
131198,87064
131199,118168
131200,87343
131201,92453
131202,92393
131203,93618
131204,94379
131205,87151
131206,90977
131207,101167
131208,45497
131209,89262
131210,45712
131211,45271
131212,80544
131213,87864
131214,81463
131215,122730
131216,88445
131217,45808
131218,44870
131219,43537
131220,107126
131221,96701
131222,98137
131223,89065
131224,43396
131225,45974
131226,94775
131227,119428
131228,43066
131229,103790
131230,93901
131231,94958
131232,43066
131233,100186
131234,43179
131235,45993
131236,46624
131237,87292
131238,109117
131239,47021
131240,105759
131241,47890
131242,46704
131243,118251
131244,106897
131245,45445
131246,46407
131247,101098
131248,92475
131249,81393
131250,44895
131251,101134
131252,44331
131253,92407
131254,90502
131255,48218
131256,85449
131257,86523
131258,43882
131259,97681
131260,98136
131261,50177
131262,75850
131263,44271
131264,102253
131265,95789
131266,93490
131267,42959
131268,93764
131269,97458
131270,82123
131271,81614
131272,101313
131273,103158
131274,112987
131275,44566
131276,83419
131277,82331
131278,105351
131279,45173
131280,102120
131281,80906
131282,86083
131283,102829
131284,45931
131285,103608
131286,43045
131287,41525
131288,49562
131289,106024
131290,103587
131291,107768
131292,84205
131293,86296
131294,43002
131295,97681
131296,76404
131297,99277
131298,50224
131299,83631
131300,44025
131301,103493
131302,91111
131303,83956
131304,121818
131305,50254
131306,41866
131307,89698
131308,99458
131309,84086
131310,49527
131311,45331
131312,122731
131313,50575
131314,106022
131315,86262
131316,94517
131317,89366
131318,93237
131319,117064
131320,44125
131321,106913
131322,46099
131323,84218
131324,108216
131325,101139
131326,47190
131327,89136
131328,45489
131329,91224
131330,129148
131331,45277
131332,102389
131333,46565
131334,106266
131335,43736
131336,102773
131337,46750
131338,110728
131339,110939
131340,45917
131341,95168
131342,93885
131343,46367
131344,95353
131345,78646
131346,47763
131347,80662
131348,102519
131349,99398
131350,44084
131351,46903
131352,43857
131353,99159
131354,92014
131355,98092
131356,105915
131357,45010
131358,83927
131359,46060
131360,98440
131361,90400
131362,45078
131363,46733
131364,101438
131365,102840
131366,41493
131367,103783
131368,95544
131369,92263
131370,45918
131371,111068
131372,43497
131373,93618
131374,49316
131375,125954
131376,101584
131377,94329
131378,44026
131379,86768
131380,89396
131381,81299
131382,108063
131383,78453
131384,107867
131385,122835
131386,46722
131387,88535
131388,106071
131389,45350
131390,113488
131391,98307
131392,43846
131393,78701
131394,44109
131395,87876
131396,112645
131397,44558
131398,43443
131399,125900
131400,110482
131401,99943
131402,108334
131403,44353
131404,81350
131405,103890
131406,91628
131407,43773
131408,107647
131409,43521
131410,111393
131411,78996
131412,43403
131413,94561
131414,41893
131415,127113
131416,52024
131417,114515
131418,89094
131419,42919
131420,44322
131421,91570
131422,100897
131423,43392
131424,82257
131425,99023
131426,104247
131427,45227
131428,99903
131429,108368
131430,44941
131431,98656
131432,88324
131433,96281
131434,50950
131435,117525
131436,49790
131437,79431
131438,90088
131439,133226
131440,114515
131441,101805
131442,97082
131443,111884
131444,101163
131445,50591
131446,92274
131447,127824
131448,91049
131449,84973
131450,80837
131451,109605
131452,91396
131453,98331
131454,81746
131455,102646
131456,47411
131457,82322
131458,84334
131459,45600
131460,86921
131461,131229
131462,44883
131463,85169
131464,97725
131465,44963
131466,94163
131467,115080
131468,43123
131469,131243
131470,41230
131471,46426
131472,104845
131473,46032
131474,44951
131475,112948
131476,105517
131477,44559
131478,113113
131479,45137
131480,86228
131481,47933
131482,116952
131483,98013
131484,47174
131485,117634
131486,48110
131487,44464
131488,107035
131489,43252
131490,93989
131491,43881
131492,98245
131493,119205
131494,95882
131495,95730
131496,94791
131497,93194
131498,110753
131499,108275
131500,94766
131501,44580
131502,102973
131503,45525
131504,109624
131505,48812
131506,86884
131507,47434
131508,116320
131509,96294
131510,44599
131511,44838
131512,95943
131513,90354
131514,91570
131515,97745
131516,92086
131517,99384
131518,92150
131519,44341
131520,103182
131521,96219
131522,51444
131523,108390
131524,85780
131525,45220
131526,47389
131527,43043
131528,44553
131529,84671
131530,97962
131531,93990
131532,43876
131533,87179
131534,85668
131535,102124
131536,45200
131537,110871
131538,115865
131539,44904
131540,45001
131541,119729
131542,46467
131543,56759
131544,80906
131545,80820
131546,115936
131547,82435
131548,91137
131549,83006
131550,47201
131551,46614
131552,118081
131553,44221
131554,45208
131555,89271
131556,95774
131557,91255
131558,93276
131559,95027
131560,45397
131561,90355
131562,46947
131563,42284
131564,101745
131565,94191
131566,88188
131567,83783
131568,96194
131569,117375
131570,81079
131571,113177
131572,92507
131573,122484
131574,82046
131575,46668
131576,108342
131577,102516
131578,102030
131579,49829
131580,48304
131581,111935
131582,99108
131583,79949
131584,92181
131585,42903
131586,96035
131587,45172
131588,44684
131589,48186
131590,98267
131591,89926
131592,42813
131593,85301
131594,45463
131595,45610
131596,105497
131597,94849
131598,44507
131599,114117
131600,95258
131601,43442
131602,88682
131603,125348
131604,86377
131605,87368
131606,44767
131607,44029
131608,46162
131609,114764
131610,77620
131611,101068
131612,46054
131613,45483
131614,96112
131615,86176
131616,113803
131617,103580
131618,106058
131619,105612
131620,93492
131621,96478
131622,103523
131623,84452
131624,91084
131625,92901
131626,51154
131627,96349
131628,44208
131629,107394
131630,42673
131631,76681
131632,84841
131633,91069
131634,77620
131635,124965
131636,85582
131637,120232
131638,92198
131639,89395
131640,132955
131641,98937
131642,84696
131643,101860
131644,113879
131645,44038
131646,46126
131647,94564
131648,47092
131649,77216
131650,47568
131651,45512
131652,44630
131653,99062
131654,42961
131655,107955
131656,80881
131657,45654
131658,105634
131659,103682
131660,101868
131661,110563
131662,47540
131663,93622
131664,50483
131665,94985
131666,115985
131667,44764
131668,44583
131669,92165
131670,91903
131671,42584
131672,101795
131673,46242
131674,105696
131675,80820
131676,42984
131677,47631
131678,111793
131679,44230
131680,90112
131681,83159
131682,111065
131683,101653
131684,44564
131685,79514
131686,90776
131687,119312
131688,84853
131689,80214
131690,83619
131691,116877
131692,88460
131693,93988
131694,79541
131695,44759
131696,48245
131697,115631
131698,42764
131699,96551
131700,103484
131701,53001
131702,84782
131703,47352
131704,76414
131705,43102
131706,86948
131707,42329
131708,91207
131709,45636
131710,99696
131711,78648
131712,90808
131713,97054
131714,88280
131715,101405
131716,47193
131717,107745
131718,88075
131719,95686
131720,114966
131721,102206
131722,45220
131723,96302
131724,78185
131725,47329
131726,43772
131727,43475
131728,107580
131729,94218
131730,96388
131731,85747
131732,45096
131733,54369
131734,78293
131735,98555
131736,44735
131737,93187
131738,47971
131739,84314
131740,86390
131741,78730
131742,99248
131743,106727
131744,94541
131745,99193
131746,80881
131747,101227
131748,89208
131749,45530
131750,102169
131751,90236
131752,96724
131753,41102
131754,77571
131755,109824
131756,109864
131757,100926
131758,46640
131759,95650
131760,79281
131761,48028
131762,84912
131763,81380
131764,110725
131765,100541
131766,100531
131767,47386
131768,83546
131769,101685
131770,114003
131771,110287
131772,93524
131773,101490
131774,42428
131775,77198
131776,44276
131777,96726
131778,97244
131779,108331
131780,93569
131781,93335
131782,103415
131783,96751
131784,45865
131785,97611
131786,105935
131787,43463
131788,86255
131789,110667
131790,43724
131791,83616
131792,114215
131793,92154
131794,45329
131795,94014
131796,104861
131797,43887
131798,83101
131799,97081
131800,103288
131801,43102
131802,52411
131803,89481
131804,112268
131805,85904
131806,49300
131807,100412
131808,90305
131809,46483
131810,56581
131811,120751
131812,108101
131813,47447
131814,91775
131815,48537
131816,48058
131817,46173
131818,104031
131819,83777
131820,109600
131821,80379
131822,43794
131823,95130
131824,43560
131825,42864
131826,42677
131827,114533
131828,91456
131829,47395
131830,89027
131831,119096
131832,103570
131833,45447
131834,93699
131835,45552
131836,96684
131837,84751
131838,93566
131839,46940
131840,88165
131841,78161
131842,76084
131843,80905
131844,54679
131845,45414
131846,110892
131847,43521
131848,101480
131849,45158
131850,80636
131851,44728
131852,46384
131853,45603
131854,80290
131855,47972
131856,53482
131857,95987
131858,96111
131859,49336
131860,44705
131861,123731
131862,91405
131863,45309
131864,107233
131865,121137
131866,86702
131867,97362
131868,47236
131869,44106
131870,47605
131871,52528
131872,43801
131873,86294
131874,50855
131875,90346
131876,127056
131877,87245
131878,99131
131879,91308
131880,75577
131881,79018
131882,116988
131883,43560
131884,100492
131885,45118
131886,109536
131887,44414
131888,89975
131889,96584
131890,45623
131891,105703
131892,86435
131893,98536
131894,98406
131895,109676
131896,85803
131897,43820
131898,84844
131899,96125
131900,114993
131901,78965
131902,48148
131903,89144
131904,93672
131905,90799
131906,44785
131907,44068
131908,131079
131909,90268
131910,118822
131911,107157
131912,79163
131913,79956
131914,46690
131915,123280
131916,85119
131917,103126
131918,77195
131919,92900
131920,50350
131921,80433
131922,107331
131923,100179
131924,44240
131925,89375
131926,117679
131927,44924
131928,48405
131929,77586
131930,103452
131931,42833
131932,110542
131933,43565
131934,90184
131935,118174
131936,85000
131937,44103
131938,130519
131939,111167
131940,47966
131941,97237
131942,108388
131943,46416
131944,46246
131945,44111
131946,94476
131947,53328
131948,106107
131949,43335
131950,85566
131951,88332
131952,97345
131953,46641
131954,88928
131955,46549
131956,45671
131957,46695
131958,103419
131959,105908
131960,45140
131961,107228
131962,86912
131963,80247
131964,99608
131965,88420
131966,106910
131967,99844
131968,96783
131969,116424
131970,104868
131971,108306
131972,44671
131973,42584
131974,84659
131975,42160
131976,111446
131977,49607
131978,93407
131979,42766
131980,115923
131981,108007
131982,82123
131983,42294
131984,92530
131985,114090
131986,45692
131987,114738
131988,55879
131989,45508
131990,94478
131991,109793
131992,92389
131993,43650
131994,44627
131995,87874
131996,88083
131997,106190
131998,97638
131999,101151
132000,75284
132001,46165
132002,91159
132003,112375
132004,99666
132005,80952
132006,73493
132007,74967
132008,125524
132009,104934
132010,122145
132011,81101
132012,43852
132013,46032
132014,110471
132015,111523
132016,137406
132017,102370
132018,52859
132019,84154
132020,129079
132021,85348
132022,113998
132023,43311
132024,102547
132025,97542
132026,82553
132027,83341
132028,44922
132029,44575
132030,44675
132031,102144
132032,103149
132033,103022
132034,86482
132035,45915
132036,44759
132037,98395
132038,45454
132039,111026
132040,44960
132041,117741
132042,43672
132043,83432
132044,88413
132045,47301
132046,45628
132047,117587
132048,86614
132049,88178
132050,108999
132051,88822
132052,47164
132053,45649
132054,98871
132055,100621
132056,44066
132057,124156
132058,46423
132059,43798
132060,45536
132061,82589
132062,44971
132063,55514
132064,96584
132065,91990
132066,126029
132067,90635
132068,46221
132069,92177
132070,42464
132071,94022
132072,100110
132073,96282
132074,122731
132075,46939
132076,95451
132077,105179
132078,90935
132079,81905
132080,84964
132081,83855
132082,82255
132083,90200
132084,43834
132085,86896
132086,54133
132087,89066
132088,47162
132089,89470
132090,81298
132091,78550
132092,100965
132093,98005
132094,118335
132095,44808
132096,47902
132097,95863
132098,45999
132099,79146
132100,44301
132101,101887
132102,43620
132103,45503
132104,112546
132105,45900
132106,89215
132107,78574
132108,44740
132109,97849
132110,95068
132111,51556
132112,84218
132113,86897
132114,43838
132115,43590
132116,95711
132117,100849
132118,44587
132119,95565
132120,95992
132121,49328
132122,50060
132123,42884
132124,118174
132125,103496
132126,88758
132127,114711
132128,92364
132129,79024
132130,44278
132131,89689
132132,83956
132133,44163
132134,115075
132135,83531
132136,75669
132137,45053
132138,103150
132139,42277
132140,100720
132141,86633
132142,86038
132143,98843
132144,91598
132145,99891
132146,43807
132147,95360
132148,101004
132149,86993
132150,100629
132151,88644
132152,88362
132153,115424
132154,87344
132155,128862
132156,103233
132157,115915
132158,96600
132159,120982
132160,105646
132161,46157
132162,44200
132163,111519
132164,49514
132165,106027
132166,43190
132167,45583
132168,47867
132169,44451
132170,56546
132171,95665
132172,83409
132173,98263
132174,122982
132175,46909
132176,107402
132177,42786
132178,47323
132179,85731
132180,100471
132181,98469
132182,97350
132183,81742
132184,90545
132185,92089
132186,119604
132187,95615
132188,103546
132189,42639
132190,87791
132191,124601
132192,45895
132193,83952
132194,98706
132195,91778
132196,94029
132197,80236
132198,86253
132199,94055
132200,103760
132201,107111
132202,94244
132203,92103
132204,109532
132205,125538
132206,101539
132207,45313
132208,86897
132209,88685
132210,43549
132211,56900
132212,106483
132213,103662
132214,45835
132215,49467
132216,47358
132217,44567
132218,101227
132219,113220
132220,91770
132221,42790
132222,93249
132223,45848
132224,106857
132225,75850
132226,44433
132227,108483
132228,91018
132229,85801
132230,77343
132231,45391
132232,109269
132233,114943
132234,92618
132235,97899
132236,97132
132237,45064
132238,94115
132239,50292
132240,116914
132241,89185
132242,94452
132243,90925
132244,121917
132245,47454
132246,45736
132247,106810
132248,79819
132249,47839
132250,46181
132251,43807
132252,101653
132253,76993
132254,100429
132255,88197
132256,93618
132257,45149
132258,105402
132259,47482
132260,54524
132261,44392
132262,109295
132263,105011
132264,47513
132265,44265
132266,100358
132267,102870
132268,124627
132269,45713
132270,43173
132271,43285
132272,99585
132273,76886
132274,96742
132275,58280
132276,90104
132277,86734
132278,46180
132279,96824
132280,119640
132281,85974
132282,104421
132283,97120
132284,44077
132285,44074
132286,49998
132287,94586
132288,42908
132289,93549
132290,89976
132291,100049
132292,88848
132293,95345
132294,47140
132295,103158
132296,103732
132297,106509
132298,47765
132299,45979
132300,100777
132301,87995
132302,94356
132303,83147
132304,87701
132305,116828
132306,47708
132307,42458
132308,95670
132309,99536
132310,91401
132311,44562
132312,103203
132313,84845
132314,47926
132315,87661
132316,46828
132317,114549
132318,103990
132319,101849
132320,84212
132321,44577
132322,54780
132323,44959
132324,44622
132325,43653
132326,78745
132327,47339
132328,100073
132329,101337
132330,96566
132331,45881
132332,43804
132333,96351
132334,44672
132335,45559
132336,117367
132337,92149
132338,44512
132339,101745
132340,102909
132341,84330
132342,48582
132343,106661
132344,96313
132345,44379
132346,107485
132347,45116
132348,47434
132349,43288
132350,97876
132351,97780
132352,119022
132353,47276
132354,44176
132355,47348
132356,45029
132357,47192
132358,98456
132359,85382
132360,103835
132361,46892
132362,128989
132363,48379
132364,77620
132365,47929
132366,87791
132367,120734
132368,78944
132369,92921
132370,90580
132371,92633
132372,120885
132373,96722
132374,49798
132375,77026
132376,46444
132377,111304
132378,48572
132379,110002
132380,101408
132381,104854
132382,94383
132383,81540
132384,123180
132385,105940
132386,43609
132387,44038
132388,43284
132389,103768
132390,98783
132391,83740
132392,102372
132393,91845
132394,83952
132395,104124
132396,135279
132397,103786
132398,102370
132399,78916
132400,94433
132401,42933
132402,43369
132403,86522
132404,81904
132405,101185
132406,83492
132407,94216
132408,131152
132409,45200
132410,109824
132411,43147
132412,42799
132413,95980
132414,87911
132415,43227
132416,92213
132417,121798
132418,92476
132419,51172
132420,46648
132421,98994
132422,106409
132423,121886
132424,100045
132425,105973
132426,98391
132427,97396
132428,98792
132429,98044
132430,104722
132431,99908
132432,92049
132433,108223
132434,50760
132435,105043
132436,84487
132437,46737
132438,90150
132439,104560
132440,117741
132441,52008
132442,116475
132443,87807
132444,78185
132445,44950
132446,45496
132447,84858
132448,100045
132449,109011
132450,78428
132451,99626
132452,89711
132453,44873
132454,100933
132455,44050
132456,75902
132457,42936
132458,87836
132459,84286
132460,47014
132461,45028
132462,87259
132463,99984
132464,107404
132465,129744
132466,44368
132467,83986
132468,82409
132469,96496
132470,44133
132471,91252
132472,44790
132473,93378
132474,43507
132475,121759
132476,114308
132477,99562
132478,90393
132479,43142
132480,82090
132481,91170
132482,44520
132483,100229
132484,82989
132485,43441
132486,108301
132487,102134
132488,47504
132489,93687
132490,76583
132491,46216
132492,45678
132493,104138
132494,45480
132495,47866
132496,91644
132497,58616
132498,76188
132499,43499
132500,82949
132501,44519
132502,108580
132503,113999
132504,93636
132505,87273
132506,43982
132507,119229
132508,85750
132509,47587
132510,101007
132511,102212
132512,85533
132513,53248
132514,93141
132515,46053
132516,85913
132517,42209
132518,126395
132519,93363
132520,110520
132521,48291
132522,83142
132523,42851
132524,107319
132525,89957
132526,47909
132527,48114
132528,127574
132529,94218
132530,111620
132531,104484
132532,50651
132533,85428
132534,97684
132535,82875
132536,96797
132537,93554
132538,85788
132539,83278
132540,44427
132541,99254
132542,51298
132543,105283
132544,88380
132545,95098
132546,111060
132547,92953
132548,120707
132549,100257
132550,89781
132551,91944
132552,127016
132553,47428
132554,98755
132555,43971
132556,78058
132557,121874
132558,116349
132559,48753
132560,108015
132561,43812
132562,77619
132563,131121
132564,139473
132565,45559
132566,83432
132567,91202
132568,73871
132569,43713
132570,94339
132571,88615
132572,48263
132573,102939
132574,99768
132575,96715
132576,55986
132577,106401
132578,42926
132579,46285
132580,85243
132581,108867
132582,97767
132583,43939
132584,44616
132585,91776
132586,103216
132587,103972
132588,78081
132589,93605
132590,108125
132591,111857
132592,83580
132593,45093
132594,48170
132595,85689
132596,45130
132597,121804
132598,45258
132599,48184
132600,87006
132601,91378
132602,93968
132603,89422
132604,44017
132605,79549
132606,92471
132607,119085
132608,44099
132609,90103
132610,93738
132611,87186
132612,80236
132613,104934
132614,89087
132615,44317
132616,79871
132617,117721
132618,76739
132619,105662
132620,121614
132621,104707
132622,87491
132623,75342
132624,98344
132625,123883
132626,114182
132627,44760
132628,95696
132629,99846
132630,100505
132631,114946
132632,44552
132633,106464
132634,88283
132635,48631
132636,48770
132637,50884
132638,117714
132639,43954
132640,100138
132641,120151
132642,87007
132643,108463
132644,43836
132645,42300
132646,128260
132647,93896
132648,115035
132649,106150
132650,91892
132651,43564
132652,120239
132653,124620
132654,85621
132655,86723
132656,44857
132657,96424
132658,47385
132659,47115
132660,105858
132661,47533
132662,44133
132663,42777
132664,93712
132665,97205
132666,96652
132667,101523
132668,44188
132669,85753
132670,47077
132671,85287
132672,114412
132673,123115
132674,46163
132675,95566
132676,42461
132677,47858
132678,99959
132679,46038
132680,85495
132681,47027
132682,88872
132683,96977
132684,131947
132685,98388
132686,45336
132687,92927
132688,45235
132689,47202
132690,84075
132691,98350
132692,91607
132693,43610
132694,44378
132695,96284
132696,121550
132697,93670
132698,121751
132699,109013
132700,121176
132701,44067
132702,78076
132703,47354
132704,87497
132705,45527
132706,126290
132707,106924
132708,44938
132709,45692
132710,110351
132711,43253
132712,106519
132713,84008
132714,45970
132715,94564
132716,80319
132717,117068
132718,102870
132719,88597
132720,45817
132721,126482
132722,110423
132723,82984
132724,76003
132725,46496
132726,113988
132727,44252
132728,94022
132729,109574
132730,88977
132731,96046
132732,47530
132733,101984
132734,116949
132735,117344
132736,43613
132737,43381
132738,100653
132739,83883
132740,94865
132741,127300
132742,81981
132743,102794
132744,98961
132745,109304
132746,93315
132747,50884
132748,44564
132749,99334
132750,42729
132751,104173
132752,45842
132753,85778
132754,113144
132755,101505
132756,83045
132757,98292
132758,94411
132759,43900
132760,102877
132761,90022
132762,45345
132763,43774
132764,46565
132765,103859
132766,45925
132767,47290
132768,77619
132769,43653
132770,93575
132771,46773
132772,86837
132773,92950
132774,102386
132775,81182
132776,82992
132777,121547
132778,79514
132779,92983
132780,43736
132781,96531
132782,91652
132783,93898
132784,93875
132785,91892
132786,100878
132787,47177
132788,44410
132789,43311
132790,86175
132791,88398
132792,91219
132793,112050
132794,44144
132795,103030
132796,44331
132797,96784
132798,129398
132799,90743
132800,46081
132801,108424
132802,45786
132803,46831
132804,42936
132805,101763
132806,97089
132807,94432
132808,96088
132809,86090
132810,83668
132811,109146
132812,44785
132813,81602
132814,91229
132815,42828
132816,40322
132817,84197
132818,121259
132819,87511
132820,42750
132821,85582
132822,106970
132823,99145
132824,99093
132825,103578
132826,102224
132827,94100
132828,91111
132829,86401
132830,90475
132831,91364
132832,84212
132833,83784
132834,120193
132835,43740
132836,46347
132837,99910
132838,105980
132839,45986
132840,44086
132841,73637
132842,117476
132843,90941
132844,107011
132845,87070
132846,45448
132847,100790
132848,79447
132849,98469
132850,94022
132851,100416
132852,42908
132853,92720
132854,89403
132855,139187
132856,90792
132857,103442
132858,89652
132859,97824
132860,44856
132861,47401
132862,89957
132863,84105
132864,85588
132865,91651
132866,81199
132867,91566
132868,87337
132869,97885
132870,46430
132871,83495
132872,91514
132873,89565
132874,89681
132875,43398
132876,82283
132877,47590
132878,78269
132879,85624
132880,114853
132881,91198
132882,103180
132883,101637
132884,91248
132885,45244
132886,114767
132887,47398
132888,86607
132889,46243
132890,108078
132891,44371
132892,44191
132893,116037
132894,91085
132895,90881
132896,43279
132897,96429
132898,44338
132899,81235
132900,100138
132901,90544
132902,44299
132903,114319
132904,103759
132905,109106
132906,100362
132907,111369
132908,99290
132909,93495
132910,78775
132911,116350
132912,96435
132913,76370
132914,47912
132915,96815
132916,97938
132917,93865
132918,95738
132919,88267
132920,102522
132921,46488
132922,77582
132923,100342
132924,98156
132925,45022
132926,93047
132927,47375
132928,101071
132929,43951
132930,113130
132931,44078
132932,43731
132933,49698
132934,110344
132935,91828
132936,49846
132937,105836
132938,75070
132939,43372
132940,82949
132941,93614
132942,96926
132943,98894
132944,104188
132945,90198
132946,114360
132947,95008
132948,104972
132949,44641
132950,118102
132951,44026
132952,122499
132953,43529
132954,115933
132955,87091
132956,81350
132957,106146
132958,108866
132959,47146
132960,109096
132961,91445
132962,106614
132963,43818
132964,100143
132965,44482
132966,43881
132967,94967
132968,45472
132969,44404
132970,43484
132971,93359
132972,94074
132973,129036
132974,98736
132975,101165
132976,47383
132977,94039
132978,82843
132979,123648
132980,89574
132981,119591
132982,43926
132983,91653
132984,105775
132985,85048
132986,113789
132987,43130
132988,90455
132989,93621
132990,45794
132991,95070
132992,112711
132993,47394
132994,101017
132995,47119
132996,44239
132997,46244
132998,43313
132999,104914
133000,90333
133001,44774
133002,92198
133003,120493
133004,41956
133005,102747
133006,46277
133007,113055
133008,99929
133009,90997
133010,92265
133011,94216
133012,46666
133013,45002
133014,77018
133015,104122
133016,122998
133017,134874
133018,117486
133019,46992
133020,46587
133021,92555
133022,43820
133023,80662
133024,124255
133025,85384
133026,46482
133027,44401
133028,101616
133029,45887
133030,92870
133031,85463
133032,99124
133033,45480
133034,85485
133035,95068
133036,102569
133037,128071
133038,118966
133039,83827
133040,43385
133041,93826
133042,44027
133043,44555
133044,44226
133045,105122
133046,96055
133047,87626
133048,79024
133049,96677
133050,45895
133051,76336
133052,98469
133053,45614
133054,85720
133055,101949
133056,91981
133057,44301
133058,123452
133059,91654
133060,84343
133061,94996
133062,101691
133063,50742
133064,110455
133065,49425
133066,47372
133067,92204
133068,96069
133069,129039
133070,93471
133071,94783
133072,44716
133073,84022
133074,133594
133075,47114
133076,91434
133077,121632
133078,102265
133079,46337
133080,94524
133081,83159
133082,84070
133083,93528
133084,83158
133085,83365
133086,47552
133087,106622
133088,80481
133089,47789
133090,88367
133091,77985
133092,99557
133093,94740
133094,82834
133095,94997
133096,84218
133097,101620
133098,89828
133099,96614
133100,96225
133101,111060
133102,107459
133103,115568
133104,89197
133105,95819
133106,44876
133107,85083
133108,44795
133109,91325
133110,49977
133111,103003
133112,51397
133113,90474
133114,44358
133115,122220
133116,88188
133117,114832
133118,46362
133119,51571
133120,45075
133121,45333
133122,92733
133123,44936
133124,113479
133125,44572
133126,42475
133127,43949
133128,49176
133129,92009
133130,46782
133131,43136
133132,105556
133133,83311
133134,84103
133135,109094
133136,103726
133137,127272
133138,48649
133139,106561
133140,42799
133141,95493
133142,89259
133143,106814
133144,91249
133145,50539
133146,101402
133147,101984
133148,76596
133149,92506
133150,88163
133151,89691
133152,85363
133153,88165
133154,104767
133155,44059
133156,121087
133157,112039
133158,112144
133159,114024
133160,84663
133161,44943
133162,95329
133163,125907
133164,97980
133165,43528
133166,105211
133167,92568
133168,95728
133169,79865
133170,46844
133171,44201
133172,87131
133173,91427
133174,47607
133175,108824
133176,100326
133177,48616
133178,54556
133179,84894
133180,87968
133181,43509
133182,101368
133183,103835
133184,123138
133185,88644
133186,111794
133187,46112
133188,114292
133189,45960
133190,45026
133191,109206
133192,97721
133193,105145
133194,97113
133195,81347
133196,106462
133197,87870
133198,46603
133199,85551
133200,97026
133201,43711
133202,45589
133203,44267
133204,78199
133205,89248
133206,101935
133207,92567
133208,86437
133209,95101
133210,103617
133211,44756
133212,45126
133213,85443
133214,94136
133215,43096
133216,48721
133217,123624
133218,107148
133219,45773
133220,46354
133221,89623
133222,121005
133223,86507
133224,43822
133225,47383
133226,135629
133227,110818
133228,112508
133229,84312
133230,98014
133231,109793
133232,83724
133233,90795
133234,43962
133235,110939
133236,94701
133237,104236
133238,93123
133239,43486
133240,45800
133241,119729
133242,45459
133243,81229
133244,114964
133245,83747
133246,44277
133247,79194
133248,106000
133249,87339
133250,43641
133251,104722
133252,46517
133253,45180
133254,94229
133255,119620
133256,117401
133257,115129
133258,81147
133259,118137
133260,43041
133261,114947
133262,45236
133263,92582
133264,90902
133265,53836
133266,98695
133267,92624
133268,44977
133269,111493
133270,116529
133271,120854
133272,94380
133273,103881
133274,45943
133275,90983
133276,87905
133277,94693
133278,43964
133279,46187
133280,43990
133281,46482
133282,76650
133283,49241
133284,89463
133285,79593
133286,43830
133287,110848
133288,43066
133289,124127
133290,86271
133291,89869
133292,101452
133293,90743
133294,43561
133295,46697
133296,82916
133297,47430
133298,100595
133299,101716
133300,103701
133301,45271
133302,96750
133303,44650
133304,113981
133305,96193
133306,94476
133307,92951
133308,46720
133309,86432
133310,94314
133311,96180
133312,44560
133313,87386
133314,118110
133315,47329
133316,43589
133317,52082
133318,102350
133319,48306
133320,108039
133321,82688
133322,43887
133323,42848
133324,102204
133325,104479
133326,99765
133327,98988
133328,96067
133329,99167
133330,126403
133331,99102
133332,89438
133333,107032
133334,105490
133335,99953
133336,46105
133337,86140
133338,42120
133339,97626
133340,98454
133341,45468
133342,90726
133343,101995
133344,81428
133345,44796
133346,95775
133347,46809
133348,122242
133349,93524
133350,107301
133351,86446
133352,45561
133353,86887
133354,86897
133355,102804
133356,105052
133357,43304
133358,87979
133359,78701
133360,90960
133361,120238
133362,42195
133363,44232
133364,98452
133365,43002
133366,108154
133367,91321
133368,106672
133369,81654
133370,44823
133371,44979
133372,94823
133373,42146
133374,48491
133375,49284
133376,108448
133377,81592
133378,94155
133379,103016
133380,45433
133381,43733
133382,88959
133383,86920
133384,90243
133385,85763
133386,94673
133387,126000
133388,101320
133389,99455
133390,44444
133391,124165
133392,44561
133393,76595
133394,94148
133395,42407
133396,46455
133397,86909
133398,93305
133399,89095
133400,85626
133401,98377
133402,54435
133403,98953
133404,106483
133405,106936
133406,97015
133407,119722
133408,89821
133409,92217
133410,82322
133411,89749
133412,98483
133413,111820
133414,90865
133415,87922
133416,80820
133417,93308
133418,43653
133419,110263
133420,105027
133421,83901
133422,87277
133423,94780
133424,45064
133425,94445
133426,100201
133427,134586
133428,95565
133429,46434
133430,44283
133431,94806
133432,117760
133433,100967
133434,99928
133435,45945
133436,105657
133437,45545
133438,78110
133439,94995
133440,91040
133441,80881
133442,81900
133443,43384
133444,78702
133445,96805
133446,98986
133447,43901
133448,86706
133449,80365
133450,97854
133451,46847
133452,113394
133453,45227
133454,121426
133455,87274
133456,53104
133457,82565
133458,99484
133459,90138
133460,94726
133461,44641
133462,45455
133463,87569
133464,45289
133465,99864
133466,92667
133467,46717
133468,92014
133469,98613
133470,80229
133471,96037
133472,125468
133473,114196
133474,80331
133475,47644
133476,99298
133477,78246
133478,106503
133479,94658
133480,80347
133481,116149
133482,42037
133483,85738
133484,47306
133485,117108
133486,47036
133487,100117
133488,84259
133489,45764
133490,44258
133491,106736
133492,43839
133493,85750
133494,44646
133495,94280
133496,84208
133497,99572
133498,43674
133499,95068
133500,43065
133501,48646
133502,88376
133503,80764
133504,111384
133505,75476
133506,45398
133507,104365
133508,77195
133509,84453
133510,96657
133511,106646
133512,46017
133513,86602
133514,46349
133515,99942
133516,75936
133517,45968
133518,42976
133519,96167
133520,101552
133521,42940
133522,55313
133523,78146
133524,97884
133525,97872
133526,93607
133527,81724
133528,78648
133529,93751
133530,81922
133531,92349
133532,90506
133533,98881
133534,94564
133535,43394
133536,48151
133537,79051
133538,103964
133539,89828
133540,47247
133541,98338
133542,46350
133543,81983
133544,82997
133545,91512
133546,97345
133547,44172
133548,112010
133549,51039
133550,111496
133551,44401
133552,76946
133553,53194
133554,44383
133555,43014
133556,42846
133557,47035
133558,43863
133559,44241
133560,99440
133561,111968
133562,103497
133563,94058
133564,43801
133565,83876
133566,96075
133567,94355
133568,87629
133569,45937
133570,101302
133571,121087
133572,44605
133573,94431
133574,85533
133575,88256
133576,42967
133577,82600
133578,88163
133579,84523
133580,99750
133581,95075
133582,94766
133583,96481
133584,45902
133585,84562
133586,97207
133587,84605
133588,91549
133589,44187
133590,44336
133591,89578
133592,99885
133593,102912
133594,88332
133595,83212
133596,78900
133597,108843
133598,43869
133599,103491
133600,114426
133601,99443
133602,44412
133603,99133
133604,80657
133605,86348
133606,95679
133607,90452
133608,92915
133609,108024
133610,101628
133611,44484
133612,117896
133613,43823
133614,103509
133615,88708
133616,83147
133617,117173
133618,126184
133619,111890
133620,45245
133621,45437
133622,44004
133623,87560
133624,97725
133625,98634
133626,44853
133627,43107
133628,99993
133629,84521
133630,76440
133631,50155
133632,93918
133633,43014
133634,43028
133635,46624
133636,101956
133637,94675
133638,44904
133639,49031
133640,99264
133641,56512
133642,43384
133643,118051
133644,88521
133645,87947
133646,115533
133647,97682
133648,44003
133649,118038
133650,91308
133651,77133
133652,78069
133653,90373
133654,91076
133655,102215
133656,44096
133657,48248
133658,86679
133659,50985
133660,114723
133661,103166
133662,103348
133663,94595
133664,100970
133665,45947
133666,45019
133667,45367
133668,77474
133669,91572
133670,103149
133671,87664
133672,109581
133673,86632
133674,86446
133675,43928
133676,94673
133677,86347
133678,44386
133679,82989
133680,83159
133681,87177
133682,45161
133683,105455
133684,94540
133685,44904
133686,45606
133687,106199
133688,45389
133689,47981
133690,94684
133691,43858
133692,78587
133693,99046
133694,43664
133695,96563
133696,94532
133697,43831
133698,44695
133699,43536
133700,87007
133701,111686
133702,46081
133703,101975
133704,97539
133705,45551
133706,44257
133707,96718
133708,103453
133709,91530
133710,101844
133711,100666
133712,48316
133713,47205
133714,89667
133715,96180
133716,122236
133717,90462
133718,85693
133719,87576
133720,88505
133721,95504
133722,47023
133723,48122
133724,101427
133725,95167
133726,46169
133727,54339
133728,90660
133729,105407
133730,96081
133731,52585
133732,94436
133733,45142
133734,91435
133735,110711
133736,89624
133737,43535
133738,45583
133739,116492
133740,92681
133741,95599
133742,49348
133743,112089
133744,47707
133745,44935
133746,104542
133747,44386
133748,99281
133749,109814
133750,100776
133751,104305
133752,107949
133753,85084
133754,80464
133755,82578
133756,73872
133757,81054
133758,45767
133759,103973
133760,85730
133761,46783
133762,44390
133763,42870
133764,94265
133765,81912
133766,88425
133767,102331
133768,40458
133769,108362
133770,106359
133771,82644
133772,90244
133773,43537
133774,112266
133775,79468
133776,45499
133777,44910
133778,98547
133779,98649
133780,98649
133781,87206
133782,77339
133783,118300
133784,45640
133785,90094
133786,47961
133787,44667
133788,133357
133789,47424
133790,92449
133791,88744
133792,42105
133793,46593
133794,44900
133795,106314
133796,101419
133797,127168
133798,45449
133799,97872
133800,82949
133801,92628
133802,90743
133803,80399
133804,44597
133805,98268
133806,93926
133807,93853
133808,118630
133809,106468
133810,106022
133811,81090
133812,93449
133813,102072
133814,98462
133815,44037
133816,93065
133817,48552
133818,47320
133819,57048
133820,87598
133821,43369
133822,43007
133823,42772
133824,43024
133825,43339
133826,48883
133827,89215
133828,103187
133829,42835
133830,85339
133831,44116
133832,46342
133833,98888
133834,85301
133835,43169
133836,45589
133837,115314
133838,80853
133839,99272
133840,45436
133841,87995
133842,46015
133843,94713
133844,46045
133845,97525
133846,95805
133847,46698
133848,42204
133849,46504
133850,42883
133851,44111
133852,77118
133853,46089
133854,75689
133855,42925
133856,109807
133857,44098
133858,45531
133859,43965
133860,43568
133861,121278
133862,100948
133863,45015
133864,99044
133865,97966
133866,86182
133867,45999
133868,90718
133869,99745
133870,51766
133871,45422
133872,102391
133873,98007
133874,91356
133875,99403
133876,95513
133877,44325
133878,43716
133879,78161
133880,44497
133881,45436
133882,85736
133883,100079
133884,77427
133885,44757
133886,120526
133887,96789
133888,97249
133889,102095
133890,49669
133891,47157
133892,51691
133893,43717
133894,93495
133895,90881
133896,87528
133897,47721
133898,46291
133899,44628
133900,44407
133901,46200
133902,104234
133903,83441
133904,93315
133905,96992
133906,44715
133907,80939
133908,76789
133909,104783
133910,43916
133911,115824
133912,96356
133913,77756
133914,115286
133915,41809
133916,106263
133917,42670
133918,91909
133919,102859
133920,54659
133921,92716
133922,50662
133923,43315
133924,81473
133925,99347
133926,99857
133927,88162
133928,88755
133929,101208
133930,97325
133931,47871
133932,109394
133933,83987
133934,86830
133935,91974
133936,95983
133937,103934
133938,81997
133939,81278
133940,103938
133941,88188
133942,94799
133943,113771
133944,41175
133945,89537
133946,43835
133947,96107
133948,78679
133949,110228
133950,116871
133951,84319
133952,105522
133953,82916
133954,55802
133955,96102
133956,101573
133957,46226
133958,99668
133959,44680
133960,100616
133961,44286
133962,97132
133963,99013
133964,100872
133965,81278
133966,90018
133967,115506
133968,43209
133969,111401
133970,103240
133971,81118
133972,124907
133973,111748
133974,99971
133975,105184
133976,104701
133977,106148
133978,98471
133979,89544
133980,99971
133981,105570
133982,116044
133983,80389
133984,105316
133985,98721
133986,44086
133987,91290
133988,93979
133989,93681
133990,99333
133991,42584
133992,43293
133993,86309
133994,101049
133995,84215
133996,88026
133997,50269
133998,94219
133999,117341
134000,81203
134001,44249
134002,84645
134003,45077
134004,94834
134005,42612
134006,97352
134007,107598
134008,91366
134009,107496
134010,104147
134011,97208
134012,106878
134013,42928
134014,95287
134015,43204
134016,124355
134017,100230
134018,129082
134019,104009
134020,46229
134021,44086
134022,99506
134023,89780
134024,130427
134025,109137
134026,104595
134027,48778
134028,123257
134029,45450
134030,42794
134031,76426
134032,96586
134033,88466
134034,99986
134035,91179
134036,41922
134037,109293
134038,81614
134039,82199
134040,87947
134041,45999
134042,48536
134043,104397
134044,89995
134045,108881
134046,89229
134047,89794
134048,94888
134049,97220
134050,117278
134051,87425
134052,45484
134053,102988
134054,93874
134055,99094
134056,99699
134057,87385
134058,86484
134059,90743
134060,47382
134061,93673
134062,80236
134063,91682
134064,95110
134065,103415
134066,44431
134067,79229
134068,118014
134069,47652
134070,91229
134071,47039
134072,78653
134073,100520
134074,45726
134075,121107
134076,43107
134077,81997
134078,49112
134079,106581
134080,87300
134081,43389
134082,44192
134083,112890
134084,94510
134085,112299
134086,118837
134087,126385
134088,106190
134089,118661
134090,44235
134091,84283
134092,116643
134093,88594
134094,44140
134095,106989
134096,89028
134097,80952
134098,96745
134099,110929
134100,45738
134101,109055
134102,90691
134103,43284
134104,114507
134105,125931
134106,90333
134107,117318
134108,87360
134109,89145
134110,95236
134111,82931
134112,93909
134113,103101
134114,50955
134115,44574
134116,43810
134117,93880
134118,44073
134119,44633
134120,107760
134121,43757
134122,42339
134123,46328
134124,101935
134125,110118
134126,84544
134127,95185
134128,95825
134129,95867
134130,99041
134131,42480
134132,96491
134133,83116
134134,88562
134135,81649
134136,101025
134137,106262
134138,44613
134139,47871
134140,88165
134141,80653
134142,42410
134143,43350
134144,81851
134145,98298
134146,46064
134147,124069
134148,46961
134149,114133
134150,46648
134151,46297
134152,43286
134153,43265
134154,94058
134155,85583
134156,94599
134157,91266
134158,78944
134159,101940
134160,82488
134161,78906
134162,112292
134163,42414
134164,42691
134165,44229
134166,48277
134167,100986
134168,118340
134169,45264
134170,93971
134171,111082
134172,116284
134173,87870
134174,108562
134175,101763
134176,79105
134177,91156
134178,90068
134179,46713
134180,81948
134181,81398
134182,88408
134183,43707
134184,91415
134185,46157
134186,107012
134187,45055
134188,103713
134189,78647
134190,45846
134191,42029
134192,83131
134193,44144
134194,88948
134195,106353
134196,100538
134197,93686
134198,88288
134199,43903
134200,43396
134201,102392
134202,84154
134203,50976
134204,84244
134205,41701
134206,86931
134207,79444
134208,109625
134209,100861
134210,103534
134211,99287
134212,86877
134213,77422
134214,108853
134215,89575
134216,53857
134217,123080
134218,45403
134219,107605
134220,44868
134221,93700
134222,46393
134223,45457
134224,102924
134225,89918
134226,44509
134227,114476
134228,52377
134229,89982
134230,89846
134231,119125
134232,43139
134233,110031
134234,86531
134235,83065
134236,89694
134237,47847
134238,106782
134239,94664
134240,99701
134241,84867
134242,47380
134243,104885
134244,103753
134245,48765
134246,43736
134247,85507
134248,96079
134249,98701
134250,78154
134251,44668
134252,89375
134253,48231
134254,99506
134255,45290
134256,45994
134257,123850
134258,96640
134259,45379
134260,81182
134261,89504
134262,99224
134263,80858
134264,77071
134265,101076
134266,107388
134267,97519
134268,111667
134269,83765
134270,119860
134271,41910
134272,48507
134273,99718
134274,42761
134275,98861
134276,54308
134277,120055
134278,45678
134279,86074
134280,102820
134281,87246
134282,82821
134283,94360
134284,79626
134285,107521
134286,81871
134287,119084
134288,43785
134289,101009
134290,91561
134291,81347
134292,43909
134293,44337
134294,47294
134295,97534
134296,90312
134297,86600
134298,45253
134299,88054
134300,45876
134301,50113
134302,44911
134303,106277
134304,86074
134305,105734
134306,45035
134307,45557
134308,47477
134309,97258
134310,124221
134311,119127
134312,46074
134313,88575
134314,47159
134315,102980
134316,84157
134317,103206
134318,91328
134319,88553
134320,47497
134321,45511
134322,86647
134323,44862
134324,47300
134325,44106
134326,97002
134327,102106
134328,129392
134329,45883
134330,83195
134331,45550
134332,47406
134333,95471
134334,130185
134335,94620
134336,97375
134337,88533
134338,96241
134339,96786
134340,116926
134341,103178
134342,86283
134343,104463
134344,105763
134345,98574
134346,45009
134347,56073
134348,94646
134349,105560
134350,42463
134351,93705
134352,108062
134353,46420
134354,45918
134355,92036
134356,46413
134357,44365
134358,44890
134359,53862
134360,93341
134361,86281
134362,95068
134363,43160
134364,50934
134365,101013
134366,44489
134367,116847
134368,44663
134369,91717
134370,43714
134371,92215
134372,46738
134373,44757
134374,94986
134375,82505
134376,92924
134377,45631
134378,108448
134379,126791
134380,89155
134381,92811
134382,43719
134383,92903
134384,115483
134385,99718
134386,50292
134387,79729
134388,43000
134389,99808
134390,95077
134391,43606
134392,45060
134393,45242
134394,51097
134395,42405
134396,97137
134397,44228
134398,84291
134399,98553
134400,108408
134401,103558
134402,90199
134403,48640
134404,46419
134405,113063
134406,76636
134407,47980
134408,91889
134409,50597
134410,113827
134411,93650
134412,78199
134413,89350
134414,45163
134415,98029
134416,116447
134417,100137
134418,108887
134419,104854
134420,80723
134421,97870
134422,123927
134423,45733
134424,45075
134425,44476
134426,95877
134427,92314
134428,88497
134429,110517
134430,85734
134431,44809
134432,43657
134433,90168
134434,93569
134435,41378
134436,105110
134437,44390
134438,87540
134439,87820
134440,44038
134441,85938
134442,45233
134443,100566
134444,89423
134445,108437
134446,47338
134447,98613
134448,46704
134449,89440
134450,97830
134451,86460
134452,74235
134453,49972
134454,102316
134455,100372
134456,83256
134457,84124
134458,47547
134459,48455
134460,107759
134461,105295
134462,113120
134463,45021
134464,107845
134465,44207
134466,89229
134467,93381
134468,111770
134469,105074
134470,104087
134471,41808
134472,46010
134473,99793
134474,90671
134475,104183
134476,44201
134477,44731
134478,90941
134479,88826
134480,81622
134481,46710
134482,109877
134483,45436
134484,43234
134485,47268
134486,95818
134487,44728
134488,119656
134489,116355
134490,108422
134491,45385
134492,43481
134493,105098
134494,99178
134495,96521
134496,46610
134497,102611
134498,84825
134499,80641
134500,46956
134501,102640
134502,81727
134503,49631
134504,110978
134505,46533
134506,44098
134507,97011
134508,101265
134509,43920
134510,113277
134511,50679
134512,43791
134513,46676
134514,44756
134515,100218
134516,46229
134517,82236
134518,85426
134519,75284
134520,47185
134521,49099
134522,85041
134523,46699
134524,118474
134525,92701
134526,81347
134527,89497
134528,43787
134529,96225
134530,42266
134531,79160
134532,99190
134533,42750
134534,42317
134535,85741
134536,84281
134537,107371
134538,94680
134539,51295
134540,100689
134541,108946
134542,117911
134543,113150
134544,93047
134545,123377
134546,116822
134547,44386
134548,98210
134549,48250
134550,108439
134551,45878
134552,45173
134553,43087
134554,45627
134555,47595
134556,99293
134557,100254
134558,88661
134559,45081
134560,114896
134561,107091
134562,99850
134563,47190
134564,94790
134565,108404
134566,43189
134567,41743
134568,89458
134569,51527
134570,94007
134571,100853
134572,124801
134573,46934
134574,105961
134575,95724
134576,42513
134577,43798
134578,48664
134579,113273
134580,102539
134581,53508
134582,92166
134583,43651
134584,84169
134585,96321
134586,111612
134587,109267
134588,50053
134589,78227
134590,45701
134591,44782
134592,90352
134593,84205
134594,45126
134595,43699
134596,106401
134597,80996
134598,43254
134599,94141
134600,45332
134601,87002
134602,88914
134603,87995
134604,43805
134605,43892
134606,43110
134607,48222
134608,42748
134609,94213
134610,97288
134611,78868
134612,45391
134613,93651
134614,41319
134615,110949
134616,80820
134617,84138
134618,80060
134619,82091
134620,111350
134621,96859
134622,126832
134623,81199
134624,83362
134625,86455
134626,130437
134627,43486
134628,90499
134629,46939
134630,80634
134631,108824
134632,99708
134633,51628
134634,80538
134635,78305
134636,98321
134637,82099
134638,106484
134639,78612
134640,89641
134641,43980
134642,114473
134643,85850
134644,45687
134645,107750
134646,87782
134647,97526
134648,82843
134649,47168
134650,95038
134651,99063
134652,46044
134653,44791
134654,120076
134655,104748
134656,87602
134657,44864
134658,99356
134659,84070
134660,46637
134661,132450
134662,45286
134663,96943
134664,88460
134665,44098
134666,96323
134667,43846
134668,80952
134669,43234
134670,94127
134671,46172
134672,83589
134673,50537
134674,93275
134675,95081
134676,94925
134677,100020
134678,102761
134679,45253
134680,77962
134681,107243
134682,90768
134683,88386
134684,44741
134685,86761
134686,46417
134687,99739
134688,52176
134689,117662
134690,94990
134691,47066
134692,43517
134693,100621
134694,118314
134695,86355
134696,43024
134697,98487
134698,88817
134699,111701
134700,96846
134701,116156
134702,47707
134703,92126
134704,101746
134705,51129
134706,123857
134707,121827
134708,43499
134709,47847
134710,98849
134711,90667
134712,109295
134713,47844
134714,117016
134715,44606
134716,54050
134717,82160
134718,43699
134719,106750
134720,47828
134721,46591
134722,77156
134723,97902
134724,93444
134725,42767
134726,116163
134727,44532
134728,89917
134729,42750
134730,44581
134731,47303
134732,102729
134733,45395
134734,43799
134735,88447
134736,94898
134737,116760
134738,45915
134739,47262
134740,46749
134741,135072
134742,115228
134743,43190
134744,46786
134745,42866
134746,46280
134747,83092
134748,89440
134749,101545
134750,110281
134751,51759
134752,87971
134753,47028
134754,98717
134755,120982
134756,121371
134757,42336
134758,88321
134759,135687
134760,102507
134761,117349
134762,83078
134763,93818
134764,44533
134765,90327
134766,91653
134767,87806
134768,110975
134769,123222
134770,53807
134771,46607
134772,75476
134773,88988
134774,43379
134775,82522
134776,96705
134777,105847
134778,106146
134779,123739
134780,42478
134781,46795
134782,107614
134783,99955
134784,114310
134785,93427
134786,112132
134787,89362
134788,80212
134789,104147
134790,113968
134791,107473
134792,45416
134793,98452
134794,92716
134795,95631
134796,46144
134797,45661
134798,90883
134799,90802
134800,45671
134801,93142
134802,91471
134803,87628
134804,46141
134805,104771
134806,47075
134807,104690
134808,44500
134809,45019
134810,44318
134811,117098
134812,44978
134813,86817
134814,43544
134815,49244
134816,123375
134817,92383
134818,121299
134819,48357
134820,97340
134821,47503
134822,43893
134823,102282
134824,83812
134825,43146
134826,45994
134827,97089
134828,101652
134829,42239
134830,117457
134831,98652
134832,92784
134833,44826
134834,126684
134835,51929
134836,74871
134837,91578
134838,92198
134839,46235
134840,47146
134841,82553
134842,99124
134843,88113
134844,84841
134845,83970
134846,80662
134847,111389
134848,94000
134849,45835
134850,44936
134851,126882
134852,86962
134853,94419
134854,45928
134855,56392
134856,51827
134857,47085
134858,91947
134859,51729
134860,132994
134861,91179
134862,48878
134863,104408
134864,79966
134865,53782
134866,98554
134867,45972
134868,100418
134869,42301
134870,111063
134871,46054
134872,136392
134873,94000
134874,90779
134875,105692
134876,54746
134877,94880
134878,84347
134879,54169
134880,47161
134881,81285
134882,86784
134883,46845
134884,105314
134885,46021
134886,46893
134887,98663
134888,47193
134889,47098
134890,44164
134891,115403
134892,95216
134893,93445
134894,96385
134895,96375
134896,51966
134897,90045
134898,103421
134899,45038
134900,44715
134901,82600
134902,50670
134903,48110
134904,50502
134905,101403
134906,47044
134907,112328
134908,107415
134909,43333
134910,118575
134911,96580
134912,43741
134913,78645
134914,80088
134915,110238
134916,43556
134917,84091
134918,52851
134919,43616
134920,84084
134921,91845
134922,47599
134923,107377
134924,43831
134925,43535
134926,45468
134927,45190
134928,97141
134929,43743
134930,79745
134931,43488
134932,114428
134933,41596
134934,88118
134935,79952
134936,120323
134937,45916
134938,101403
134939,99438
134940,107814
134941,83083
134942,46317
134943,43905
134944,42435
134945,79128
134946,44634
134947,108231
134948,117323
134949,43376
134950,95269
134951,78940
134952,103994
134953,45284
134954,47903
134955,46985
134956,95286
134957,90036
134958,99558
134959,95916
134960,121282
134961,51220
134962,100164
134963,48363
134964,46195
134965,84257
134966,46884
134967,43583
134968,85500
134969,43024
134970,107334
134971,100180
134972,124562
134973,102790
134974,86384
134975,79478
134976,100094
134977,118630
134978,47106
134979,79138
134980,103182
134981,116392
134982,45401
134983,105789
134984,99914
134985,46442
134986,127149
134987,80707
134988,82903
134989,109662
134990,49614
134991,116013
134992,86418
134993,46962
134994,93576
134995,114149
134996,87788
134997,109320
134998,101168
134999,45126
135000,46181
135001,51677
135002,44665
135003,45245
135004,42856
135005,94999
135006,99847
135007,122689
135008,48111
135009,87262
135010,44050
135011,46230
135012,44490
135013,81426
135014,106874
135015,81917
135016,128711
135017,108356
135018,98880
135019,92536
135020,45887
135021,92986
135022,85500
135023,97774
135024,80278
135025,44772
135026,96094
135027,81212
135028,45172
135029,44040
135030,43483
135031,44640
135032,119675
135033,44208
135034,85554
135035,43821
135036,93434
135037,84138
135038,90344
135039,87635
135040,85846
135041,80728
135042,88649
135043,100455
135044,83904
135045,84466
135046,46412
135047,50064
135048,89438
135049,45130
135050,91738
135051,90617
135052,85956
135053,84352
135054,45258
135055,106518
135056,102619
135057,44054
135058,104219
135059,77998
135060,49888
135061,90021
135062,45286
135063,44535
135064,104861
135065,107357
135066,100962
135067,51074
135068,45173
135069,47763
135070,94995
135071,44484
135072,82303
135073,93559
135074,43210
135075,44910
135076,87860
135077,97390
135078,107411
135079,43680
135080,44655
135081,80529
135082,111054
135083,44624
135084,92475
135085,97281
135086,106556
135087,93310
135088,95260
135089,89416
135090,101873
135091,48376
135092,47350
135093,91364
135094,45084
135095,98175
135096,110719
135097,105034
135098,109943
135099,49917
135100,96380
135101,86714
135102,105064
135103,82220
135104,112057
135105,106240
135106,42764
135107,49089
135108,81465
135109,118886
135110,44879
135111,44803
135112,46114
135113,94950
135114,114803
135115,89812
135116,91179
135117,47142
135118,80236
135119,44134
135120,84841
135121,98102
135122,94806
135123,90805
135124,83014
135125,43769
135126,111183
135127,94576
135128,89390
135129,45296
135130,99869
135131,91977
135132,85582
135133,116267
135134,94622
135135,118193
135136,103712
135137,110477
135138,94806
135139,117113
135140,101494
135141,88165
135142,120249
135143,46579
135144,44820
135145,46105
135146,114601
135147,78161
135148,47085
135149,100201
135150,44410
135151,110332
135152,107282
135153,118450
135154,112566
135155,46498
135156,98163
135157,102352
135158,124349
135159,45628
135160,49277
135161,90769
135162,46191
135163,106141
135164,97773
135165,94987
135166,96132
135167,44772
135168,105297
135169,46133
135170,45731
135171,48954
135172,46941
135173,94289
135174,82600
135175,103124
135176,50972
135177,130096
135178,111683
135179,45501
135180,47683
135181,93965
135182,44907
135183,78269
135184,85621
135185,46026
135186,90306
135187,100423
135188,103565
135189,103839
135190,43130
135191,108507
135192,105184
135193,97445
135194,45080
135195,123893
135196,100795
135197,99928
135198,100611
135199,83745
135200,46372
135201,121259
135202,52974
135203,43152
135204,99750
135205,83147
135206,101205
135207,46211
135208,111862
135209,99382
135210,115449
135211,110595
135212,108293
135213,100038
135214,99224
135215,52138
135216,50373
135217,47085
135218,96931
135219,46938
135220,91729
135221,44640
135222,44303
135223,93881
135224,43537
135225,55163
135226,127715
135227,43798
135228,45738
135229,43509
135230,47399
135231,95138
135232,102136
135233,47695
135234,51175
135235,42915
135236,43409
135237,114276
135238,119739
135239,106134
135240,101226
135241,43115
135242,47449
135243,91824
135244,98227
135245,47243
135246,43190
135247,119998
135248,125905
135249,45729
135250,104983
135251,108238
135252,93566
135253,91432
135254,92962
135255,97299
135256,91463
135257,45733
135258,93149
135259,90212
135260,102511
135261,86189
135262,78609
135263,45902
135264,91097
135265,49187
135266,95385
135267,113503
135268,81503
135269,119181
135270,120813
135271,103733
135272,92905
135273,46756
135274,89545
135275,104171
135276,43399
135277,127346
135278,91259
135279,52179
135280,98758
135281,88783
135282,77899
135283,102864
135284,113278
135285,88908
135286,124268
135287,98520
135288,43324
135289,115930
135290,99632
135291,106971
135292,41962
135293,104844
135294,48116
135295,99077
135296,89461
135297,106347
135298,119942
135299,43389
135300,80606
135301,105596
135302,46679
135303,107249
135304,110941
135305,83195
135306,92066
135307,46420
135308,108647
135309,102270
135310,82668
135311,127335
135312,85860
135313,42794
135314,93143
135315,47605
135316,87753
135317,99228
135318,44031
135319,81520
135320,44905
135321,42764
135322,92589
135323,44602
135324,80209
135325,49241
135326,101025
135327,47683
135328,46454
135329,44767
135330,89375
135331,98051
135332,43232
135333,98636
135334,80820
135335,83892
135336,43580
135337,95895
135338,47407
135339,44772
135340,43698
135341,112762
135342,90881
135343,52771
135344,44460
135345,84675
135346,97500
135347,92049
135348,88067
135349,92205
135350,117492
135351,44077
135352,43734
135353,46703
135354,46677
135355,107124
135356,45067
135357,83247
135358,91195
135359,107583
135360,102050
135361,43552
135362,95348
135363,91828
135364,91799
135365,86992
135366,113590
135367,101940
135368,84457
135369,42694
135370,86830
135371,96129
135372,102978
135373,104498
135374,42766
135375,90248
135376,92659
135377,107956
135378,110927
135379,97279
135380,82645
135381,91798
135382,45382
135383,99207
135384,44077
135385,47368
135386,95530
135387,103248
135388,46043
135389,101368
135390,48012
135391,45296
135392,44155
135393,113150
135394,106909
135395,106723
135396,42959
135397,44617
135398,98770
135399,135119
135400,45648
135401,81655
135402,45463
135403,98834
135404,95490
135405,95122
135406,46088
135407,91456
135408,104530
135409,48132
135410,87251
135411,46706
135412,48262
135413,83549
135414,83256
135415,121043
135416,94029
135417,89230
135418,102018
135419,108955
135420,109685
135421,42845
135422,100939
135423,105915
135424,99802
135425,111666
135426,105382
135427,48378
135428,116968
135429,92217
135430,93071
135431,89981
135432,46173
135433,81110
135434,42441
135435,95115
135436,47524
135437,87238
135438,131204
135439,115072
135440,42244
135441,92413
135442,52793
135443,101623
135444,88624
135445,97874
135446,93304
135447,118948
135448,96166
135449,113084
135450,98841
135451,86007
135452,44400
135453,96959
135454,105556
135455,45871
135456,121425
135457,84402
135458,44677
135459,102392
135460,104862
135461,102713
135462,76526
135463,83582
135464,88154
135465,44425
135466,45834
135467,100343
135468,90981
135469,46393
135470,76239
135471,87882
135472,51829
135473,94929
135474,83702
135475,46518
135476,102578
135477,101651
135478,87602
135479,84154
135480,44946
135481,44400
135482,116738
135483,44787
135484,46459
135485,45401
135486,96824
135487,84732
135488,85418
135489,98007
135490,46129
135491,90900
135492,98149
135493,104679
135494,112592
135495,46785
135496,114769
135497,102727
135498,104696
135499,98454
135500,97380
135501,52184
135502,92402
135503,121871
135504,55722
135505,101025
135506,41689
135507,102519
135508,40480
135509,45590
135510,95597
135511,42799
135512,103856
135513,99047
135514,106148
135515,129748
135516,107072
135517,45675
135518,90362
135519,44864
135520,47763
135521,43576
135522,84787
135523,43840
135524,95274
135525,45290
135526,44593
135527,83912
135528,44626
135529,119254
135530,44299
135531,79198
135532,98643
135533,44271
135534,104742
135535,121863
135536,44560
135537,92906
135538,88288
135539,91166
135540,94457
135541,91690
135542,80956
135543,47791
135544,84696
135545,92970
135546,106284
135547,84766
135548,101335
135549,99871
135550,98583
135551,106383
135552,93299
135553,95272
135554,44590
135555,83549
135556,93639
135557,92010
135558,78881
135559,88509
135560,43293
135561,91103
135562,84465
135563,101917
135564,96365
135565,44174
135566,83195
135567,111403
135568,51034
135569,103489
135570,45087
135571,44809
135572,132071
135573,115648
135574,45902
135575,47548
135576,97106
135577,85916
135578,114798
135579,79131
135580,110949
135581,97820
135582,50349
135583,131745
135584,105896
135585,94014
135586,44721
135587,114927
135588,88497
135589,98945
135590,87229
135591,50649
135592,107913
135593,48550
135594,79946
135595,105590
135596,43021
135597,97271
135598,45770
135599,100943
135600,113382
135601,84225
135602,97870
135603,46047
135604,47552
135605,92600
135606,99300
135607,96101
135608,94162
135609,76649
135610,103893
135611,46909
135612,86794
135613,98761
135614,111529
135615,90920
135616,120432
135617,44535
135618,82500
135619,116430
135620,108161
135621,94183
135622,104812
135623,77505
135624,115564
135625,92657
135626,112456
135627,95230
135628,79787
135629,91913
135630,91933
135631,91031
135632,44386
135633,98452
135634,117775
135635,46311
135636,42694
135637,81642
135638,94625
135639,100486
135640,87145
135641,44084
135642,45775
135643,43104
135644,99478
135645,51025
135646,42856
135647,92937
135648,96598
135649,53409
135650,104882
135651,43152
135652,42795
135653,96524
135654,103512
135655,45380
135656,98123
135657,44670
135658,111447
135659,92464
135660,82592
135661,83658
135662,109932
135663,89054
135664,98367
135665,99111
135666,51461
135667,46063
135668,47404
135669,91748
135670,99244
135671,102648
135672,46133
135673,114412
135674,100653
135675,112853
135676,114807
135677,79237
135678,92403
135679,46082
135680,100032
135681,43305
135682,45161
135683,88511
135684,121457
135685,99096
135686,42166
135687,45548
135688,49447
135689,55264
135690,89403
135691,104473
135692,80400
135693,91571
135694,110108
135695,96940
135696,83676
135697,79146
135698,124462
135699,89070
135700,43857
135701,44676
135702,44173
135703,44544
135704,98202
135705,105638
135706,81156
135707,94845
135708,89880
135709,45057
135710,89057
135711,50767
135712,110077
135713,94462
135714,42969
135715,87180
135716,107945
135717,80057
135718,44256
135719,95803
135720,82485
135721,91659
135722,100634
135723,46361
135724,76370
135725,98574
135726,124183
135727,96186
135728,47893
135729,46000
135730,88535
135731,44099
135732,99351
135733,111652
135734,91653
135735,96846
135736,87460
135737,44345
135738,86132
135739,110637
135740,84218
135741,91009
135742,99928
135743,102481
135744,46906
135745,95122
135746,111458
135747,97680
135748,84140
135749,86418
135750,93240
135751,79847
135752,100689
135753,43220
135754,52323
135755,112076
135756,47251
135757,89104
135758,97231
135759,91929
135760,114558
135761,78628
135762,99516
135763,86278
135764,79160
135765,42549
135766,49167
135767,100045
135768,107016
135769,103205
135770,98839
135771,80813
135772,90174
135773,83153
135774,94660
135775,91234
135776,50630
135777,87652
135778,97292
135779,97338
135780,49227
135781,102751
135782,43395
135783,121751
135784,47095
135785,88236
135786,88493
135787,87419
135788,43478
135789,99060
135790,103002
135791,109484
135792,103213
135793,47537
135794,126898
135795,103698
135796,46331
135797,104783
135798,102652
135799,100123
135800,112459
135801,109011
135802,102446
135803,45957
135804,100452
135805,45594
135806,45240
135807,107425
135808,97973
135809,80479
135810,45100
135811,91109
135812,44704
135813,45631
135814,89407
135815,92344
135816,109325
135817,95710
135818,93276
135819,99734
135820,46592
135821,43799
135822,43160
135823,88165
135824,47455
135825,47287
135826,44881
135827,46025
135828,44311
135829,44285
135830,114153
135831,86997
135832,45241
135833,101961
135834,44540
135835,45809
135836,46841
135837,98360
135838,95772
135839,45168
135840,44755
135841,85136
135842,82439
135843,89069
135844,91420
135845,88886
135846,45267
135847,42673
135848,126313
135849,44427
135850,115720
135851,46124
135852,48138
135853,46776
135854,87955
135855,48758
135856,115559
135857,93057
135858,45180
135859,95083
135860,47638
135861,91553
135862,96869
135863,101551
135864,45406
135865,45024
135866,100680
135867,100971
135868,97601
135869,104411
135870,96405
135871,89487
135872,89767
135873,91744
135874,91356
135875,86051
135876,94190
135877,77353
135878,51487
135879,86282
135880,106954
135881,112149
135882,86897
135883,47383
135884,100088
135885,45320
135886,109650
135887,91584
135888,96634
135889,84401
135890,106984
135891,87175
135892,92079
135893,105291
135894,96113
135895,45137
135896,117215
135897,99256
135898,100092
135899,44829
135900,89403
135901,99401
135902,99201
135903,111905
135904,44868
135905,88256
135906,87108
135907,83065
135908,80086
135909,46807
135910,42989
135911,50015
135912,43810
135913,42837
135914,106218
135915,87229
135916,106483
135917,107106
135918,44071
135919,44118
135920,109297
135921,78792
135922,94387
135923,55568
135924,97941
135925,47639
135926,108768
135927,102224
135928,42104
135929,116204
135930,94209
135931,45379
135932,94142
135933,117228
135934,120674
135935,42629
135936,44386
135937,92107
135938,42983
135939,112732
135940,102216
135941,49915
135942,87870
135943,121631
135944,106019
135945,44418
135946,124630
135947,80983
135948,115886
135949,98436
135950,78648
135951,103486
135952,104274
135953,104253
135954,84080
135955,115605
135956,88528
135957,46256
135958,84249
135959,44545
135960,47063
135961,43898
135962,76865
135963,96681
135964,46013
135965,44271
135966,46147
135967,47002
135968,47063
135969,47483
135970,94468
135971,85128
135972,52343
135973,86597
135974,90674
135975,98342
135976,43392
135977,95368
135978,106417
135979,103521
135980,114562
135981,114952
135982,47226
135983,45100
135984,108360
135985,86531
135986,94984
135987,44836
135988,107990
135989,76835
135990,103541
135991,44613
135992,96587
135993,102902
135994,47736
135995,45236
135996,42817
135997,55918
135998,100017
135999,92293
136000,85042
136001,93791
136002,90941
136003,104211
136004,101964
136005,44024
136006,103084
136007,47161
136008,47987
136009,93847
136010,48608
136011,103280
136012,44647
136013,48245
136014,42323
136015,80102
136016,47329
136017,43915
136018,97091
136019,91705
136020,138529
136021,102148
136022,74512
136023,44280
136024,46987
136025,100516
136026,91162
136027,92490
136028,103017
136029,48814
136030,84696
136031,94268
136032,88492
136033,99762
136034,47512
136035,44596
136036,47927
136037,45923
136038,44728
136039,94012
136040,77703
136041,125487
136042,101860
136043,108917
136044,45185
136045,45272
136046,45726
136047,43174
136048,94434
136049,102120
136050,46617
136051,94204
136052,95492
136053,45999
136054,46934
136055,91072
136056,41452
136057,91383
136058,103192
136059,84586
136060,53174
136061,81575
136062,121514
136063,45410
136064,45999
136065,109325
136066,43184
136067,45033
136068,51824
136069,100037
136070,87768
136071,47261
136072,45750
136073,43660
136074,46090
136075,80538
136076,98767
136077,93974
136078,47657
136079,86910
136080,73918
136081,92399
136082,95104
136083,94216
136084,104567
136085,44246
136086,102943
136087,50216
136088,48203
136089,110410
136090,101661
136091,42582
136092,82018
136093,100172
136094,108815
136095,85493
136096,94429
136097,92744
136098,93375
136099,100754
136100,117776
136101,99730
136102,44333
136103,87243
136104,83195
136105,94766
136106,91774
136107,86915
136108,92997
136109,44395
136110,105474
136111,118862
136112,92420
136113,121082
136114,44335
136115,107561
136116,79556
136117,82956
136118,44427
136119,90032
136120,99642
136121,43755
136122,89913
136123,98194
136124,91629
136125,113785
136126,118723
136127,43085
136128,121127
136129,85640
136130,93291
136131,96588
136132,104895
136133,102179
136134,45352
136135,83912
136136,114540
136137,99275
136138,102685
136139,44497
136140,81064
136141,43381
136142,102011
136143,84567
136144,83735
136145,45269
136146,97505
136147,80857
136148,44446
136149,141163
136150,121444
136151,44330
136152,92537
136153,48820
136154,98905
136155,50629
136156,94935
136157,44767
136158,125682
136159,44752
136160,96494
136161,85594
136162,42332
136163,43096
136164,109487
136165,43447
136166,102276
136167,99885
136168,102308
136169,95956
136170,43260
136171,88850
136172,50361
136173,95738
136174,94247
136175,43193
136176,115127
136177,96154
136178,101962
136179,100075
136180,102492
136181,45703
136182,41890
136183,46062
136184,96470
136185,53035
136186,106389
136187,76058
136188,100204
136189,92014
136190,45846
136191,89159
136192,99856
136193,123793
136194,100304
136195,105621
136196,41960
136197,118578
136198,80349
136199,45024
136200,119472
136201,105153
136202,95825
136203,123178
136204,39628
136205,90368
136206,86644
136207,109515
136208,84374
136209,42326
136210,45687
136211,43389
136212,42680
136213,44767
136214,45323
136215,84001
136216,43926
136217,103363
136218,110818
136219,114091
136220,43370
136221,44647
136222,43564
136223,80290
136224,92149
136225,81802
136226,118894
136227,83549
136228,87610
136229,93476
136230,93348
136231,86965
136232,110197
136233,93443
136234,47475
136235,44201
136236,94838
136237,44982
136238,42822
136239,44444
136240,43699
136241,86593
136242,94690
136243,45183
136244,97497
136245,44379
136246,44025
136247,45619
136248,112979
136249,108468
136250,46161
136251,112355
136252,133847
136253,91110
136254,83131
136255,93136
136256,42844
136257,94403
136258,44290
136259,119992
136260,51896
136261,43392
136262,101467
136263,90343
136264,95089
136265,118498
136266,47973
136267,96459
136268,88261
136269,84249
136270,44184
136271,114310
136272,127042
136273,45998
136274,82432
136275,106036
136276,104303
136277,81819
136278,108003
136279,99811
136280,94164
136281,116032
136282,112471
136283,86808
136284,45441
136285,52176
136286,96657
136287,104499
136288,115836
136289,47425
136290,45904
136291,92102
136292,111708
136293,110271
136294,88162
136295,109009
136296,95799
136297,43398
136298,98649
136299,47959
136300,92497
136301,97169
136302,77422
136303,86261
136304,125712
136305,106148
136306,50365
136307,99671
136308,50591
136309,84666
136310,109135
136311,112374
136312,113731
136313,52406
136314,95073
136315,109032
136316,54920
136317,94003
136318,78609
136319,102558
136320,43275
136321,50167
136322,87381
136323,100840
136324,96995
136325,106235
136326,118392
136327,115001
136328,112785
136329,98408
136330,96598
136331,46955
136332,95837
136333,90502
136334,43389
136335,78609
136336,104235
136337,44301
136338,104337
136339,83680
136340,45866
136341,96066
136342,43881
136343,44345
136344,108049
136345,93607
136346,45853
136347,113039
136348,103892
136349,44434
136350,108831
136351,90813
136352,104592
136353,86257
136354,89395
136355,90417
136356,44792
136357,44410
136358,42266
136359,47769
136360,44905
136361,122289
136362,48618
136363,43528
136364,97138
136365,115048
136366,52470
136367,99363
136368,103218
136369,40556
136370,106341
136371,101823
136372,42456
136373,45657
136374,98033
136375,51892
136376,106141
136377,41942
136378,116685
136379,46896
136380,55054
136381,45047
136382,103974
136383,106462
136384,99277
136385,100588
136386,86406
136387,130613
136388,78559
136389,106659
136390,85837
136391,97056
136392,100634
136393,85923
136394,77611
136395,103477
136396,101252
136397,44890
136398,99165
136399,106872
136400,86525
136401,125059
136402,44866
136403,109938
136404,115484
136405,92094
136406,100238
136407,77619
136408,102329
136409,104585
136410,80082
136411,44588
136412,44938
136413,43711
136414,43485
136415,95991
136416,88589
136417,103050
136418,43474
136419,94000
136420,103651
136421,45497
136422,43792
136423,45963
136424,47847
136425,44180
136426,45252
136427,95271
136428,80657
136429,42957
136430,48138
136431,93994
136432,43731
136433,40666
136434,43553
136435,109568
136436,43014
136437,84157
136438,107091
136439,91776
136440,47169
136441,94806
136442,98935
136443,87621
136444,44174
136445,45277
136446,116196
136447,106233
136448,91618
136449,84083
136450,44296
136451,103106
136452,92293
136453,93066
136454,43152
136455,130478
136456,48430
136457,77901
136458,118359
136459,93855
136460,102081
136461,91858
136462,112456
136463,78928
136464,40622
136465,95988
136466,96193
136467,115861
136468,46439
136469,85788
136470,53747
136471,104017
136472,88917
136473,117827
136474,97335
136475,94335
136476,104331
136477,102646
136478,48635
136479,99959
136480,44605
136481,43317
136482,89923
136483,86791
136484,122326
136485,103828
136486,91844
136487,99497
136488,106631
136489,82936
136490,103382
136491,52331
136492,45065
136493,42852
136494,85897
136495,44162
136496,126477
136497,46591
136498,77985
136499,97294
136500,92512
136501,88630
136502,83740
136503,105735
136504,45173
136505,97096
136506,112853
136507,44502
136508,45840
136509,100925
136510,46860
136511,43406
136512,90364
136513,45161
136514,103883
136515,87863
136516,113979
136517,85741
136518,88242
136519,45655
136520,98487
136521,103442
136522,105452
136523,41717
136524,88394
136525,45658
136526,106071
136527,94503
136528,89194
136529,95311
136530,95027
136531,43114
136532,104046
136533,45204
136534,87039
136535,46082
136536,123006
136537,99550
136538,126000
136539,132509
136540,79948
136541,97818
136542,101847
136543,105553
136544,95966
136545,98121
136546,52650
136547,115482
136548,105250
136549,84140
136550,83970
136551,95729
136552,94865
136553,45502
136554,45950
136555,50913
136556,99327
136557,97932
136558,43600
136559,110675
136560,46829
136561,103634
136562,81915
136563,45769
136564,85188
136565,100309
136566,44380
136567,107028
136568,97682
136569,95931
136570,45337
136571,101139
136572,47429
136573,89801
136574,46614
136575,107247
136576,97274
136577,78739
136578,121987
136579,84105
136580,83239
136581,97293
136582,45791
136583,90667
136584,46940
136585,82957
136586,124188
136587,105041
136588,83827
136589,47277
136590,45167
136591,96801
136592,120323
136593,95291
136594,118704
136595,97749
136596,46385
136597,83549
136598,90502
136599,85850
136600,109078
136601,45470
136602,51897
136603,106455
136604,89994
136605,90440
136606,92374
136607,45241
136608,43050
136609,95680
136610,44763
136611,99151
136612,89572
136613,122535
136614,97693
136615,45248
136616,89411
136617,50782
136618,91527
136619,111393
136620,96983
136621,46215
136622,95404
136623,52978
136624,92941
136625,43625
136626,45165
136627,99295
136628,118304
136629,80812
136630,101840
136631,44479
136632,99218
136633,114504
136634,97964
136635,42105
136636,100487
136637,93634
136638,47104
136639,111439
136640,102365
136641,46166
136642,107775
136643,103294
136644,47126
136645,92513
136646,44338
136647,45337
136648,106538
136649,43458
136650,105884
136651,47455
136652,115253
136653,53542
136654,115567
136655,49071
136656,81149
136657,91643
136658,101353
136659,45809
136660,93605
136661,49165
136662,102550
136663,97900
136664,86347
136665,117705
136666,46008
136667,91375
136668,96196
136669,83507
136670,85621
136671,82956
136672,89759
136673,82682
136674,43707
136675,80152
136676,42760
136677,82485
136678,45792
136679,45260
136680,105752
136681,97932
136682,102028
136683,45613
136684,100368
136685,93185
136686,102445
136687,124478
136688,47759
136689,83685
136690,46965
136691,45667
136692,97937
136693,93375
136694,116865
136695,96919
136696,45587
136697,83389
136698,47715
136699,89489
136700,94713
136701,78739
136702,83684
136703,94072
136704,79131
136705,44796
136706,105326
136707,89470
136708,43583
136709,85293
136710,116695
136711,102649
136712,84482
136713,85348
136714,93043
136715,91080
136716,94596
136717,45854
136718,101632
136719,42920
136720,46377
136721,117753
136722,89213
136723,100289
136724,46388
136725,80567
136726,91169
136727,117066
136728,98674
136729,91851
136730,48121
136731,46756
136732,102341
136733,101263
136734,46591
136735,111665
136736,91780
136737,47738
136738,96625
136739,47828
136740,99930
136741,98705
136742,49328
136743,77827
136744,80116
136745,113923
136746,42549
136747,98641
136748,43918
136749,88428
136750,87338
136751,41323
136752,111730
136753,43812
136754,114774
136755,46184
136756,44679
136757,79871
136758,97970
136759,118769
136760,42528
136761,46092
136762,91744
136763,113715
136764,104716
136765,107111
136766,119208
136767,112164
136768,86913
136769,91748
136770,79074
136771,50964
136772,49471
136773,84145
136774,103209
136775,112700
136776,102651
136777,103421
136778,44560
136779,83577
136780,45234
136781,99549
136782,113553
136783,89605
136784,42801
136785,110022
136786,80347
136787,93680
136788,44690
136789,53767
136790,46141
136791,86909
136792,45289
136793,83582
136794,114261
136795,112738
136796,47663
136797,96721
136798,46063
136799,98472
136800,44577
136801,44474
136802,102633
136803,108130
136804,98610
136805,42581
136806,43836
136807,111799
136808,95786
136809,95868
136810,82446
136811,99442
136812,120281
136813,42584
136814,89390
136815,44670
136816,106772
136817,84107
136818,109828
136819,44492
136820,89082
136821,113581
136822,42930
136823,109822
136824,44284
136825,95271
136826,83017
136827,79173
136828,101728
136829,100203
136830,45713
136831,103796
136832,80097
136833,43551
136834,87579
136835,94561
136836,86416
136837,91477
136838,45390
136839,90399
136840,45582
136841,128578
136842,103216
136843,81850
136844,43281
136845,105330
136846,91401
136847,101763
136848,92962
136849,124604
136850,87535
136851,112241
136852,85468
136853,43014
136854,43801
136855,83788
136856,90663
136857,108165
136858,42498
136859,47912
136860,44172
136861,86152
136862,45705
136863,44369
136864,43700
136865,119953
136866,119633
136867,101102
136868,96477
136869,122265
136870,43378
136871,48198
136872,85468
136873,82600
136874,98947
136875,118508
136876,43330
136877,44438
136878,44625
136879,88488
136880,92502
136881,43893
136882,90187
136883,102742
136884,85233
136885,45029
136886,45279
136887,43841
136888,78704
136889,97983
136890,87236
136891,44038
136892,106630
136893,87019
136894,44060
136895,89375
136896,47341
136897,112074
136898,104754
136899,109009
136900,90979
136901,44907
136902,113583
136903,94524
136904,91574
136905,43342
136906,104570
136907,102642
136908,44266
136909,85448
136910,43971
136911,96749
136912,44338
136913,43471
136914,46028
136915,94577
136916,89297
136917,96622
136918,56471
136919,44634
136920,104528
136921,42946
136922,43284
136923,45801
136924,43790
136925,44300
136926,78351
136927,94478
136928,103529
136929,43885
136930,102221
136931,109507
136932,85888
136933,42799
136934,42584
136935,56852
136936,96046
136937,99376
136938,104899
136939,43648
136940,84736
136941,93180
136942,46442
136943,78185
136944,92501
136945,113525
136946,89022
136947,119317
136948,118668
136949,122789
136950,41097
136951,54701
136952,45233
136953,94987
136954,96122
136955,45124
136956,43190
136957,81278
136958,77861
136959,104854
136960,43097
136961,44617
136962,48832
136963,88287
136964,105708
136965,84549
136966,90715
136967,96544
136968,98055
136969,88005
136970,43226
136971,99552
136972,82218
136973,77859
136974,43663
136975,102439
136976,43110
136977,82739
136978,124372
136979,108867
136980,116496
136981,82091
136982,44776
136983,96549
136984,84154
136985,80166
136986,48481
136987,86892
136988,114567
136989,94072
136990,84532
136991,41078
136992,100677
136993,83576
136994,104796
136995,90659
136996,102296
136997,80853
136998,104967
136999,47819
137000,106913
137001,95582
137002,47134
137003,127595
137004,44139
137005,98414
137006,43656
137007,104351
137008,121354
137009,99008
137010,103999
137011,80653
137012,106093
137013,90303
137014,48308
137015,90781
137016,44825
137017,43672
137018,82682
137019,44760
137020,107845
137021,44777
137022,91461
137023,43275
137024,105314
137025,104917
137026,94573
137027,43130
137028,44328
137029,84154
137030,92201
137031,94182
137032,92424
137033,100542
137034,44761
137035,84929
137036,103183
137037,104371
137038,99132
137039,121905
137040,108911
137041,92959
137042,46670
137043,44300
137044,93968
137045,93747
137046,111814
137047,92420
137048,46754
137049,46271
137050,96476
137051,99016
137052,81681
137053,76292
137054,105414
137055,55184
137056,98606
137057,77619
137058,44942
137059,48217
137060,43820
137061,97644
137062,79286
137063,94856
137064,44163
137065,46012
137066,83203
137067,103488
137068,44591
137069,94080
137070,45763
137071,45526
137072,83961
137073,45033
137074,106275
137075,82203
137076,98789
137077,96375
137078,87749
137079,104711
137080,89880
137081,98229
137082,96373
137083,112723
137084,105672
137085,84924
137086,115783
137087,102968
137088,93495
137089,102049
137090,106561
137091,88818
137092,105542
137093,119141
137094,81579
137095,91377
137096,108083
137097,44763
137098,84018
137099,104365
137100,105171
137101,96545
137102,44380
137103,94178
137104,84430
137105,43210
137106,105469
137107,84327
137108,44620
137109,44977
137110,44666
137111,92150
137112,44428
137113,46353
137114,43210
137115,52466
137116,124678
137117,99597
137118,98082
137119,85452
137120,45170
137121,45546
137122,101872
137123,116750
137124,107335
137125,109750
137126,87583
137127,126680
137128,98971
137129,90617
137130,46811
137131,44775
137132,117609
137133,96300
137134,44038
137135,119079
137136,83912
137137,82956
137138,86005
137139,112608
137140,82041
137141,43183
137142,86156
137143,89839
137144,47796
137145,49031
137146,46013
137147,79668
137148,116447
137149,102347
137150,111254
137151,106929
137152,103990
137153,106819
137154,90674
137155,86956
137156,111456
137157,88841
137158,43635
137159,128291
137160,91297
137161,43574
137162,87360
137163,94673
137164,97901
137165,122745
137166,92151
137167,46693
137168,109219
137169,92568
137170,97236
137171,44615
137172,92959
137173,96171
137174,109492
137175,48829
137176,86060
137177,54647
137178,116580
137179,98466
137180,106343
137181,121186
137182,86875
137183,43246
137184,104024
137185,45560
137186,110365
137187,84944
137188,78389
137189,47044
137190,83886
137191,94793
137192,106443
137193,83438
137194,45288
137195,109057
137196,100871
137197,43252
137198,99165
137199,52043
137200,43537
137201,46221
137202,44161
137203,94111
137204,112882
137205,99451
137206,45726
137207,45986
137208,108874
137209,46794
137210,42984
137211,98307
137212,47568
137213,101695
137214,75298
137215,92181
137216,104551
137217,80784
137218,45889
137219,77818
137220,43946
137221,111166
137222,86274
137223,44413
137224,46749
137225,44629
137226,102939
137227,47935
137228,93881
137229,43697
137230,106369
137231,97801
137232,98566
137233,89527
137234,46152
137235,102841
137236,50693
137237,81655
137238,47013
137239,101540
137240,115524
137241,46754
137242,103460
137243,84521
137244,105797
137245,44633
137246,88805
137247,87621
137248,43805
137249,88595
137250,47427
137251,98915
137252,87598
137253,106034
137254,83233
137255,99118
137256,43944
137257,98760
137258,43862
137259,103645
137260,44905
137261,45322
137262,45057
137263,89257
137264,112443
137265,92290
137266,96535
137267,81584
137268,44368
137269,94626
137270,119132
137271,103170
137272,84065
137273,46361
137274,112908
137275,52016
137276,119932
137277,45172
137278,114000
137279,86702
137280,107370
137281,42155
137282,46604
137283,101696
137284,77826
137285,119893
137286,101713
137287,44392
137288,44903
137289,84800
137290,85445
137291,102756
137292,89057
137293,40951
137294,46301
137295,108851
137296,79608
137297,121747
137298,107415
137299,104155
137300,44086
137301,87767
137302,45391
137303,84218
137304,47022
137305,47528
137306,104410
137307,44333
137308,77827
137309,44703
137310,54069
137311,112369
137312,46330
137313,45319
137314,100383
137315,43902
137316,83589
137317,96405
137318,42336
137319,44787
137320,97385
137321,90462
137322,87659
137323,86418
137324,94511
137325,92998
137326,45459
137327,99376
137328,100501
137329,93638
137330,114321
137331,42585
137332,98799
137333,88019
137334,106151
137335,101263
137336,91111
137337,47075
137338,94105
137339,119920
137340,88514
137341,90843
137342,112074
137343,97765
137344,103054
137345,93652
137346,109260
137347,103863
137348,44310
137349,50154
137350,57133
137351,44349
137352,101874
137353,93381
137354,124949
137355,108911
137356,50048
137357,95449
137358,44026
137359,110408
137360,89627
137361,78775
137362,88928
137363,86534
137364,44005
137365,94827
137366,98212
137367,46869
137368,82002
137369,93441
137370,116377
137371,82048
137372,120732
137373,107173
137374,98492
137375,91304
137376,98811
137377,45319
137378,101248
137379,45112
137380,110419
137381,95943
137382,80251
137383,44657
137384,97768
137385,91145
137386,96763
137387,128901
137388,79467
137389,110127
137390,108805
137391,85310
137392,88627
137393,44300
137394,49351
137395,119915
137396,83562
137397,121355
137398,50953
137399,97482
137400,106843
137401,45835
137402,118548
137403,102327
137404,78820
137405,80810
137406,99218
137407,95679
137408,91591
137409,82312
137410,119125
137411,43576
137412,101606
137413,85801
137414,123286
137415,45852
137416,45859
137417,46045
137418,101025
137419,94022
137420,85329
137421,102125
137422,93031
137423,104834
137424,49251
137425,77818
137426,119733
137427,85355
137428,110455
137429,102693
137430,85696
137431,44144
137432,98741
137433,46036
137434,123872
137435,44998
137436,51426
137437,102651
137438,44526
137439,90105
137440,46144
137441,44265
137442,86534
137443,104246
137444,90266
137445,97704
137446,47164
137447,88861
137448,46745
137449,46704
137450,81069
137451,99232
137452,103817
137453,117100
137454,81631
137455,44207
137456,112387
137457,88267
137458,83777
137459,99420
137460,95199
137461,101887
137462,116209
137463,103353
137464,105517
137465,44677
137466,44485
137467,44120
137468,45865
137469,47958
137470,45803
137471,88514
137472,101202
137473,43731
137474,42584
137475,94141
137476,112326
137477,43917
137478,49990
137479,51023
137480,97119
137481,95907
137482,78293
137483,100518
137484,88509
137485,44039
137486,120082
137487,104733
137488,50384
137489,107974
137490,41294
137491,77861
137492,45965
137493,46288
137494,86638
137495,81458
137496,101664
137497,85233
137498,94806
137499,97207
137500,52602
137501,96572
137502,81218
137503,94845
137504,44482
137505,83995
137506,46046
137507,44837
137508,47000
137509,43122
137510,98716
137511,46120
137512,101936
137513,94310
137514,43362
137515,104511
137516,96169
137517,41556
137518,110126
137519,54731
137520,121586
137521,110026
137522,89376
137523,94759
137524,45307
137525,97930
137526,43071
137527,47569
137528,79820
137529,46151
137530,94842
137531,48084
137532,83589
137533,96524
137534,44590
137535,99808
137536,90950
137537,78069
137538,96944
137539,86748
137540,95915
137541,98549
137542,88693
137543,85852
137544,79660
137545,42925
137546,89460
137547,109013
137548,43489
137549,44787
137550,99195
137551,126879
137552,95428
137553,106646
137554,99567
137555,89803
137556,43365
137557,113622
137558,97948
137559,109924
137560,83827
137561,108483
137562,88971
137563,109400
137564,114804
137565,44133
137566,82212
137567,47178
137568,79160
137569,89229
137570,103045
137571,45851
137572,44699
137573,116814
137574,102811
137575,108861
137576,43731
137577,101664
137578,90920
137579,44147
137580,93529
137581,94445
137582,45706
137583,84990
137584,90237
137585,47460
137586,92951
137587,45507
137588,44179
137589,47636
137590,103177
137591,44459
137592,106669
137593,48025
137594,44017
137595,44631
137596,97835
137597,88073
137598,43479
137599,120102
137600,88957
137601,45823
137602,43186
137603,77619
137604,82505
137605,45837
137606,91482
137607,50679
137608,100701
137609,124250
137610,90900
137611,102110
137612,89027
137613,87426
137614,96774
137615,117443
137616,46199
137617,99048
137618,101698
137619,77774
137620,103674
137621,49326
137622,94920
137623,90582
137624,96313
137625,46490
137626,94894
137627,94799
137628,120796
137629,46077
137630,48572
137631,99022
137632,129387
137633,87203
137634,106845
137635,121480
137636,86388
137637,88385
137638,99178
137639,89651
137640,105167
137641,87925
137642,112336
137643,91942
137644,102735
137645,81063
137646,47741
137647,89066
137648,91548
137649,107400
137650,51038
137651,100491
137652,78612
137653,43750
137654,97555
137655,45680
137656,103077
137657,78199
137658,106388
137659,94665
137660,100900
137661,98331
137662,103917
137663,101396
137664,94990
137665,43543
137666,90132
137667,85596
137668,49721
137669,89065
137670,78862
137671,103521
137672,45753
137673,47333
137674,43517
137675,47668
137676,77353
137677,104302
137678,102467
137679,99968
137680,121095
137681,44492
137682,104961
137683,87670
137684,118237
137685,122300
137686,43705
137687,102036
137688,101887
137689,108867
137690,84169
137691,99298
137692,94097
137693,46624
137694,53176
137695,42677
137696,106444
137697,47813
137698,81144
137699,91431
137700,42871
137701,75936
137702,42777
137703,42584
137704,42231
137705,124333
137706,118977
137707,83614
137708,44307
137709,96980
137710,97512
137711,94040
137712,46697
137713,51523
137714,45008
137715,99698
137716,113685
137717,115999
137718,103261
137719,111803
137720,82916
137721,90106
137722,43276
137723,44664
137724,82257
137725,48766
137726,100798
137727,124816
137728,47215
137729,112367
137730,83175
137731,98999
137732,83601
137733,46977
137734,46521
137735,44202
137736,106578
137737,44147
137738,46343
137739,106560
137740,79787
137741,94798
137742,44865
137743,46645
137744,115376
137745,85215
137746,114304
137747,89014
137748,116843
137749,43206
137750,99346
137751,48758
137752,99943
137753,84480
137754,48488
137755,46910
137756,76292
137757,46521
137758,44546
137759,43439
137760,47364
137761,44636
137762,44711
137763,97376
137764,108830
137765,102806
137766,117174
137767,99053
137768,83916
137769,44240
137770,71880
137771,111795
137772,43364
137773,45427
137774,101640
137775,94800
137776,106579
137777,123336
137778,89744
137779,44812
137780,43640
137781,43186
137782,95647
137783,105291
137784,116919
137785,92992
137786,83016
137787,84556
137788,98033
137789,100845
137790,92616
137791,82677
137792,108049
137793,117794
137794,99786
137795,77925
137796,95645
137797,94614
137798,74642
137799,46711
137800,92180
137801,98344
137802,47278
137803,101098
137804,87535
137805,46708
137806,76684
137807,78935
137808,86499
137809,86418
137810,87797
137811,136495
137812,76596
137813,51552
137814,99715
137815,94499
137816,119522
137817,102708
137818,99813
137819,47143
137820,104091
137821,42920
137822,86115
137823,44666
137824,101050
137825,42414
137826,43768
137827,84651
137828,89064
137829,93568
137830,42936
137831,92217
137832,101168
137833,44903
137834,108352
137835,95197
137836,89494
137837,108015
137838,104229
137839,95846
137840,95428
137841,46905
137842,88362
137843,113873
137844,134018
137845,47795
137846,104355
137847,115419
137848,96181
137849,78269
137850,98770
137851,45841
137852,44082
137853,95658
137854,91435
137855,46691
137856,106209
137857,91435
137858,94695
137859,96385
137860,99126
137861,104177
137862,50356
137863,86609
137864,102665
137865,94490
137866,56127
137867,46076
137868,101931
137869,44571
137870,78251
137871,43448
137872,44590
137873,45509
137874,101783
137875,46947
137876,45827
137877,97071
137878,94817
137879,101946
137880,94413
137881,47936
137882,108547
137883,44319
137884,45573
137885,44469
137886,104606
137887,92876
137888,58735
137889,93218
137890,44136
137891,113455
137892,84663
137893,48585
137894,100461
137895,84154
137896,99023
137897,83760
137898,114300
137899,105820
137900,101900
137901,47588
137902,45249
137903,86822
137904,123147
137905,85148
137906,97177
137907,95832
137908,77774
137909,109885
137910,94582
137911,47283
137912,104292
137913,101641
137914,97498
137915,97699
137916,101440
137917,45705
137918,105545
137919,48137
137920,42889
137921,129613
137922,55692
137923,43357
137924,78426
137925,98688
137926,105856
137927,45016
137928,49080
137929,44038
137930,88420
137931,88488
137932,88519
137933,44875
137934,81314
137935,127780
137936,121045
137937,93164
137938,101980
137939,100671
137940,93880
137941,43771
137942,90464
137943,118689
137944,78968
137945,96778
137946,51673
137947,101907
137948,42812
137949,43406
137950,129183
137951,106954
137952,95873
137953,114063
137954,114239
137955,89927
137956,97149
137957,44461
137958,47097
137959,94766
137960,104544
137961,46738
137962,43550
137963,81458
137964,106022
137965,79847
137966,102408
137967,99057
137968,82740
137969,79956
137970,43891
137971,77326
137972,87462
137973,96430
137974,88293
137975,45912
137976,99005
137977,83133
137978,42885
137979,95993
137980,99457
137981,98012
137982,44271
137983,43536
137984,49408
137985,111566
137986,92597
137987,94368
137988,86670
137989,42953
137990,45383
137991,47124
137992,89410
137993,98961
137994,75878
137995,49235
137996,78389
137997,89466
137998,82886
137999,114209
138000,99192
138001,88870
138002,80452
138003,95055
138004,101188
138005,44721
138006,97816
138007,49449
138008,87714
138009,45643
138010,82123
138011,47028
138012,45865
138013,99416
138014,43582
138015,47087
138016,44959
138017,77413
138018,87332
138019,45478
138020,104773
138021,103407
138022,45361
138023,43979
138024,102147
138025,101227
138026,99958
138027,48049
138028,125298
138029,94244
138030,81804
138031,114395
138032,102563
138033,121172
138034,43498
138035,47614
138036,42705
138037,103528
138038,53080
138039,51012
138040,111551
138041,108387
138042,84740
138043,47076
138044,42295
138045,45953
138046,98764
138047,115897
138048,45203
138049,44400
138050,105331
138051,97473
138052,50622
138053,44963
138054,79871
138055,110603
138056,47400
138057,116004
138058,98405
138059,103118
138060,43661
138061,96708
138062,79725
138063,49269
138064,121075
138065,88216
138066,86534
138067,100850
138068,49420
138069,49439
138070,100309
138071,94368
138072,88535
138073,48001
138074,86659
138075,55524
138076,80077
138077,96454
138078,117528
138079,45308
138080,43693
138081,94109
138082,107415
138083,43758
138084,119770
138085,94078
138086,95800
138087,104376
138088,47874
138089,44298
138090,88288
138091,115648
138092,77413
138093,47055
138094,87892
138095,132425
138096,75622
138097,85435
138098,87582
138099,46120
138100,48072
138101,45220
138102,103011
138103,96130
138104,43317
138105,94510
138106,98198
138107,44983
138108,84960
138109,90511
138110,43939
138111,105381
138112,98512
138113,100797
138114,99789
138115,79591
138116,113717
138117,103760
138118,105841
138119,75889
138120,100541
138121,80068
138122,93164
138123,92925
138124,46770
138125,103070
138126,101525
138127,124885
138128,103249
138129,96280
138130,98713
138131,102833
138132,44084
138133,46963
138134,110713
138135,75607
138136,45972
138137,43822
138138,94115
138139,93662
138140,85397
138141,91372
138142,92221
138143,99248
138144,87270
138145,100662
138146,52403
138147,55550
138148,87598
138149,44051
138150,54350
138151,115058
138152,78047
138153,43118
138154,113179
138155,87783
138156,94062
138157,44477
138158,91725
138159,52790
138160,119146
138161,108149
138162,100849
138163,118672
138164,112539
138165,110142
138166,43014
138167,125304
138168,91007
138169,43523
138170,129614
138171,86482
138172,99273
138173,102014
138174,91412
138175,98463
138176,121735
138177,102493
138178,47879
138179,87621
138180,88165
138181,94945
138182,104386
138183,98504
138184,94865
138185,96341
138186,83064
138187,101993
138188,82747
138189,103733
138190,107817
138191,104368
138192,96702
138193,45852
138194,45017
138195,94526
138196,89002
138197,91715
138198,103494
138199,43693
138200,79695
138201,46627
138202,43130
138203,46154
138204,102540
138205,80452
138206,77756
138207,75985
138208,101715
138209,89570
138210,46575
138211,88156
138212,41849
138213,92220
138214,110238
138215,42856
138216,43717
138217,94589
138218,84212
138219,99994
138220,101832
138221,48630
138222,105692
138223,42331
138224,85448
138225,95197
138226,94863
138227,82886
138228,53327
138229,45290
138230,45773
138231,106951
138232,88644
138233,80794
138234,80652
138235,45962
138236,88321
138237,85270
138238,107786
138239,91308
138240,85837
138241,89448
138242,44695
138243,88646
138244,87602
138245,79253
138246,128541
138247,45494
138248,45009
138249,104873
138250,43150
138251,43043
138252,93897
138253,85884
138254,99247
138255,46807
138256,100617
138257,89074
138258,108352
138259,46150
138260,94731
138261,96476
138262,87800
138263,94394
138264,44111
138265,109674
138266,97802
138267,111958
138268,47657
138269,45253
138270,92357
138271,87876
138272,85802
138273,88732
138274,45309
138275,89939
138276,46121
138277,113102
138278,44279
138279,106850
138280,93375
138281,111115
138282,96494
138283,87832
138284,90997
138285,120705
138286,46774
138287,44060
138288,45568
138289,79143
138290,94271
138291,83944
138292,88342
138293,91515
138294,43337
138295,89364
138296,104058
138297,80290
138298,100939
138299,44391
138300,124445
138301,44269
138302,49050
138303,92908
138304,84134
138305,79024
138306,108492
138307,101889
138308,88601
138309,43014
138310,46594
138311,91148
138312,84345
138313,45286
138314,46401
138315,107942
138316,104560
138317,106627
138318,45562
138319,44667
138320,48388
138321,91379
138322,97388
138323,99092
138324,117790
138325,100619
138326,44987
138327,43591
138328,109565
138329,78185
138330,91653
138331,50513
138332,46545
138333,45093
138334,95791
138335,85706
138336,102462
138337,102313
138338,45677
138339,99803
138340,45883
138341,47122
138342,104939
138343,89087
138344,77861
138345,45320
138346,94115
138347,51631
138348,44298
138349,44454
138350,48163
138351,83797
138352,87080
138353,43727
138354,43535
138355,90161
138356,93879
138357,84414
138358,114588
138359,46570
138360,106310
138361,46703
138362,45458
138363,97232
138364,48125
138365,49380
138366,112684
138367,115376
138368,90253
138369,44242
138370,91606
138371,85050
138372,102676
138373,46669
138374,47020
138375,88549
138376,97172
138377,43345
138378,91467
138379,88020
138380,43290
138381,82012
138382,125108
138383,95077
138384,114987
138385,81900
138386,88349
138387,45227
138388,103327
138389,89722
138390,49126
138391,101915
138392,49883
138393,94531
138394,121467
138395,43803
138396,45287
138397,46052
138398,128328
138399,44618
138400,49103
138401,98991
138402,110915
138403,44599
138404,114632
138405,94088
138406,101246
138407,118457
138408,84345
138409,98715
138410,42313
138411,44831
138412,98622
138413,101304
138414,43753
138415,97780
138416,99730
138417,104185
138418,101691
138419,100024
138420,84304
138421,43028
138422,105672
138423,97054
138424,95070
138425,44904
138426,91675
138427,99869
138428,45380
138429,44552
138430,45279
138431,83195
138432,47132
138433,83433
138434,102556
138435,99278
138436,90355
138437,100588
138438,100745
138439,49106
138440,106364
138441,45168
138442,99126
138443,111086
138444,83030
138445,99023
138446,99407
138447,106699
138448,97071
138449,50634
138450,80361
138451,97930
138452,86699
138453,89757
138454,44818
138455,110850
138456,113154
138457,108191
138458,42764
138459,93879
138460,84934
138461,47047
138462,89075
138463,116498
138464,87842
138465,96758
138466,85740
138467,44844
138468,42584
138469,105245
138470,104823
138471,43564
138472,91471
138473,104257
138474,81289
138475,123772
138476,87672
138477,87312
138478,90798
138479,93829
138480,47559
138481,44246
138482,91418
138483,102570
138484,43315
138485,86926
138486,84959
138487,81981
138488,95106
138489,100314
138490,106954
138491,87734
138492,97798
138493,46637
138494,87535
138495,99827
138496,111639
138497,43901
138498,107527
138499,81075
138500,101628
138501,97708
138502,46144
138503,113724
138504,40710
138505,80766
138506,89374
138507,89416
138508,44074
138509,84895
138510,112770
138511,86910
138512,92404
138513,83957
138514,88020
138515,97276
138516,46020
138517,42930
138518,43981
138519,93383
138520,44226
138521,105550
138522,98076
138523,51520
138524,87087
138525,90968
138526,119452
138527,88317
138528,128017
138529,45697
138530,102591
138531,96042
138532,118097
138533,87385
138534,100897
138535,85011
138536,118425
138537,93243
138538,106022
138539,43210
138540,99460
138541,99833
138542,48146
138543,108758
138544,90742
138545,114212
138546,93495
138547,45380
138548,46627
138549,87195
138550,86283
138551,97807
138552,44788
138553,98056
138554,81279
138555,137036
138556,93109
138557,113567
138558,97203
138559,117252
138560,43545
138561,112737
138562,46628
138563,44673
138564,108223
138565,95566
138566,124475
138567,89725
138568,53290
138569,50975
138570,42807
138571,102640
138572,109760
138573,83165
138574,79248
138575,85663
138576,85141
138577,114993
138578,112844
138579,91834
138580,45068
138581,45185
138582,51501
138583,122592
138584,87488
138585,128245
138586,44058
138587,52035
138588,108831
138589,54313
138590,43909
138591,43246
138592,52324
138593,102531
138594,81408
138595,78127
138596,98770
138597,93777
138598,51856
138599,93628
138600,95848
138601,120075
138602,95421
138603,118415
138604,43131
138605,90746
138606,82717
138607,43822
138608,43937
138609,92967
138610,81734
138611,45881
138612,87297
138613,127283
138614,49922
138615,97928
138616,103424
138617,42743
138618,90645
138619,81541
138620,80462
138621,107371
138622,113551
138623,125850
138624,107083
138625,46646
138626,45172
138627,93322
138628,47552
138629,85716
138630,45656
138631,42533
138632,103214
138633,128348
138634,84115
138635,107011
138636,44959
138637,96006
138638,84695
138639,83888
138640,84976
138641,112414
138642,76819
138643,45393
138644,48211
138645,103149
138646,88155
138647,86660
138648,55752
138649,112546
138650,98129
138651,113079
138652,87186
138653,49842
138654,96627
138655,104053
138656,47145
138657,82377
138658,50050
138659,92898
138660,102031
138661,91179
138662,42573
138663,43177
138664,103699
138665,44560
138666,102402
138667,48075
138668,85505
138669,107704
138670,46821
138671,91356
138672,47374
138673,41995
138674,105621
138675,110728
138676,97379
138677,106503
138678,44284
138679,110149
138680,97098
138681,45670
138682,112379
138683,97170
138684,118551
138685,81818
138686,111620
138687,122987
138688,101205
138689,45258
138690,82344
138691,93099
138692,79554
138693,44425
138694,44087
138695,44423
138696,45672
138697,99487
138698,46969
138699,46421
138700,46642
138701,43381
138702,49745
138703,90421
138704,107570
138705,106648
138706,91771
138707,43885
138708,96364
138709,42647
138710,104119
138711,96792
138712,92298
138713,81030
138714,89014
138715,45030
138716,92956
138717,123716
138718,85860
138719,49080
138720,44904
138721,87336
138722,91793
138723,98360
138724,81788
138725,46505
138726,116986
138727,43112
138728,130164
138729,84086
138730,107672
138731,107816
138732,104207
138733,86531
138734,44371
138735,46271
138736,98907
138737,84137
138738,101793
138739,112208
138740,96057
138741,106811
138742,102047
138743,99165
138744,46252
138745,89546
138746,44825
138747,91202
138748,98363
138749,111640
138750,86013
138751,43869
138752,44331
138753,111196
138754,94022
138755,100989
138756,113022
138757,46693
138758,45693
138759,90707
138760,95374
138761,88870
138762,123290
138763,46686
138764,102939
138765,45827
138766,119735
138767,57696
138768,44895
138769,95133
138770,120890
138771,54164
138772,82621
138773,108762
138774,46334
138775,116511
138776,87213
138777,104479
138778,101910
138779,90681
138780,43179
138781,105398
138782,96578
138783,135285
138784,87535
138785,46798
138786,100826
138787,100573
138788,84468
138789,76414
138790,88774
138791,95080
138792,90936
138793,102214
138794,42811
138795,84094
138796,97977
138797,89798
138798,109684
138799,95385
138800,90866
138801,44262
138802,47327
138803,94079
138804,80662
138805,88063
138806,87349
138807,43892
138808,79939
138809,43859
138810,110167
138811,104563
138812,112081
138813,112660
138814,123276
138815,78197
138816,44670
138817,101070
138818,44171
138819,82875
138820,92590
138821,99264
138822,80651
138823,80405
138824,96704
138825,44518
138826,108297
138827,44880
138828,114587
138829,87971
138830,110357
138831,44541
138832,109340
138833,41050
138834,55852
138835,109131
138836,118115
138837,49448
138838,128576
138839,90685
138840,91022
138841,98929
138842,44975
138843,98321
138844,91393
138845,49027
138846,41989
138847,43821
138848,106010
138849,42358
138850,109133
138851,42309
138852,43291
138853,121802
138854,80702
138855,41758
138856,96243
138857,48185
138858,96747
138859,95728
138860,45574
138861,93440
138862,79188
138863,78428
138864,105366
138865,50893
138866,96093
138867,46233
138868,112338
138869,118830
138870,88934
138871,82015
138872,52881
138873,107793
138874,101373
138875,85268
138876,96035
138877,88709
138878,89013
138879,55688
138880,54425
138881,80336
138882,45314
138883,92018
138884,42523
138885,46212
138886,81896
138887,44898
138888,100428
138889,44260
138890,118616
138891,106089
138892,94724
138893,107862
138894,99478
138895,96430
138896,83083
138897,46690
138898,45999
138899,89923
138900,117334
138901,84173
138902,43674
138903,124204
138904,46002
138905,46006
138906,99371
138907,42882
138908,114167
138909,89545
138910,46316
138911,110023
138912,43589
138913,42214
138914,46000
138915,99887
138916,97391
138917,107530
138918,117109
138919,93805
138920,85056
138921,104690
138922,44703
138923,82220
138924,105558
138925,77044
138926,43438
138927,94660
138928,44335
138929,113736
138930,101043
138931,86432
138932,131179
138933,87446
138934,44427
138935,99368
138936,48685
138937,96462
138938,123179
138939,83970
138940,91411
138941,46857
138942,45833
138943,105096
138944,48654
138945,111968
138946,103754
138947,92694
138948,86559
138949,44060
138950,88658
138951,44079
138952,95302
138953,81532
138954,102210
138955,90681
138956,47578
138957,83660
138958,111707
138959,90825
138960,84225
138961,42641
138962,90703
138963,92387
138964,54032
138965,94616
138966,43934
138967,46198
138968,114270
138969,89094
138970,99184
138971,95701
138972,99451
138973,92662
138974,77822
138975,44198
138976,79917
138977,112984
138978,43650
138979,93319
138980,44624
138981,105546
138982,90725
138983,100536
138984,48506
138985,122697
138986,84844
138987,102035
138988,88113
138989,84892
138990,78877
138991,47400
138992,98503
138993,85825
138994,46245
138995,96903
138996,75163
138997,88488
138998,98574
138999,103141
139000,108789
139001,94358
139002,102350
139003,44805
139004,49080
139005,103754
139006,44407
139007,128700
139008,84124
139009,102572
139010,106383
139011,106314
139012,44498
139013,45004
139014,89435
139015,77104
139016,44643
139017,103743
139018,99705
139019,136313
139020,45798
139021,93743
139022,77216
139023,44102
139024,99006
139025,90800
139026,43822
139027,95075
139028,100428
139029,90177
139030,90834
139031,107802
139032,43855
139033,101745
139034,93777
139035,45434
139036,46096
139037,92062
139038,46704
139039,108886
139040,100063
139041,113471
139042,90003
139043,87251
139044,46047
139045,85318
139046,81022
139047,46708
139048,44178
139049,46081
139050,97653
139051,80258
139052,44282
139053,104669
139054,99005
139055,45160
139056,84137
139057,45645
139058,92850
139059,99401
139060,97728
139061,108488
139062,46863
139063,90372
139064,92985
139065,46858
139066,113623
139067,100554
139068,81967
139069,108410
139070,80452
139071,95484
139072,44537
139073,103654
139074,50823
139075,98368
139076,92567
139077,41704
139078,118830
139079,97546
139080,80825
139081,99678
139082,44952
139083,101368
139084,42799
139085,91604
139086,45660
139087,86383
139088,45668
139089,98404
139090,100616
139091,53893
139092,86755
139093,108453
139094,101756
139095,44535
139096,87788
139097,105833
139098,93881
139099,108071
139100,76819
139101,43520
139102,81118
139103,90837
139104,88220
139105,106341
139106,107834
139107,102960
139108,44711
139109,45474
139110,44341
139111,105032
139112,79468
139113,48551
139114,103280
139115,90244
139116,87066
139117,46176
139118,100411
139119,94933
139120,83660
139121,44140
139122,88179
139123,86656
139124,87039
139125,104404
139126,43232
139127,96251
139128,112121
139129,46229
139130,101070
139131,106341
139132,92014
139133,42799
139134,79666
139135,91179
139136,43902
139137,43655
139138,86286
139139,53241
139140,107839
139141,44202
139142,88174
139143,90111
139144,86628
139145,44961
139146,101783
139147,106710
139148,80651
139149,120951
139150,44427
139151,44750
139152,78070
139153,43517
139154,109843
139155,102341
139156,44590
139157,82257
139158,86910
139159,89022
139160,116056
139161,117554
139162,43582
139163,100483
139164,43294
139165,101620
139166,47417
139167,110010
139168,115339
139169,44084
139170,109315
139171,43202
139172,98202
139173,89880
139174,98508
139175,47039
139176,46398
139177,97456
139178,108321
139179,117238
139180,44961
139181,52848
139182,92716
139183,101859
139184,97951
139185,122506
139186,44279
139187,45502
139188,97146
139189,89231
139190,104499
139191,105787
139192,46771
139193,87151
139194,108737
139195,126926
139196,85358
139197,97180
139198,119292
139199,82603
139200,91071
139201,78707
139202,85763
139203,85476
139204,91675
139205,43087
139206,118804
139207,107451
139208,106972
139209,118894
139210,86961
139211,97411
139212,83063
139213,106184
139214,88116
139215,108051
139216,97153
139217,97201
139218,43600
139219,121103
139220,44246
139221,48089
139222,121259
139223,86474
139224,85501
139225,88328
139226,99140
139227,117364
139228,77985
139229,46609
139230,86668
139231,106200
139232,101359
139233,85654
139234,50089
139235,97768
139236,46390
139237,78968
139238,45201
139239,96737
139240,91226
139241,105164
139242,45143
139243,82097
139244,43100
139245,95899
139246,53764
139247,46816
139248,44335
139249,83133
139250,106667
139251,46472
139252,45340
139253,106614
139254,49540
139255,91164
139256,78323
139257,110725
139258,44937
139259,93621
139260,107418
139261,45848
139262,123423
139263,46768
139264,120686
139265,82649
139266,44581
139267,76370
139268,44774
139269,105532
139270,78185
139271,98587
139272,92846
139273,105545
139274,44786
139275,46005
139276,83747
139277,82394
139278,91153
139279,91308
139280,52236
139281,46657
139282,94409
139283,51521
139284,86283
139285,83660
139286,86956
139287,96785
139288,44211
139289,43527
139290,43930
139291,87274
139292,118559
139293,41806
139294,45770
139295,89279
139296,93621
139297,99333
139298,118830
139299,42707
139300,126139
139301,122449
139302,112224
139303,44754
139304,96205
139305,43820
139306,97347
139307,118473
139308,45151
139309,46472
139310,87535
139311,45618
139312,116953
139313,102734
139314,44424
139315,101004
139316,109945
139317,114392
139318,102675
139319,77419
139320,85095
139321,87460
139322,43793
139323,130341
139324,94945
139325,95987
139326,92590
139327,104983
139328,109686
139329,83040
139330,87158
139331,95336
139332,99510
139333,46575
139334,105436
139335,96569
139336,43191
139337,95579
139338,45721
139339,86340
139340,99761
139341,45500
139342,44613
139343,46021
139344,87898
139345,95985
139346,88508
139347,90636
139348,46018
139349,99195
139350,88541
139351,80947
139352,84900
139353,91029
139354,90844
139355,93751
139356,48423
139357,45607
139358,95195
139359,45678
139360,46666
139361,82819
139362,86296
139363,43528
139364,83147
139365,103424
139366,88125
139367,44627
139368,91571
139369,86310
139370,44755
139371,83642
139372,55970
139373,51610
139374,79526
139375,99421
139376,47009
139377,85777
139378,83303
139379,120864
139380,50237
139381,104498
139382,99575
139383,86435
139384,44359
139385,99327
139386,98029
139387,102728
139388,44124
139389,42523
139390,114549
139391,45427
139392,44394
139393,85042
139394,44425
139395,81610
139396,113970
139397,45320
139398,91962
139399,114793
139400,44180
139401,44656
139402,83450
139403,117869
139404,103316
139405,102997
139406,44326
139407,84166
139408,121202
139409,87019
139410,49540
139411,90694
139412,46720
139413,94098
139414,87409
139415,111597
139416,46261
139417,89073
139418,84018
139419,91472
139420,47388
139421,92181
139422,79001
139423,44220
139424,99779
139425,43707
139426,108223
139427,45278
139428,99847
139429,118052
139430,121163
139431,46724
139432,108362
139433,96288
139434,99954
139435,84022
139436,46673
139437,91299
139438,99417
139439,93578
139440,107148
139441,108947
139442,114042
139443,94392
139444,47624
139445,110256
139446,105196
139447,83239
139448,99242
139449,112480
139450,47981
139451,47125
139452,87039
139453,95996
139454,98770
139455,88043
139456,43350
139457,78389
139458,84042
139459,99848
139460,116328
139461,99299
139462,103013
139463,82843
139464,103376
139465,99300
139466,46623
139467,103562
139468,41460
139469,42294
139470,82075
139471,44201
139472,100137
139473,86990
139474,86320
139475,48521
139476,47030
139477,44278
139478,106584
139479,43027
139480,78719
139481,111333
139482,44837
139483,44671
139484,103768
139485,46847
139486,78783
139487,48230
139488,96585
139489,91654
139490,88519
139491,44113
139492,102164
139493,93637
139494,50960
139495,44365
139496,96033
139497,80464
139498,90130
139499,100403
139500,44787
139501,95847
139502,99887
139503,113948
139504,44975
139505,95145
139506,98452
139507,89487
139508,48260
139509,44004
139510,117299
139511,90911
139512,107676
139513,82007
139514,100287
139515,85839
139516,45459
139517,84891
139518,84477
139519,84226
139520,58688
139521,81906
139522,107011
139523,46844
139524,44188
139525,96557
139526,47879
139527,43885
139528,89423
139529,43918
139530,51838
139531,99932
139532,89460
139533,101567
139534,80290
139535,50429
139536,44253
139537,43323
139538,112679
139539,77159
139540,43477
139541,44552
139542,102531
139543,124364
139544,85654
139545,43463
139546,120730
139547,103605
139548,90466
139549,115769
139550,116831
139551,39861
139552,42658
139553,83898
139554,51551
139555,83265
139556,90338
139557,100287
139558,85601
139559,103577
139560,93382
139561,44226
139562,45716
139563,89054
139564,103437
139565,106153
139566,42730
139567,89593
139568,89742
139569,87803
139570,106263
139571,90270
139572,44590
139573,111220
139574,120394
139575,46877
139576,96865
139577,49779
139578,93122
139579,100152
139580,43137
139581,96057
139582,48038
139583,43509
139584,44895
139585,85106
139586,86078
139587,47582
139588,78621
139589,83982
139590,112144
139591,103349
139592,79701
139593,94041
139594,48671
139595,45607
139596,46555
139597,86822
139598,44386
139599,45468
139600,101092
139601,81101
139602,45693
139603,47986
139604,96465
139605,120624
139606,94430
139607,95329
139608,45087
139609,44669
139610,94039
139611,51446
139612,91514
139613,124052
139614,104371
139615,86253
139616,98689
139617,101528
139618,84465
139619,43989
139620,102561
139621,100529
139622,107679
139623,88428
139624,106297
139625,87878
139626,89070
139627,91585
139628,43934
139629,97136
139630,81634
139631,48021
139632,44438
139633,119936
139634,43832
139635,52204
139636,56772
139637,107299
139638,102046
139639,87104
139640,125090
139641,44263
139642,79544
139643,84469
139644,87047
139645,95135
139646,95097
139647,101847
139648,95634
139649,47540
139650,49276
139651,44712
139652,48223
139653,114042
139654,120867
139655,43175
139656,97355
139657,54430
139658,131707
139659,44317
139660,87751
139661,105542
139662,93895
139663,99996
139664,85477
139665,44186
139666,104791
139667,94880
139668,80726
139669,45264
139670,99095
139671,79007
139672,101294
139673,45654
139674,45258
139675,105146
139676,104264
139677,48706
139678,48214
139679,90486
139680,105672
139681,77391
139682,118247
139683,44006
139684,43730
139685,44414
139686,42876
139687,115748
139688,45004
139689,114089
139690,44386
139691,43322
139692,115991
139693,45553
139694,46092
139695,101075
139696,97184
139697,116551
139698,82628
139699,86950
139700,45879
139701,78609
139702,99043
139703,101717
139704,89158
139705,90506
139706,93989
139707,84301
139708,93098
139709,45121
139710,84350
139711,105634
139712,88384
139713,45232
139714,48200
139715,90318
139716,93690
139717,91748
139718,102759
139719,110307
139720,110381
139721,45654
139722,84046
139723,44609
139724,100086
139725,87104
139726,122550
139727,109719
139728,107545
139729,45969
139730,112916
139731,104787
139732,98017
139733,91179
139734,118599
139735,45633
139736,80501
139737,105580
139738,79143
139739,129426
139740,42499
139741,43108
139742,90592
139743,95923
139744,101462
139745,107381
139746,43581
139747,107437
139748,121508
139749,94429
139750,44401
139751,90036
139752,44842
139753,92413
139754,88047
139755,43805
139756,53125
139757,98713
139758,48225
139759,43018
139760,107025
139761,45117
139762,99697
139763,124799
139764,55551
139765,90029
139766,124622
139767,47909
139768,83083
139769,106083
139770,46587
139771,111957
139772,90250
139773,92263
139774,48752
139775,44386
139776,91747
139777,107071
139778,94407
139779,90937
139780,42269
139781,45085
139782,94166
139783,113574
139784,44029
139785,96760
139786,108213
139787,45596
139788,118050
139789,105474
139790,98839
139791,101161
139792,108106
139793,46013
139794,98724
139795,102521
139796,45879
139797,42898
139798,87181
139799,44412
139800,91117
139801,118621
139802,52697
139803,44300
139804,110381
139805,106269
139806,109084
139807,97358
139808,101353
139809,46383
139810,45791
139811,104551
139812,84407
139813,46715
139814,98457
139815,103088
139816,101939
139817,89654
139818,93396
139819,111079
139820,52931
139821,111499
139822,96050
139823,96558
139824,43576
139825,103771
139826,83680
139827,97648
139828,99875
139829,43629
139830,109998
139831,94577
139832,92891
139833,111968
139834,83423
139835,74642
139836,123439
139837,86187
139838,81865
139839,91604
139840,85386
139841,102800
139842,83631
139843,93885
139844,44777
139845,58030
139846,44788
139847,51596
139848,117262
139849,99423
139850,45415
139851,44184
139852,100541
139853,79362
139854,82466
139855,82908
139856,45627
139857,43369
139858,116191
139859,105894
139860,58312
139861,94618
139862,97666
139863,110152
139864,99179
139865,118713
139866,45856
139867,107247
139868,116220
139869,46153
139870,47835
139871,119106
139872,94096
139873,94107
139874,119218
139875,95068
139876,87138
139877,98559
139878,46360
139879,47734
139880,84631
139881,43288
139882,83351
139883,45012
139884,124863
139885,88760
139886,42325
139887,43842
139888,48087
139889,44960
139890,92546
139891,109007
139892,45850
139893,93127
139894,131146
139895,42788
139896,89504
139897,100502
139898,44968
139899,40724
139900,119430
139901,52756
139902,91950
139903,98940
139904,99450
139905,46537
139906,46167
139907,81605
139908,123299
139909,45318
139910,44317
139911,99256
139912,58220
139913,43962
139914,43735
139915,96266
139916,88759
139917,96670
139918,44271
139919,44368
139920,45835
139921,106135
139922,44973
139923,44488
139924,95544
139925,95505
139926,111394
139927,55878
139928,44204
139929,89971
139930,46106
139931,104773
139932,96990
139933,111913
139934,45520
139935,96072
139936,44724
139937,44903
139938,44549
139939,44260
139940,122715
139941,79076
139942,79598
139943,94475
139944,104344
139945,92991
139946,95666
139947,96306
139948,44901
139949,49493
139950,45647
139951,44585
139952,116247
139953,90290
139954,135795
139955,45055
139956,44564
139957,99466
139958,46200
139959,48103
139960,44288
139961,48046
139962,94700
139963,93654
139964,106576
139965,90280
139966,102765
139967,84549
139968,44282
139969,94716
139970,143752
139971,95505
139972,113148
139973,46685
139974,92078
139975,85842
139976,46545
139977,44317
139978,54058
139979,45309
139980,118142
139981,100373
139982,44895
139983,46037
139984,99591
139985,96029
139986,88449
139987,45383
139988,48908
139989,114787
139990,44079
139991,83001
139992,48027
139993,105916
139994,86800
139995,90040
139996,93092
139997,99725
139998,91859
139999,92206
140000,100403
140001,102208
140002,43765
140003,98237
140004,43892
140005,48310
140006,50837
140007,44571
140008,112421
140009,102541
140010,47723
140011,84212
140012,96468
140013,52324
140014,43222
140015,86446
140016,86575
140017,84154
140018,101758
140019,83719
140020,45856
140021,44330
140022,119156
140023,93143
140024,45346
140025,44643
140026,46592
140027,80311
140028,110001
140029,43363
140030,97682
140031,85502
140032,83492
140033,48516
140034,46412
140035,43905
140036,96588
140037,102305
140038,116271
140039,96068
140040,45084
140041,51833
140042,43197
140043,45354
140044,51496
140045,85772
140046,89572
140047,101049
140048,105302
140049,102584
140050,44657
140051,96082
140052,104423
140053,98085
140054,92548
140055,96868
140056,54146
140057,81083
140058,97998
140059,50677
140060,111122
140061,87667
140062,118249
140063,84184
140064,91860
140065,94115
140066,91024
140067,45556
140068,55584
140069,48662
140070,44267
140071,101779
140072,104503
140073,105143
140074,51419
140075,78446
140076,43678
140077,100014
140078,110755
140079,121023
140080,88290
140081,50718
140082,53307
140083,44032
140084,120709
140085,85877
140086,89064
140087,112318
140088,45677
140089,44698
140090,105510
140091,45644
140092,130705
140093,80125
140094,46237
140095,116953
140096,88256
140097,44478
140098,48693
140099,46858
140100,77887
140101,45927
140102,87995
140103,109454
140104,100180
140105,128582
140106,85474
140107,94736
140108,82394
140109,83906
140110,86142
140111,102328
140112,88527
140113,123603
140114,116399
140115,92942
140116,43908
140117,46753
140118,45022
140119,91594
140120,91425
140121,133263
140122,104348
140123,76224
140124,44592
140125,47103
140126,103760
140127,44284
140128,102616
140129,54595
140130,81362
140131,94485
140132,44599
140133,108867
140134,98652
140135,45416
140136,110065
140137,42151
140138,90478
140139,84708
140140,104174
140141,44498
140142,43951
140143,45019
140144,87189
140145,85947
140146,89476
140147,101384
140148,96495
140149,82600
140150,45645
140151,42107
140152,110275
140153,118102
140154,95991
140155,47707
140156,41453
140157,44077
140158,122739
140159,46116
140160,97046
140161,44526
140162,107145
140163,50015
140164,46196
140165,118966
140166,85460
140167,77437
140168,98034
140169,85071
140170,101756
140171,81619
140172,86481
140173,105729
140174,90488
140175,107124
140176,109103
140177,89152
140178,81069
140179,80590
140180,105687
140181,112200
140182,99620
140183,97094
140184,44587
140185,83595
140186,86431
140187,102175
140188,92313
140189,53495
140190,94268
140191,105632
140192,48380
140193,97166
140194,94022
140195,88516
140196,101503
140197,100712
140198,88466
140199,84163
140200,104249
140201,78775
140202,99946
140203,48183
140204,106410
140205,117935
140206,47866
140207,43314
140208,81314
140209,132853
140210,47481
140211,94072
140212,45608
140213,43967
140214,105648
140215,90685
140216,115440
140217,48000
140218,114496
140219,89577
140220,42478
140221,46439
140222,46090
140223,48009
140224,83916
140225,45739
140226,80835
140227,106476
140228,136320
140229,43323
140230,43174
140231,108592
140232,86962
140233,44295
140234,45674
140235,44669
140236,44284
140237,45462
140238,107874
140239,80464
140240,103788
140241,81746
140242,87892
140243,45486
140244,118381
140245,45875
140246,105330
140247,44083
140248,46968
140249,47093
140250,110345
140251,43570
140252,90795
140253,106503
140254,94022
140255,114866
140256,103653
140257,87513
140258,83543
140259,93039
140260,44201
140261,106277
140262,88649
140263,77422
140264,87513
140265,43567
140266,87836
140267,100913
140268,127791
140269,82997
140270,95991
140271,130747
140272,87571
140273,90668
140274,96552
140275,82258
140276,96252
140277,86295
140278,47242
140279,89169
140280,92468
140281,44184
140282,89525
140283,99420
140284,96349
140285,92157
140286,86874
140287,108216
140288,117371
140289,94233
140290,47397
140291,45821
140292,96686
140293,119143
140294,96687
140295,92089
140296,90388
140297,47387
140298,44837
140299,44649
140300,47006
140301,87007
140302,111178
140303,96686
140304,95687
140305,44718
140306,115592
140307,94155
140308,80538
140309,107169
140310,42289
140311,91939
140312,94599
140313,89914
140314,107957
140315,90701
140316,45895
140317,45501
140318,105542
140319,43900
140320,103320
140321,97689
140322,108185
140323,78653
140324,86519
140325,48368
140326,104634
140327,92967
140328,107365
140329,47743
140330,92401
140331,42983
140332,46823
140333,46487
140334,106241
140335,115135
140336,96334
140337,46366
140338,83029
140339,83351
140340,92983
140341,97244
140342,97418
140343,95644
140344,103948
140345,117938
140346,120756
140347,52698
140348,53030
140349,101212
140350,44853
140351,88840
140352,84401
140353,44734
140354,101295
140355,45994
140356,47711
140357,103788
140358,132134
140359,43616
140360,46530
140361,48653
140362,82002
140363,96308
140364,43741
140365,92545
140366,101151
140367,84034
140368,83432
140369,89462
140370,82606
140371,45084
140372,58373
140373,95958
140374,107270
140375,104542
140376,115278
140377,44310
140378,125034
140379,43228
140380,47129
140381,45176
140382,43810
140383,41808
140384,112227
140385,46822
140386,89732
140387,55035
140388,92835
140389,96040
140390,100539
140391,108461
140392,88881
140393,116282
140394,89283
140395,45274
140396,93381
140397,47228
140398,124457
140399,100428
140400,45320
140401,110365
140402,97952
140403,91437
140404,45841
140405,84218
140406,95509
140407,45067
140408,99732
140409,100452
140410,56946
140411,96732
140412,106067
140413,126783
140414,118102
140415,104302
140416,44343
140417,116982
140418,102259
140419,85879
140420,43965
140421,88060
140422,48168
140423,44699
140424,51921
140425,100364
140426,44694
140427,90120
140428,97208
140429,43227
140430,44365
140431,120531
140432,88409
140433,89056
140434,102141
140435,98789
140436,45930
140437,111666
140438,47698
140439,45762
140440,81382
140441,51296
140442,96283
140443,49626
140444,45320
140445,42289
140446,102519
140447,47068
140448,44393
140449,100475
140450,102995
140451,42219
140452,47292
140453,47053
140454,81458
140455,95699
140456,83096
140457,83233
140458,43545
140459,100694
140460,86348
140461,95336
140462,101393
140463,90549
140464,51439
140465,45953
140466,45417
140467,78185
140468,45197
140469,93525
140470,91705
140471,91994
140472,46121
140473,44314
140474,87672
140475,107891
140476,95404
140477,87753
140478,91874
140479,45770
140480,44751
140481,86556
140482,130315
140483,96268
140484,129180
140485,92901
140486,104053
140487,110548
140488,115192
140489,107375
140490,42924
140491,87710
140492,97474
140493,99550
140494,81688
140495,80825
140496,95210
140497,83169
140498,45375
140499,112718
140500,100993
140501,81968
140502,87457
140503,90341
140504,87757
140505,106927
140506,43260
140507,121095
140508,44410
140509,46644
140510,46662
140511,101868
140512,42639
140513,110238
140514,87582
140515,100586
140516,44547
140517,86555
140518,109170
140519,57666
140520,44900
140521,97715
140522,43902
140523,45976
140524,107987
140525,81900
140526,47137
140527,44825
140528,81901
140529,93824
140530,44904
140531,43372
140532,123903
140533,125361
140534,95663
140535,108867
140536,105847
140537,85978
140538,92361
140539,78523
140540,136111
140541,91922
140542,45037
140543,100716
140544,100455
140545,43229
140546,93467
140547,115596
140548,48187
140549,42797
140550,117657
140551,44629
140552,44122
140553,48803
140554,43779
140555,44924
140556,122747
140557,92399
140558,46075
140559,43762
140560,44879
140561,90608
140562,47907
140563,105017
140564,102462
140565,45325
140566,99284
140567,102018
140568,107521
140569,105908
140570,121259
140571,91629
140572,105776
140573,83986
140574,89423
140575,46554
140576,83366
140577,114529
140578,43977
140579,91838
140580,86866
140581,117911
140582,130804
140583,96670
140584,112755
140585,83912
140586,43535
140587,50590
140588,47334
140589,43575
140590,43531
140591,43758
140592,98164
140593,89092
140594,101585
140595,108627
140596,119828
140597,106851
140598,44411
140599,86897
140600,84667
140601,99893
140602,102098
140603,44624
140604,113075
140605,88565
140606,127914
140607,88296
140608,80652
140609,85970
140610,108301
140611,43601
140612,91202
140613,106446
140614,87311
140615,85273
140616,49590
140617,46432
140618,100084
140619,101917
140620,131761
140621,48247
140622,46310
140623,97987
140624,45814
140625,101216
140626,83993
140627,80337
140628,90213
140629,87300
140630,81917
140631,110970
140632,45254
140633,78185
140634,48455
140635,98749
140636,120851
140637,100003
140638,46610
140639,112759
140640,83735
140641,108824
140642,101130
140643,80371
140644,103531
140645,117155
140646,49398
140647,95285
140648,109442
140649,53877
140650,87817
140651,91369
140652,85830
140653,96473
140654,46760
140655,100307
140656,93934
140657,47940
140658,81284
140659,45428
140660,85968
140661,50266
140662,108184
140663,79314
140664,108408
140665,100876
140666,104939
140667,98058
140668,48135
140669,93562
140670,90470
140671,98818
140672,79796
140673,42771
140674,45278
140675,116432
140676,107433
140677,96908
140678,90655
140679,86075
140680,45653
140681,103309
140682,111847
140683,45127
140684,45845
140685,46091
140686,45690
140687,121275
140688,84471
140689,87047
140690,127884
140691,94593
140692,44904
140693,43672
140694,93959
140695,96590
140696,83561
140697,46016
140698,101080
140699,118425
140700,45840
140701,42253
140702,82248
140703,98345
140704,90709
140705,44311
140706,90380
140707,106430
140708,78369
140709,44370
140710,82523
140711,44557
140712,103177
140713,43966
140714,88936
140715,93644
140716,103536
140717,97968
140718,100817
140719,89454
140720,107576
140721,47510
140722,105942
140723,45512
140724,45019
140725,40893
140726,100595
140727,45079
140728,93637
140729,104555
140730,83236
140731,44345
140732,83507
140733,115545
140734,46322
140735,104603
140736,51166
140737,116377
140738,113504
140739,42605
140740,99046
140741,104994
140742,44333
140743,112223
140744,107340
140745,44282
140746,109285
140747,97103
140748,100900
140749,46366
140750,44934
140751,102866
140752,81458
140753,79122
140754,86236
140755,42735
140756,105508
140757,96019
140758,88261
140759,104934
140760,81069
140761,43024
140762,103142
140763,74298
140764,44536
140765,47144
140766,47596
140767,83284
140768,117896
140769,44986
140770,46388
140771,53524
140772,94486
140773,105856
140774,87919
140775,89066
140776,45092
140777,94051
140778,88453
140779,86650
140780,115171
140781,102221
140782,85730
140783,93268
140784,80848
140785,124829
140786,106654
140787,49247
140788,109400
140789,43648
140790,90530
140791,42008
140792,49421
140793,113232
140794,86565
140795,98709
140796,121734
140797,94086
140798,91096
140799,117792
140800,83607
140801,99638
140802,120796
140803,88444
140804,89336
140805,111682
140806,77707
140807,43220
140808,44682
140809,109899
140810,98591
140811,96846
140812,85900
140813,93355
140814,93273
140815,115234
140816,104205
140817,78968
140818,108373
140819,45835
140820,125059
140821,98278
140822,45192
140823,112588
140824,44535
140825,45037
140826,84154
140827,85895
140828,101915
140829,101715
140830,118796
140831,83518
140832,83055
140833,101318
140834,44820
140835,107420
140836,127691
140837,43480
140838,101294
140839,101925
140840,44409
140841,88484
140842,87563
140843,89637
140844,86283
140845,125900
140846,46105
140847,86843
140848,101134
140849,92127
140850,46024
140851,118599
140852,88981
140853,77178
140854,44542
140855,97814
140856,52377
140857,81997
140858,47157
140859,89641
140860,110713
140861,78426
140862,82155
140863,80943
140864,46441
140865,45564
140866,48101
140867,44873
140868,85584
140869,128096
140870,90545
140871,87130
140872,94129
140873,93016
140874,118097
140875,48174
140876,84105
140877,136699
140878,94184
140879,41161
140880,53800
140881,108480
140882,78609
140883,42581
140884,99324
140885,44361
140886,47025
140887,43010
140888,90805
140889,77332
140890,42960
140891,97910
140892,87251
140893,93391
140894,114446
140895,94859
140896,58316
140897,116110
140898,99035
140899,47498
140900,121005
140901,89250
140902,49062
140903,84484
140904,124682
140905,123505
140906,80652
140907,55366
140908,92215
140909,40979
140910,81298
140911,80762
140912,114858
140913,83935
140914,90986
140915,98624
140916,110970
140917,48409
140918,94127
140919,42441
140920,48604
140921,99333
140922,97198
140923,89514
140924,45227
140925,86342
140926,94383
140927,98007
140928,91189
140929,44448
140930,83195
140931,116922
140932,77323
140933,104031
140934,84866
140935,101907
140936,94952
140937,93926
140938,119490
140939,91193
140940,95769
140941,43488
140942,105152
140943,87243
140944,80567
140945,43376
140946,46494
140947,97831
140948,47697
140949,81279
140950,44868
140951,45718
140952,89273
140953,102480
140954,45287
140955,44902
140956,94000
140957,45531
140958,121855
140959,96635
140960,45105
140961,42764
140962,110002
140963,85267
140964,92097
140965,95436
140966,86321
140967,91784
140968,99352
140969,117624
140970,85002
140971,78305
140972,90765
140973,44979
140974,78197
140975,40075
140976,52587
140977,45092
140978,90674
140979,78484
140980,44438
140981,93228
140982,94546
140983,108651
140984,113385
140985,119186
140986,87836
140987,44369
140988,81494
140989,50456
140990,50870
140991,107916
140992,89752
140993,107841
140994,40671
140995,42263
140996,92944
140997,45056
140998,42730
140999,43028
141000,88525
141001,43558
141002,107432
141003,45249
141004,89975
141005,49409
141006,92486
141007,85019
141008,83083
141009,42863
141010,100248
141011,87270
141012,78267
141013,78574
141014,88649
141015,41399
141016,91666
141017,98728
141018,97557
141019,90311
141020,101238
141021,46472
141022,118559
141023,115258
141024,85463
141025,45489
141026,84820
141027,88415
141028,96524
141029,95372
141030,88386
141031,83560
141032,47187
141033,112387
141034,86365
141035,100078
141036,45090
141037,98666
141038,103793
141039,94806
141040,107088
141041,99192
141042,43144
141043,102305
141044,88146
141045,85350
141046,45747
141047,93330
141048,44599
141049,97398
141050,86428
141051,89361
141052,96422
141053,102715
141054,44038
141055,45870
141056,88108
141057,47795
141058,81559
141059,105820
141060,91526
141061,101521
141062,93569
141063,81986
141064,45968
141065,45027
141066,55336
141067,47639
141068,45092
141069,90709
141070,42375
141071,83790
141072,114643
141073,44066
141074,42422
141075,106149
141076,119805
141077,42692
141078,110605
141079,79158
141080,81445
141081,87768
141082,87207
141083,84886
141084,43603
141085,102462
141086,45518
141087,77620
141088,41763
141089,94230
141090,87158
141091,103477
141092,44777
141093,98461
141094,43336
141095,87393
141096,109872
141097,45341
141098,113520
141099,83589
141100,45354
141101,99434
141102,106324
141103,102313
141104,104943
141105,96218
141106,44132
141107,75607
141108,85302
141109,45112
141110,42130
141111,48602
141112,46854
141113,92832
141114,43373
141115,45483
141116,48360
141117,91998
141118,44534
141119,103852
141120,105593
141121,123147
141122,117443
141123,101282
141124,89619
141125,84659
141126,89562
141127,51481
141128,103712
141129,97691
141130,108371
141131,44895
141132,102288
141133,83520
141134,106683
141135,106627
141136,55694
141137,115111
141138,111123
141139,50391
141140,43933
141141,79847
141142,110238
141143,45750
141144,42152
141145,44813
141146,93042
141147,96924
141148,47814
141149,113516
141150,129001
141151,87718
141152,98106
141153,51791
141154,43190
141155,92359
141156,47401
141157,123755
141158,44850
141159,44676
141160,92431
141161,88575
141162,110757
141163,52274
141164,79024
141165,99735
141166,83642
141167,48137
141168,81102
141169,44887
141170,44850
141171,94797
141172,88871
141173,89003
141174,108752
141175,43170
141176,80906
141177,79379
141178,88956
141179,46878
141180,118548
141181,79209
141182,52239
141183,110274
141184,99664
141185,85888
141186,46732
141187,45593
141188,43719
141189,44056
141190,113857
141191,90743
141192,124296
141193,87955
141194,90844
141195,87678
141196,83366
141197,77569
141198,97217
141199,44321
141200,112433
141201,42727
141202,93529
141203,112075
141204,53336
141205,94391
141206,113144
141207,97258
141208,46172
141209,125272
141210,49319
141211,116375
141212,101877
141213,87104
141214,122804
141215,45208
141216,44221
141217,43412
141218,120668
141219,43128
141220,96001
141221,44208
141222,47129
141223,44755
141224,41897
141225,100635
141226,97898
141227,84616
141228,45204
141229,46915
141230,43296
141231,119511
141232,83195
141233,89533
141234,43060
141235,45034
141236,75936
141237,84083
141238,96650
141239,85568
141240,42982
141241,46374
141242,46605
141243,112205
141244,45683
141245,116696
141246,96769
141247,114961
141248,80726
141249,94748
141250,92529
141251,98067
141252,84144
141253,93183
141254,43951
141255,91938
141256,101147
141257,94340
141258,89744
141259,100524
141260,104404
141261,120140
141262,43332
141263,84576
141264,46823
141265,83131
141266,101539
141267,97207
141268,45250
141269,107650
141270,45900
141271,107927
141272,83249
141273,90643
141274,108909
141275,88766
141276,49012
141277,100144
141278,120612
141279,44975
141280,84807
141281,82886
141282,96122
141283,44863
141284,51594
141285,102000
141286,87929
141287,51579
141288,44415
141289,106646
141290,121033
141291,82548
141292,83165
141293,105511
141294,46297
141295,44149
141296,118435
141297,85654
141298,92387
141299,116571
141300,117211
141301,102010
141302,84734
141303,83576
141304,117800
141305,86702
141306,47818
141307,89451
141308,91838
141309,105717
141310,101721
141311,90857
141312,45425
141313,43866
141314,96833
141315,45448
141316,77774
141317,117037
141318,97512
141319,94127
141320,46292
141321,111496
141322,84841
141323,54265
141324,89818
141325,120098
141326,92448
141327,92364
141328,78323
141329,79881
141330,43178
141331,98552
141332,89792
141333,114067
141334,81917
141335,108202
141336,107137
141337,46303
141338,99804
141339,94475
141340,47003
141341,46292
141342,48474
141343,108793
141344,95032
141345,105913
141346,88903
141347,46134
141348,42309
141349,46786
141350,97054
141351,101679
141352,98159
141353,112556
141354,48411
141355,47212
141356,100732
141357,94138
141358,117674
141359,50379
141360,92818
141361,43889
141362,95070
141363,98422
141364,47965
141365,79787
141366,49963
141367,45599
141368,90453
141369,46728
141370,111435
141371,99133
141372,125018
141373,100441
141374,88774
141375,86781
141376,96889
141377,96110
141378,45227
141379,94023
141380,101732
141381,47192
141382,97002
141383,43633
141384,92651
141385,104171
141386,90029
141387,77627
141388,48347
141389,46845
141390,83598
141391,109454
141392,99120
141393,49023
141394,78806
141395,99789
141396,46338
141397,87345
141398,88858
141399,44535
141400,79787
141401,106567
141402,92511
141403,118073
141404,51373
141405,88075
141406,104773
141407,96202
141408,100079
141409,46371
141410,96933
141411,99271
141412,106353
141413,110178
141414,51859
141415,42620
141416,101544
141417,48574
141418,93751
141419,44552
141420,105804
141421,125996
141422,44278
141423,44086
141424,96803
141425,87537
141426,87823
141427,42193
141428,96890
141429,102036
141430,42912
141431,101524
141432,85898
141433,103543
141434,96696
141435,102410
141436,45690
141437,118703
141438,45336
141439,119065
141440,46319
141441,105459
141442,44791
141443,122179
141444,97641
141445,118455
141446,92885
141447,90446
141448,42767
141449,89508
141450,45839
141451,44500
141452,106412
141453,42050
141454,88771
141455,43384
141456,48087
141457,82682
141458,81473
141459,95191
141460,119848
141461,109091
141462,90696
141463,76414
141464,100817
141465,95518
141466,43731
141467,97550
141468,94760
141469,99549
141470,98881
141471,91325
141472,91754
141473,105976
141474,99529
141475,89540
141476,102269
141477,80026
141478,118527
141479,88076
141480,98588
141481,107409
141482,124681
141483,90932
141484,43711
141485,45854
141486,104559
141487,44716
141488,96358
141489,51609
141490,126729
141491,45001
141492,101527
141493,93913
141494,103216
141495,42860
141496,98774
141497,100471
141498,95404
141499,126996
141500,50214
141501,46877
141502,44409
141503,87903
141504,46751
141505,43178
141506,97075
141507,110000
141508,85738
141509,78784
141510,42766
141511,103852
141512,84845
141513,84845
141514,55590
141515,91715
141516,112818
141517,90333
141518,111598
141519,81574
141520,84886
141521,94943
141522,99357
141523,42761
141524,50912
141525,91215
141526,43292
141527,44273
141528,90313
141529,89273
141530,105110
141531,90213
141532,98882
141533,46162
141534,44957
141535,49309
141536,46727
141537,88082
141538,122409
141539,79229
141540,104756
141541,80952
141542,104148
141543,91862
141544,105272
141545,99144
141546,106634
141547,94412
141548,84937
141549,122983
141550,119672
141551,107687
141552,44463
141553,43172
141554,47973
141555,43758
141556,103837
141557,100260
141558,100180
141559,43323
141560,43256
141561,47958
141562,105748
141563,43123
141564,53653
141565,98324
141566,45335
141567,100049
141568,43799
141569,108459
141570,112144
141571,45220
141572,103870
141573,106866
141574,97679
141575,46100
141576,45045
141577,110241
141578,46506
141579,97330
141580,90886
141581,47683
141582,47084
141583,100705
141584,98059
141585,88404
141586,86125
141587,44343
141588,90265
141589,98749
141590,85236
141591,45446
141592,99190
141593,43140
141594,86950
141595,86610
141596,112459
141597,44301
141598,94766
141599,99565
141600,101547
141601,44327
141602,91842
141603,104727
141604,45494
141605,55054
141606,85751
141607,48062
141608,87383
141609,83451
141610,92298
141611,45112
141612,95082
141613,87385
141614,82850
141615,102710
141616,91198
141617,77159
141618,46035
141619,42723
141620,79694
141621,106407
141622,100846
141623,119671
141624,106374
141625,45881
141626,85239
141627,44340
141628,46221
141629,117273
141630,94413
141631,130031
141632,104419
141633,95024
141634,82012
141635,95749
141636,84212
141637,112489
141638,126664
141639,42554
141640,112930
141641,95019
141642,118026
141643,88019
141644,89577
141645,95753
141646,97917
141647,44817
141648,93495
141649,46687
141650,129588
141651,92185
141652,89393
141653,92182
141654,82899
141655,49795
141656,97923
141657,107558
141658,87054
141659,87919
141660,83401
141661,74938
141662,103742
141663,118648
141664,97874
141665,102285
141666,96112
141667,45594
141668,52005
141669,92188
141670,124314
141671,86584
141672,98568
141673,109336
141674,42273
141675,93552
141676,47109
141677,95711
141678,46286
141679,86934
141680,43142
141681,95282
141682,43381
141683,85155
141684,99521
141685,91822
141686,109560
141687,99256
141688,43758
141689,92215
141690,51088
141691,100926
141692,47577
141693,102676
141694,43851
141695,128668
141696,88018
141697,42100
141698,46334
141699,101042
141700,119776
141701,45464
141702,79473
141703,46863
141704,43420
141705,94437
141706,84078
141707,44077
141708,111701
141709,97002
141710,44882
141711,86593
141712,97484
141713,99321
141714,131579
141715,79326
141716,95099
141717,101802
141718,108762
141719,93947
141720,94766
141721,47095
141722,102316
141723,92952
141724,77330
141725,100675
141726,101087
141727,101177
141728,46505
141729,112915
141730,104698
141731,42773
141732,92523
141733,45174
141734,45860
141735,103039
141736,84858
141737,107063
141738,100519
141739,92985
141740,97221
141741,91670
141742,77650
141743,88867
141744,126184
141745,88871
141746,96750
141747,91845
141748,46288
141749,77774
141750,107371
141751,43834
141752,105820
141753,86464
141754,98158
141755,43570
141756,87064
141757,122730
141758,84183
141759,51436
141760,41985
141761,43459
141762,111952
141763,46884
141764,93243
141765,47679
141766,47748
141767,103675
141768,45380
141769,91668
141770,84631
141771,43132
141772,84052
141773,106553
141774,104176
141775,114944
141776,46036
141777,100733
141778,47090
141779,97221
141780,47912
141781,109830
141782,97888
141783,41543
141784,92903
141785,90091
141786,100765
141787,46262
141788,75052
141789,108075
141790,93904
141791,94155
141792,93745
141793,43855
141794,121731
141795,101783
141796,46731
141797,92066
141798,116269
141799,42799
141800,101103
141801,44528
141802,48617
141803,90795
141804,42727
141805,93495
141806,81182
141807,122341
141808,124517
141809,50701
141810,83256
141811,97577
141812,44862
141813,44280
141814,116382
141815,45901
141816,48273
141817,101330
141818,86266
141819,115668
141820,92165
141821,108791
141822,96175
141823,88756
141824,101151
141825,46331
141826,110022
141827,118939
141828,87855
141829,110183
141830,102500
141831,95168
141832,83131
141833,97098
141834,94586
141835,104800
141836,108744
141837,109173
141838,93465
141839,46716
141840,122881
141841,105845
141842,99423
141843,108867
141844,48163
141845,91022
141846,45844
141847,116505
141848,125090
141849,105644
141850,46138
141851,121753
141852,83695
141853,106385
141854,129127
141855,97191
141856,101225
141857,90655
141858,94067
141859,44699
141860,47194
141861,44032
141862,109346
141863,45736
141864,102475
141865,82651
141866,89225
141867,110740
141868,43894
141869,84886
141870,45213
141871,51766
141872,107996
141873,92958
141874,44045
141875,101604
141876,110923
141877,105625
141878,99223
141879,83090
141880,90819
141881,98221
141882,78161
141883,91272
141884,108858
141885,101527
141886,45817
141887,100001
141888,100438
141889,102694
141890,99885
141891,48030
141892,105920
141893,48574
141894,116208
141895,48789
141896,133686
141897,86404
141898,92182
141899,42971
141900,87669
141901,52528
141902,42098
141903,96244
141904,125692
141905,77607
141906,45040
141907,90404
141908,89872
141909,93253
141910,77859
141911,81583
141912,101796
141913,46801
141914,43849
141915,45464
141916,102982
141917,117051
141918,85756
141919,98839
141920,105208
141921,113544
141922,101044
141923,107373
141924,42936
141925,45322
141926,96792
141927,43619
141928,93609
141929,96711
141930,45920
141931,45187
141932,96509
141933,105056
141934,48010
141935,84390
141936,43357
141937,76115
141938,99210
141939,46370
141940,105592
141941,111896
141942,47143
141943,90297
141944,84761
141945,45499
141946,83882
141947,90026
141948,83147
141949,85239
141950,92959
141951,52115
141952,87303
141953,116465
141954,101102
141955,84612
141956,110941
141957,52513
141958,89750
141959,93495
141960,47518
141961,82395
141962,43584
141963,90189
141964,89624
141965,43606
141966,118549
141967,96593
141968,46069
141969,79453
141970,119851
141971,108917
141972,46382
141973,44696
141974,44734
141975,91180
141976,45603
141977,42478
141978,109419
141979,45981
141980,91157
141981,121325
141982,99194
141983,101550
141984,43653
141985,86178
141986,97939
141987,49592
141988,104120
141989,127684
141990,48745
141991,83009
141992,105854
141993,99168
141994,88971
141995,97721
141996,103442
141997,106421
141998,108074
141999,98999
142000,44233
142001,99278
142002,94983
142003,86950
142004,45051
142005,104122
142006,46341
142007,86347
142008,91611
142009,96485
142010,45831
142011,94021
142012,86207
142013,100887
142014,102570
142015,80932
142016,43234
142017,46666
142018,96364
142019,117170
142020,43635
142021,79431
142022,105604
142023,98784
142024,98593
142025,42766
142026,106712
142027,94029
142028,48802
142029,45964
142030,101568
142031,45446
142032,50964
142033,108179
142034,106751
142035,111543
142036,87850
142037,77650
142038,45583
142039,126941
142040,44340
142041,48228
142042,104479
142043,44404
142044,44653
142045,105351
142046,84891
142047,82285
142048,116239
142049,136364
142050,44755
142051,46117
142052,47245
142053,123114
142054,109864
142055,105662
142056,127263
142057,79626
142058,44943
142059,104832
142060,120684
142061,47139
142062,45327
142063,89281
142064,46897
142065,46724
142066,79745
142067,87509
142068,44899
142069,83520
142070,46561
142071,53615
142072,125744
142073,44237
142074,46444
142075,87787
142076,121344
142077,90464
142078,49620
142079,81453
142080,87644
142081,45356
142082,85693
142083,118462
142084,102412
142085,43825
142086,111611
142087,80464
142088,98557
142089,54556
142090,98113
142091,44987
142092,112807
142093,93224
142094,106319
142095,98330
142096,42969
142097,47035
142098,82773
142099,90729
142100,101208
142101,99164
142102,44493
142103,116176
142104,96028
142105,93467
142106,113630
142107,89154
142108,119888
142109,97226
142110,43298
142111,51218
142112,86659
142113,86996
142114,92634
142115,50257
142116,99963
142117,119280
142118,83480
142119,102625
142120,43185
142121,44967
142122,81820
142123,95854
142124,121917
142125,94360
142126,50015
142127,93671
142128,104715
142129,89145
142130,47731
142131,88760
142132,88237
142133,93579
142134,127396
142135,115002
142136,47029
142137,85247
142138,49135
142139,54749
142140,45791
142141,43496
142142,91282
142143,89348
142144,79847
142145,87296
142146,92885
142147,88026
142148,90133
142149,88958
142150,82730
142151,80005
142152,45127
142153,46912
142154,80464
142155,99857
142156,121900
142157,44478
142158,116209
142159,107059
142160,89297
142161,78440
142162,82464
142163,87068
142164,45124
142165,88939
142166,99598
142167,92268
142168,96391
142169,48824
142170,104741
142171,99215
142172,101583
142173,109571
142174,101584
142175,48607
142176,87315
142177,118532
142178,42092
142179,105064
142180,84977
142181,47533
142182,122483
142183,53451
142184,43072
142185,44287
142186,88867
142187,88680
142188,108881
142189,102541
142190,125014
142191,43130
142192,114165
142193,90445
142194,50763
142195,44838
142196,104070
142197,82409
142198,97693
142199,124418
142200,121444
142201,118747
142202,88905
142203,45511
142204,78115
142205,106374
142206,45272
142207,116843
142208,47652
142209,114638
142210,52220
142211,101647
142212,46836
142213,46670
142214,97623
142215,43032
142216,45713
142217,43229
142218,55081
142219,100618
142220,97600
142221,113636
142222,87509
142223,87160
142224,96585
142225,43198
142226,77774
142227,93274
142228,78406
142229,94741
142230,44084
142231,83993
142232,87531
142233,57742
142234,105493
142235,46017
142236,46683
142237,79056
142238,45621
142239,101940
142240,93353
142241,120400
142242,45159
142243,100522
142244,45452
142245,49073
142246,43381
142247,45494
142248,116327
142249,137031
142250,112479
142251,96058
142252,101540
142253,43392
142254,94545
142255,49711
142256,98202
142257,88264
142258,94654
142259,88063
142260,99327
142261,47058
142262,96563
142263,88126
142264,107131
142265,111001
142266,100302
142267,48014
142268,41221
142269,85625
142270,49103
142271,42326
142272,111725
142273,46513
142274,43610
142275,101955
142276,87076
142277,50924
142278,89352
142279,113915
142280,93042
142281,47191
142282,108054
142283,136255
142284,42735
142285,88870
142286,44432
142287,89887
142288,45152
142289,47805
142290,77330
142291,48907
142292,100180
142293,106646
142294,104145
142295,91056
142296,99458
142297,115685
142298,91186
142299,50729
142300,92287
142301,83680
142302,83739
142303,80744
142304,48128
142305,85900
142306,119807
142307,94582
142308,92634
142309,100666
142310,86466
142311,110992
142312,95121
142313,121005
142314,44108
142315,90580
142316,45433
142317,116416
142318,44968
142319,44111
142320,45078
142321,92493
142322,92954
142323,84625
142324,88427
142325,45275
142326,103293
142327,45676
142328,111597
142329,99082
142330,83470
142331,45617
142332,103383
142333,101494
142334,54705
142335,103948
142336,100016
142337,43170
142338,82362
142339,45814
142340,90354
142341,50401
142342,44600
142343,45030
142344,88078
142345,47079
142346,118277
142347,44038
142348,101205
142349,95164
142350,134416
142351,98114
142352,94006
142353,97316
142354,105895
142355,45678
142356,77422
142357,81429
142358,103293
142359,79442
142360,101814
142361,47338
142362,46738
142363,80787
142364,110599
142365,118950
142366,90477
142367,45921
142368,93171
142369,76535
142370,89155
142371,46270
142372,88481
142373,100322
142374,44899
142375,94871
142376,128112
142377,54756
142378,99336
142379,90073
142380,102311
142381,92159
142382,94568
142383,42764
142384,87672
142385,89365
142386,103628
142387,110384
142388,95335
142389,83083
142390,96307
142391,98741
142392,83938
142393,43392
142394,106622
142395,118289
142396,82026
142397,114542
142398,96972
142399,98863
142400,43535
142401,77218
142402,42804
142403,45911
142404,102036
142405,45498
142406,90537
142407,96866
142408,42875
142409,100827
142410,44310
142411,101276
142412,84183
142413,106888
142414,85339
142415,86810
142416,105887
142417,46424
142418,43989
142419,93461
142420,126535
142421,88122
142422,97682
142423,104885
142424,103948
142425,111586
142426,46140
142427,104397
142428,96641
142429,89388
142430,95163
142431,42950
142432,108486
142433,80033
142434,102625
142435,89160
142436,79966
142437,99128
142438,99750
142439,85189
142440,79024
142441,46728
142442,114336
142443,99492
142444,102806
142445,121259
142446,91627
142447,43385
142448,101194
142449,44373
142450,105110
142451,81503
142452,99221
142453,84379
142454,124505
142455,90120
142456,41814
142457,120479
142458,88386
142459,95626
142460,101141
142461,103975
142462,83707
142463,89651
142464,45844
142465,86928
142466,82294
142467,45854
142468,120526
142469,91745
142470,92798
142471,119869
142472,45277
142473,90706
142474,88191
142475,96630
142476,114850
142477,90502
142478,123917
142479,92861
142480,50977
142481,99584
142482,96055
142483,116217
142484,87703
142485,102634
142486,91697
142487,92138
142488,102797
142489,122351
142490,44111
142491,93912
142492,48627
142493,104385
142494,43888
142495,93469
142496,93256
142497,91229
142498,101940
142499,97238
142500,123734
142501,108090
142502,45503
142503,43479
142504,89723
142505,49502
142506,93731
142507,121259
142508,112489
142509,120698
142510,48764
142511,124165
142512,43728
142513,86007
142514,44516
142515,45500
142516,52472
142517,105142
142518,119956
142519,45161
142520,98447
142521,50531
142522,91429
142523,42510
142524,45155
142525,84353
142526,95336
142527,101783
142528,46781
142529,92084
142530,45672
142531,99327
142532,44604
142533,45845
142534,43907
142535,122865
142536,93137
142537,101168
142538,124593
142539,100656
142540,83147
142541,94246
142542,101355
142543,92937
142544,104309
142545,78148
142546,100117
142547,99324
142548,86660
142549,105635
142550,101068
142551,81349
142552,95888
142553,100488
142554,45919
142555,110587
142556,43458
142557,83827
142558,50113
142559,44047
142560,84569
142561,99968
142562,44629
142563,48206
142564,42684
142565,93736
142566,119054
142567,47075
142568,44404
142569,106103
142570,86195
142571,100741
142572,98867
142573,100907
142574,104353
142575,107286
142576,42170
142577,121512
142578,118746
142579,86218
142580,101458
142581,45418
142582,92887
142583,101865
142584,43464
142585,47547
142586,44266
142587,87768
142588,44177
142589,46842
142590,104951
142591,118708
142592,88987
142593,43564
142594,90818
142595,46729
142596,81622
142597,125683
142598,80236
142599,96777
142600,98458
142601,42764
142602,101457
142603,44486
142604,97093
142605,46907
142606,46732
142607,93643
142608,117867
142609,104542
142610,44208
142611,91823
142612,117116
142613,98047
142614,44263
142615,46303
142616,49504
142617,116123
142618,43527
142619,86046
142620,42781
142621,114718
142622,86818
142623,80033
142624,124534
142625,104628
142626,117633
142627,94060
142628,46758
142629,78935
142630,91333
142631,101669
142632,104922
142633,114891
142634,84011
142635,104570
142636,109072
142637,88035
142638,45848
142639,45678
142640,102543
142641,91796
142642,112208
142643,125764
142644,87995
142645,96219
142646,95402
142647,103638
142648,83725
142649,127718
142650,86340
142651,45030
142652,93230
142653,88937
142654,78475
142655,101504
142656,87331
142657,121580
142658,45658
142659,42021
142660,43575
142661,43197
142662,81052
142663,91984
142664,103460
142665,106916
142666,121259
142667,42435
142668,98456
142669,97177
142670,84964
142671,49264
142672,45079
142673,91902
142674,91198
142675,124872
142676,84886
142677,105829
142678,48010
142679,96563
142680,50020
142681,87066
142682,46708
142683,104535
142684,45233
142685,49849
142686,47531
142687,46577
142688,93208
142689,92103
142690,104484
142691,85936
142692,97911
142693,82516
142694,99968
142695,101532
142696,102788
142697,95002
142698,86791
142699,120702
142700,83739
142701,48029
142702,94190
142703,86290
142704,96763
142705,102509
142706,106811
142707,106890
142708,42111
142709,46655
142710,44765
142711,91280
142712,118481
142713,44308
142714,44366
142715,100327
142716,107026
142717,77071
142718,93178
142719,87245
142720,104012
142721,46228
142722,108492
142723,88731
142724,104582
142725,44727
142726,95928
142727,86129
142728,81636
142729,90656
142730,42242
142731,88488
142732,43064
142733,44837
142734,83147
142735,51165
142736,46786
142737,45475
142738,43270
142739,97325
142740,90723
142741,44079
142742,92352
142743,47620
142744,95089
142745,123111
142746,100045
142747,101031
142748,84826
142749,105383
142750,105908
142751,93676
142752,51068
142753,75763
142754,95565
142755,78609
142756,50872
142757,45552
142758,114643
142759,115809
142760,122494
142761,45258
142762,84822
142763,99800
142764,103428
142765,140412
142766,109137
142767,48574
142768,98734
142769,44233
142770,83499
142771,136019
142772,83083
142773,111710
142774,44103
142775,51188
142776,45431
142777,45464
142778,42799
142779,83623
142780,102389
142781,44425
142782,89193
142783,97298
142784,94946
142785,123287
142786,87411
142787,80828
142788,106561
142789,93479
142790,115473
142791,43194
142792,96418
142793,87021
142794,99293
142795,45165
142796,84928
142797,114226
142798,116063
142799,102433
142800,49281
142801,89574
142802,126941
142803,45428
142804,77118
142805,45452
142806,85918
142807,115230
142808,98892
142809,45079
142810,44314
142811,83775
142812,120831
142813,109722
142814,50234
142815,89198
142816,44755
142817,45832
142818,48903
142819,110105
142820,46467
142821,89822
142822,44724
142823,46399
142824,104955
142825,86376
142826,90202
142827,80606
142828,44249
142829,43693
142830,95425
142831,46111
142832,44602
142833,44235
142834,114473
142835,90768
142836,43803
142837,44492
142838,93644
142839,88628
142840,43399
142841,88022
142842,92244
142843,51252
142844,78550
142845,99492
142846,46329
142847,94459
142848,43353
142849,44383
142850,46536
142851,97208
142852,48628
142853,103857
142854,80483
142855,121639
142856,101490
142857,45702
142858,124108
142859,50352
142860,47700
142861,106310
142862,105251
142863,103476
142864,89501
142865,46697
142866,46280
142867,81468
142868,44316
142869,51142
142870,85247
142871,101916
142872,100302
142873,110468
142874,93398
142875,93320
142876,95083
142877,44127
142878,85644
142879,98927
142880,126997
142881,104442
142882,102704
142883,46148
142884,87328
142885,104787
142886,83256
142887,84333
142888,54136
142889,99417
142890,44438
142891,48022
142892,90335
142893,83839
142894,98124
142895,86913
142896,44333
142897,97230
142898,93621
142899,91461
142900,42867
142901,106187
142902,101631
142903,47583
142904,44153
142905,43115
142906,93376
142907,117437
142908,93921
142909,44682
142910,98826
142911,95756
142912,105734
142913,44520
142914,98591
142915,45181
142916,81212
142917,81102
142918,107862
142919,86253
142920,117906
142921,105454
142922,82939
142923,87753
142924,87988
142925,84549
142926,86312
142927,101205
142928,138209
142929,43293
142930,84748
142931,112474
142932,90565
142933,51551
142934,108337
142935,104010
142936,48965
142937,49708
142938,89273
142939,51457
142940,81199
142941,46409
142942,45475
142943,108886
142944,46300
142945,90228
142946,45254
142947,46593
142948,45244
142949,108599
142950,43509
142951,101772
142952,84230
142953,84851
142954,43548
142955,85899
142956,80906
142957,106970
142958,87609
142959,78251
142960,89239
142961,106957
142962,52144
142963,83724
142964,48770
142965,115813
142966,52121
142967,80073
142968,104371
142969,49264
142970,106594
142971,86466
142972,107935
142973,88101
142974,84238
142975,43836
142976,54446
142977,46535
142978,98600
142979,99066
142980,91735
142981,96468
142982,97639
142983,80192
142984,86981
142985,110345
142986,94912
142987,100077
142988,45873
142989,46259
142990,46949
142991,94485
142992,99572
142993,44098
142994,80972
142995,86529
142996,104861
142997,91547
142998,42948
142999,81337
143000,101153
143001,52146
143002,47030
143003,83536
143004,92288
143005,97972
143006,72367
143007,87274
143008,43876
143009,98307
143010,89213
143011,44235
143012,49618
143013,44804
143014,102664
143015,93368
143016,92811
143017,93447
143018,45961
143019,44086
143020,47003
143021,102071
143022,49252
143023,103578
143024,88407
143025,46373
143026,103851
143027,87922
143028,82628
143029,97325
143030,114340
143031,92804
143032,46584
143033,76886
143034,85810
143035,44523
143036,103925
143037,85898
143038,42853
143039,123861
143040,118464
143041,97887
143042,76649
143043,97275
143044,96175
143045,45794
143046,127899
143047,79476
143048,90646
143049,99363
143050,45109
143051,95516
143052,44234
143053,47378
143054,44201
143055,47336
143056,94765
143057,45767
143058,83582
143059,77104
143060,98350
143061,101709
143062,46947
143063,46845
143064,91301
143065,51717
143066,101691
143067,47817
143068,41179
143069,44095
143070,80881
143071,118664
143072,84666
143073,88834
143074,110496
143075,87345
143076,45736
143077,47836
143078,80947
143079,83080
143080,44194
143081,126853
143082,101900
143083,109309
143084,49099
143085,93290
143086,43823
143087,95301
143088,107013
143089,94616
143090,102349
143091,42750
143092,47760
143093,84841
143094,43028
143095,47772
143096,43817
143097,98590
143098,93622
143099,96449
143100,110411
143101,82682
143102,83680
143103,105969
143104,77985
143105,108357
143106,112827
143107,101760
143108,46353
143109,45677
143110,89385
143111,106061
143112,43043
143113,43322
143114,81395
143115,92259
143116,42429
143117,82875
143118,75907
143119,114540
143120,104692
143121,85436
143122,103339
143123,45791
143124,44392
143125,45943
143126,88420
143127,127884
143128,97170
143129,44922
143130,96494
143131,50101
143132,103672
143133,104349
143134,53901
143135,86488
143136,45606
143137,100138
143138,94155
143139,48434
143140,109598
143141,75772
143142,104399
143143,47047
143144,106046
143145,99505
143146,43268
143147,44309
143148,103568
143149,97665
143150,53163
143151,118655
143152,90352
143153,45695
143154,97905
143155,125862
143156,91627
143157,113677
143158,94152
143159,78923
143160,110700
143161,80771
143162,47861
143163,92407
143164,46419
143165,83249
143166,46245
143167,43836
143168,96803
143169,92681
143170,85654
143171,87659
143172,96280
143173,45961
143174,97451
143175,98209
143176,45753
143177,118546
143178,44386
143179,43890
143180,48205
143181,99194
143182,109298
143183,56831
143184,78566
143185,80543
143186,109751
143187,107959
143188,101168
143189,44039
143190,85605
143191,44782
143192,119574
143193,99965
143194,109785
143195,102531
143196,92084
143197,44955
143198,94583
143199,101427
143200,108112
143201,118425
143202,98430
143203,87673
143204,43147
143205,81069
143206,43678
143207,47376
143208,44547
143209,102420
143210,88036
143211,102713
143212,92287
143213,43715
143214,44587
143215,50871
143216,78993
143217,110482
143218,88138
143219,104994
143220,44347
143221,89008
143222,99293
143223,92155
143224,97284
143225,48725
143226,118363
143227,111575
143228,45612
143229,102995
143230,117856
143231,88727
143232,103479
143233,46840
143234,98739
143235,45930
143236,45576
143237,86334
143238,113782
143239,86395
143240,83987
143241,46240
143242,46055
143243,95176
143244,85029
143245,131572
143246,108710
143247,113591
143248,98902
143249,95919
143250,82467
143251,109943
143252,88786
143253,45638
143254,116505
143255,119468
143256,94062
143257,111428
143258,125775
143259,111050
143260,47710
143261,82725
143262,94955
143263,89499
143264,82002
143265,50567
143266,83432
143267,43627
143268,97119
143269,104669
143270,87054
143271,89555
143272,101494
143273,99843
143274,44528
143275,95032
143276,102932
143277,44832
143278,45088
143279,77494
143280,46068
143281,47965
143282,47385
143283,87525
143284,43385
143285,104591
143286,44404
143287,46818
143288,83931
143289,99053
143290,44084
143291,49738
143292,79626
143293,83364
143294,41581
143295,99981
143296,139762
143297,102928
143298,94533
143299,102816
143300,104283
143301,46271
143302,45158
143303,43020
143304,101647
143305,87490
143306,47599
143307,43508
143308,105824
143309,99166
143310,53078
143311,83065
143312,85460
143313,46457
143314,95624
143315,90592
143316,108911
143317,43210
143318,44768
143319,44347
143320,98179
143321,99224
143322,88464
143323,88975
143324,127595
143325,88071
143326,86723
143327,90447
143328,51496
143329,45714
143330,91403
143331,97252
143332,91788
143333,87629
143334,97088
143335,81282
143336,101095
143337,83253
143338,44694
143339,45159
143340,91699
143341,101648
143342,48916
143343,127476
143344,124180
143345,43379
143346,103011
143347,41325
143348,94216
143349,93833
143350,44767
143351,111996
143352,42176
143353,45385
143354,109911
143355,110775
143356,83311
143357,88731
143358,120007
143359,128172
143360,101935
143361,110504
143362,83623
143363,44895
143364,96545
143365,100992
143366,48570
143367,89311
143368,42438
143369,100028
143370,95830
143371,107454
143372,47298
143373,96172
143374,92920
143375,86283
143376,96214
143377,97468
143378,114212
143379,105640
143380,93319
143381,47000
143382,45801
143383,101021
143384,94557
143385,120891
143386,46987
143387,46762
143388,101118
143389,43795
143390,95135
143391,105196
143392,43659
143393,108899
143394,114204
143395,99746
143396,85604
143397,86023
143398,44376
143399,112559
143400,115339
143401,94557
143402,131362
143403,77289
143404,45784
143405,87892
143406,43675
143407,98449
143408,82993
143409,115802
143410,104399
143411,44519
143412,86650
143413,75475
143414,47354
143415,58468
143416,104983
143417,93760
143418,98761
143419,47115
143420,43014
143421,98895
143422,106757
143423,44218
143424,120323
143425,98177
143426,122162
143427,46624
143428,117437
143429,96818
143430,87101
143431,105682
143432,94494
143433,95711
143434,49842
143435,43798
143436,100817
143437,93263
143438,43651
143439,44215
143440,123978
143441,44229
143442,89958
143443,96297
143444,102792
143445,100593
143446,99180
143447,77146
143448,91354
143449,44844
143450,92444
143451,112723
143452,52827
143453,78928
143454,77841
143455,87796
143456,99789
143457,47300
143458,43836
143459,44094
143460,95229
143461,111898
143462,83680
143463,79419
143464,79871
143465,46212
143466,43653
143467,113075
143468,94233
143469,105293
143470,95316
143471,104800
143472,101664
143473,110822
143474,87144
143475,112291
143476,101613
143477,103089
143478,101790
143479,44763
143480,45057
143481,48049
143482,101503
143483,94706
143484,88470
143485,84562
143486,112806
143487,100101
143488,81270
143489,88806
143490,81524
143491,99256
143492,120565
143493,45973
143494,98287
143495,94413
143496,90340
143497,44148
143498,111537
143499,42224
143500,45461
143501,105399
143502,89830
143503,46294
143504,117710
143505,46628
143506,46002
143507,91808
143508,117346
143509,48686
143510,80088
143511,77437
143512,102316
143513,123730
143514,46108
143515,92346
143516,109022
143517,99202
143518,83699
143519,105391
143520,94578
143521,95144
143522,45231
143523,44201
143524,51709
143525,111761
143526,85213
143527,50705
143528,92263
143529,82594
143530,44546
143531,99264
143532,45424
143533,46354
143534,57866
143535,92313
143536,107737
143537,97498
143538,111365
143539,45784
143540,42874
143541,92564
143542,83417
143543,94663
143544,113641
143545,97657
143546,103512
143547,91453
143548,107623
143549,99896
143550,44755
143551,46659
143552,100777
143553,90174
143554,87247
143555,88113
143556,87066
143557,98656
143558,100234
143559,95423
143560,118886
143561,86896
143562,95450
143563,96186
143564,79503
143565,107215
143566,81199
143567,43694
143568,85734
143569,87672
143570,99968
143571,123162
143572,110237
143573,46743
143574,88914
143575,99747
143576,80824
143577,98043
143578,97416
143579,91893
143580,103623
143581,90920
143582,94063
143583,95835
143584,101594
143585,46329
143586,94155
143587,125946
143588,83442
143589,94906
143590,106063
143591,105049
143592,97932
143593,94413
143594,45323
143595,113565
143596,102887
143597,90481
143598,49691
143599,47591
143600,46660
143601,43018
143602,79391
143603,46779
143604,97203
143605,42533
143606,113223
143607,109618
143608,97708
143609,98244
143610,93630
143611,104466
143612,88025
143613,98726
143614,85460
143615,101495
143616,118038
143617,124877
143618,43483
143619,45211
143620,46692
143621,45915
143622,100130
143623,101527
143624,46877
143625,50443
143626,117419
143627,119143
143628,80636
143629,46039
143630,109260
143631,99711
143632,139628
143633,89971
143634,44230
143635,52838
143636,126941
143637,53036
143638,108421
143639,43210
143640,43655
143641,99059
143642,103294
143643,106783
143644,78305
143645,90799
143646,41854
143647,47314
143648,43745
143649,87086
143650,115515
143651,45547
143652,99540
143653,46418
143654,117136
143655,91853
143656,100463
143657,86821
143658,133611
143659,41691
143660,102961
143661,45347
143662,112487
143663,109995
143664,113065
143665,82877
143666,46467
143667,111587
143668,94894
143669,91586
143670,51212
143671,89334
143672,86159
143673,46678
143674,89494
143675,117174
143676,104501
143677,45068
143678,45576
143679,128384
143680,109625
143681,94758
143682,94204
143683,101445
143684,42900
143685,48714
143686,99958
143687,90958
143688,93853
143689,90418
143690,96674
143691,83001
143692,44709
143693,43831
143694,110269
143695,46398
143696,95866
143697,83203
143698,93756
143699,100678
143700,88246
143701,108357
143702,83001
143703,100826
143704,97890
143705,87559
143706,79502
143707,122043
143708,79106
143709,103510
143710,83816
143711,110930
143712,44363
143713,87504
143714,44036
143715,102928
143716,97054
143717,92419
143718,84218
143719,42591
143720,43131
143721,86750
143722,81494
143723,89351
143724,45686
143725,47780
143726,114444
143727,94953
143728,99800
143729,54204
143730,48207
143731,98153
143732,47547
143733,42730
143734,117259
143735,87644
143736,89272
143737,100503
143738,85936
143739,97592
143740,43873
143741,112296
143742,83850
143743,100654
143744,92038
143745,103148
143746,102903
143747,53906
143748,77620
143749,47308
143750,130556
143751,102370
143752,113312
143753,126856
143754,85339
143755,113413
143756,91705
143757,94112
143758,99907
143759,121316
143760,88934
143761,104808
143762,101327
143763,83147
143764,95882
143765,96678
143766,41890
143767,103847
143768,43731
143769,45127
143770,46373
143771,78453
143772,88076
143773,105391
143774,52379
143775,44567
143776,108867
143777,90213
143778,101901
143779,43307
143780,94285
143781,97892
143782,44278
143783,43135
143784,88427
143785,74932
143786,84137
143787,100682
143788,116919
143789,44777
143790,44890
143791,99686
143792,86492
143793,47242
143794,94024
143795,97460
143796,100826
143797,108829
143798,84362
143799,113800
143800,106660
143801,99145
143802,94413
143803,94859
143804,95028
143805,91880
143806,116036
143807,98811
143808,45053
143809,49841
143810,45553
143811,83423
143812,96674
143813,42692
143814,92816
143815,91604
143816,96544
143817,94032
143818,88769
143819,52205
143820,91619
143821,53448
143822,45502
143823,93495
143824,84018
143825,86734
143826,100324
143827,85416
143828,93038
143829,102056
143830,101216
143831,46854
143832,44323
143833,45485
143834,43857
143835,86169
143836,107405
143837,102229
143838,103654
143839,45363
143840,118556
143841,101780
143842,51732
143843,96577
143844,88492
143845,111259
143846,107438
143847,84945
143848,113020
143849,44788
143850,43991
143851,42139
143852,78070
143853,47811
143854,47354
143855,44201
143856,87955
143857,99479
143858,88276
143859,53999
143860,103320
143861,81362
143862,51729
143863,46352
143864,44132
143865,89477
143866,116631
143867,100199
143868,78844
143869,91757
143870,104747
143871,92423
143872,121667
143873,86367
143874,98612
143875,119198
143876,90328
143877,52589
143878,114907
143879,86830
143880,47036
143881,113857
143882,117676
143883,77843
143884,42510
143885,44837
143886,89485
143887,94878
143888,41075
143889,88616
143890,134556
143891,45987
143892,76880
143893,82031
143894,45072
143895,95865
143896,46472
143897,44787
143898,98916
143899,89485
143900,45617
143901,119639
143902,95122
143903,95415
143904,97002
143905,48658
143906,85416
143907,109064
143908,81900
143909,129748
143910,44427
143911,86446
143912,101732
143913,74151
143914,98617
143915,118867
143916,55715
143917,90460
143918,93166
143919,99549
143920,91628
143921,83995
143922,45979
143923,99006
143924,46333
143925,43281
143926,98274
143927,44755
143928,120493
143929,80400
143930,101555
143931,44074
143932,102178
143933,43485
143934,79514
143935,99164
143936,43604
143937,78812
143938,43267
143939,84312
143940,83134
143941,47009
143942,44342
143943,45005
143944,98699
143945,81263
143946,88038
143947,118095
143948,50263
143949,96018
143950,101455
143951,97887
143952,102834
143953,74950
143954,85063
143955,81681
143956,118886
143957,100782
143958,88109
143959,43100
143960,46188
143961,102967
143962,125090
143963,78426
143964,44327
143965,101826
143966,82200
143967,44404
143968,44427
143969,97839
143970,87621
143971,97758
143972,46770
143973,93237
143974,100435
143975,85970
143976,42921
143977,82829
143978,44412
143979,97990
143980,44120
143981,40261
143982,43700
143983,49892
143984,44687
143985,78327
143986,50714
143987,81458
143988,56484
143989,48195
143990,94826
143991,47249
143992,46983
143993,51312
143994,111337
143995,86878
143996,43681
143997,102276
143998,42584
143999,45228
144000,101107
144001,94460
144002,46544
144003,107099
144004,104695
144005,44852
144006,107400
144007,104582
144008,119430
144009,43568
144010,100030
144011,124451
144012,50278
144013,100077
144014,95360
144015,100264
144016,95150
144017,94766
144018,87128
144019,47932
144020,46535
144021,90343
144022,92904
144023,116738
144024,43381
144025,45730
144026,44904
144027,98760
144028,83724
144029,107173
144030,46388
144031,42163
144032,47520
144033,43522
144034,80810
144035,82548
144036,101004
144037,110379
144038,97067
144039,92884
144040,104165
144041,46307
144042,84549
144043,52677
144044,45489
144045,105153
144046,91322
144047,104511
144048,49885
144049,103810
144050,94062
144051,107669
144052,118487
144053,86322
144054,43902
144055,88934
144056,96767
144057,91066
144058,118444
144059,46858
144060,88895
144061,98894
144062,91379
144063,112144
144064,90437
144065,102108
144066,86425
144067,44349
144068,46173
144069,93631
144070,111763
144071,104331
144072,46445
144073,54582
144074,98575
144075,116560
144076,85405
144077,100086
144078,44723
144079,93751
144080,45324
144081,97850
144082,99297
144083,110063
144084,48390
144085,83116
144086,83553
144087,44201
144088,96737
144089,111868
144090,118590
144091,44333
144092,91768
144093,94135
144094,43838
144095,47145
144096,45923
144097,98372
144098,78220
144099,75163
144100,88826
144101,54559
144102,91792
144103,55873
144104,43461
144105,96802
144106,112869
144107,45700
144108,94616
144109,102756
144110,88344
144111,50353
144112,117618
144113,44623
144114,44604
144115,85270
144116,45246
144117,43060
144118,41630
144119,52234
144120,81913
144121,89695
144122,89585
144123,92313
144124,98291
144125,111063
144126,86361
144127,95792
144128,107210
144129,42844
144130,79033
144131,120688
144132,104879
144133,107064
144134,87964
144135,49567
144136,83468
144137,45498
144138,99897
144139,45079
144140,104091
144141,91395
144142,101677
144143,47478
144144,47868
144145,45517
144146,78775
144147,83419
144148,43983
144149,93597
144150,47961
144151,85036
144152,98218
144153,90169
144154,90591
144155,90068
144156,116742
144157,98204
144158,105119
144159,47369
144160,91770
144161,85381
144162,106843
144163,46078
144164,110920
144165,108931
144166,95314
144167,116586
144168,87974
144169,90245
144170,104478
144171,87991
144172,88887
144173,46624
144174,93548
144175,118784
144176,108205
144177,124807
144178,43014
144179,101087
144180,49391
144181,83576
144182,114992
144183,95715
144184,45924
144185,101977
144186,99343
144187,47323
144188,41898
144189,111060
144190,95772
144191,90646
144192,83572
144193,44320
144194,97247
144195,43251
144196,77160
144197,96201
144198,99573
144199,46117
144200,75595
144201,98433
144202,112774
144203,48740
144204,44289
144205,46259
144206,116220
144207,115314
144208,96126
144209,102478
144210,104032
144211,134510
144212,43990
144213,48751
144214,99457
144215,86702
144216,113430
144217,106240
144218,52938
144219,41517
144220,83577
144221,98339
144222,43797
144223,92779
144224,104649
144225,102289
144226,47394
144227,46860
144228,92081
144229,43774
144230,86233
144231,111686
144232,45030
144233,46033
144234,96570
144235,46927
144236,83583
144237,97474
144238,96080
144239,99379
144240,101709
144241,45137
144242,47293
144243,94744
144244,98993
144245,53987
144246,80662
144247,96543
144248,47314
144249,40908
144250,83256
144251,124510
144252,46624
144253,93353
144254,103498
144255,101506
144256,100145
144257,88881
144258,94314
144259,99682
144260,87977
144261,90248
144262,86410
144263,95175
144264,81632
144265,100522
144266,78653
144267,43296
144268,48640
144269,98000
144270,46434
144271,45877
144272,110726
144273,44470
144274,43575
144275,109750
144276,91855
144277,90792
144278,100049
144279,93941
144280,50002
144281,50853
144282,102706
144283,50053
144284,81830
144285,138747
144286,44905
144287,96054
144288,44599
144289,45682
144290,46575
144291,79966
144292,95644
144293,45677
144294,106424
144295,93077
144296,92454
144297,97340
144298,84878
144299,125951
144300,46298
144301,84716
144302,50932
144303,105295
144304,84663
144305,95659
144306,100753
144307,111994
144308,115208
144309,45697
144310,55193
144311,96876
144312,93335
144313,44383
144314,43848
144315,92659
144316,100974
144317,44485
144318,104062
144319,94474
144320,77237
144321,46990
144322,98528
144323,100006
144324,112229
144325,100563
144326,46551
144327,42799
144328,93602
144329,47538
144330,124795
144331,89197
144332,80082
144333,104358
144334,45705
144335,101872
144336,108106
144337,85500
144338,103288
144339,98458
144340,51483
144341,99603
144342,46992
144343,93328
144344,81393
144345,46844
144346,131553
144347,102987
144348,83724
144349,108069
144350,96581
144351,90599
144352,105662
144353,83812
144354,49700
144355,115758
144356,80005
144357,78774
144358,42475
144359,91103
144360,45465
144361,82283
144362,119356
144363,105436
144364,53300
144365,45655
144366,105920
144367,43475
144368,120824
144369,82244
144370,108997
144371,41596
144372,84007
144373,46155
144374,84154
144375,118978
144376,79237
144377,97659
144378,102270
144379,109624
144380,91385
144381,101167
144382,137165
144383,84708
144384,47817
144385,91206
144386,44606
144387,41001
144388,111938
144389,102439
144390,44852
144391,80438
144392,80120
144393,43753
144394,44074
144395,107099
144396,94431
144397,106833
144398,47028
144399,100894
144400,95174
144401,45766
144402,108735
144403,101538
144404,97103
144405,86799
144406,55626
144407,100695
144408,46888
144409,44404
144410,52733
144411,101872
144412,94394
144413,110155
144414,94626
144415,57880
144416,100254
144417,100987
144418,96057
144419,107447
144420,104476
144421,90099
144422,81270
144423,44204
144424,114520
144425,109187
144426,119998
144427,119156
144428,45601
144429,126561
144430,47077
144431,94182
144432,84841
144433,114105
144434,119192
144435,86533
144436,45104
144437,92919
144438,85449
144439,111447
144440,43234
144441,47205
144442,44590
144443,97360
144444,120494
144445,84082
144446,94257
144447,83915
144448,99041
144449,94314
144450,96030
144451,45678
144452,44604
144453,46116
144454,44841
144455,103054
144456,90690
144457,91422
144458,44162
144459,107864
144460,125306
144461,57184
144462,84022
144463,119821
144464,128060
144465,99457
144466,45314
144467,97062
144468,46227
144469,46414
144470,89694
144471,47937
144472,43954
144473,96167
144474,107091
144475,87656
144476,44400
144477,85746
144478,90429
144479,89063
144480,110840
144481,83247
144482,84458
144483,108213
144484,92470
144485,82667
144486,110223
144487,105179
144488,116409
144489,105195
144490,83256
144491,84065
144492,128108
144493,103025
144494,105318
144495,46090
144496,46115
144497,96145
144498,92352
144499,85083
144500,44550
144501,52710
144502,89613
144503,97383
144504,77650
144505,83680
144506,86630
144507,104122
144508,44595
144509,90170
144510,98367
144511,46188
144512,88435
144513,80462
144514,108199
144515,46749
144516,44086
144517,110207
144518,46711
144519,81622
144520,94469
144521,113814
144522,84134
144523,95752
144524,44277
144525,44424
144526,81569
144527,101977
144528,86352
144529,104655
144530,102757
144531,101128
144532,46124
144533,97824
144534,44438
144535,47817
144536,99470
144537,41938
144538,41212
144539,75936
144540,95888
144541,44431
144542,113173
144543,45282
144544,100849
144545,96600
144546,107527
144547,100663
144548,99492
144549,120030
144550,46956
144551,102348
144552,75442
144553,94262
144554,119145
144555,91287
144556,46665
144557,46389
144558,45368
144559,97290
144560,43850
144561,48454
144562,97575
144563,45151
144564,93488
144565,84261
144566,46882
144567,46873
144568,109920
144569,107882
144570,92900
144571,89499
144572,90588
144573,102336
144574,45770
144575,43711
144576,49012
144577,87302
144578,45682
144579,43731
144580,50056
144581,47376
144582,80073
144583,42306
144584,90274
144585,45820
144586,128325
144587,137814
144588,45362
144589,114526
144590,112611
144591,92361
144592,77841
144593,102699
144594,88929
144595,45956
144596,109131
144597,46095
144598,85770
144599,48156
144600,45449
144601,83001
144602,97693
144603,42591
144604,96040
144605,87988
144606,107718
144607,89650
144608,80905
144609,44813
144610,96391
144611,97050
144612,84811
144613,46461
144614,44118
144615,120543
144616,109664
144617,43641
144618,101920
144619,104655
144620,98461
144621,83324
144622,105493
144623,104541
144624,124693
144625,50224
144626,94485
144627,99173
144628,80290
144629,85266
144630,97867
144631,108809
144632,47964
144633,45689
144634,42365
144635,44613
144636,89000
144637,46086
144638,80796
144639,44377
144640,43481
144641,102465
144642,90425
144643,44566
144644,45222
144645,103023
144646,92953
144647,99462
144648,102775
144649,102133
144650,99509
144651,89836
144652,77818
144653,44550
144654,90512
144655,85359
144656,45973
144657,42766
144658,45849
144659,99511
144660,94448
144661,86694
144662,43381
144663,109875
144664,81815
144665,91330
144666,93732
144667,81763
144668,73924
144669,105248
144670,77582
144671,107370
144672,88316
144673,101620
144674,90306
144675,46378
144676,109306
144677,96931
144678,90946
144679,101801
144680,53725
144681,80820
144682,93022
144683,98986
144684,99704
144685,84710
144686,45419
144687,97149
144688,47458
144689,99247
144690,52017
144691,101732
144692,79660
144693,95711
144694,101244
144695,87028
144696,95854
144697,96510
144698,100554
144699,94671
144700,86398
144701,45130
144702,102610
144703,115859
144704,90308
144705,44903
144706,78406
144707,45422
144708,44636
144709,47456
144710,45557
144711,127847
144712,93874
144713,82886
144714,103407
144715,112289
144716,43492
144717,79966
144718,116990
144719,45377
144720,100975
144721,76684
144722,105552
144723,98965
144724,79390
144725,88123
144726,98807
144727,46399
144728,107230
144729,92548
144730,43194
144731,77925
144732,41784
144733,97123
144734,101192
144735,92213
144736,108867
144737,45212
144738,99548
144739,88367
144740,50949
144741,130158
144742,45935
144743,118771
144744,102384
144745,89757
144746,125905
144747,124566
144748,47295
144749,43605
144750,106691
144751,110379
144752,51385
144753,46928
144754,98212
144755,90295
144756,121259
144757,96939
144758,43170
144759,99033
144760,43764
144761,45482
144762,45831
144763,115881
144764,43228
144765,81099
144766,97472
144767,93363
144768,106151
144769,115760
144770,96387
144771,88109
144772,99887
144773,42670
144774,107670
144775,93294
144776,105950
144777,87838
144778,43313
144779,92346
144780,94432
144781,96160
144782,47060
144783,87160
144784,46226
144785,46370
144786,45401
144787,43246
144788,96560
144789,41747
144790,105447
144791,96863
144792,45484
144793,44966
144794,44777
144795,45040
144796,45391
144797,84249
144798,95303
144799,88488
144800,87041
144801,110818
144802,120249
144803,92478
144804,45899
144805,105012
144806,91340
144807,76370
144808,98565
144809,44754
144810,91153
144811,87289
144812,98452
144813,91658
144814,87577
144815,79871
144816,43798
144817,42234
144818,107922
144819,100125
144820,88731
144821,43184
144822,50902
144823,82385
144824,47195
144825,91773
144826,108867
144827,86637
144828,79641
144829,111403
144830,133504
144831,106277
144832,107961
144833,42418
144834,106495
144835,92415
144836,93658
144837,43488
144838,47318
144839,100046
144840,113150
144841,90513
144842,125692
144843,101028
144844,109526
144845,84532
144846,98211
144847,85777
144848,100462
144849,90332
144850,91270
144851,103761
144852,94337
144853,98489
144854,112842
144855,103064
144856,81321
144857,45412
144858,90774
144859,99896
144860,83646
144861,108947
144862,43576
144863,110710
144864,44138
144865,98239
144866,76535
144867,45085
144868,88950
144869,46061
144870,89912
144871,98391
144872,84402
144873,93671
144874,92442
144875,98950
144876,88988
144877,91116
144878,92419
144879,82223
144880,87341
144881,50985
144882,99789
144883,93303
144884,44479
144885,46444
144886,102393
144887,97415
144888,47255
144889,47269
144890,97982
144891,104845
144892,95332
144893,109587
144894,99321
144895,97577
144896,84886
144897,100428
144898,89076
144899,81014
144900,47923
144901,50551
144902,78997
144903,46341
144904,87284
144905,78246
144906,123158
144907,83912
144908,44837
144909,103957
144910,82883
144911,102814
144912,81722
144913,125423
144914,124354
144915,95337
144916,88991
144917,114857
144918,122225
144919,43694
144920,93776
144921,105283
144922,44779
144923,45821
144924,44955
144925,82257
144926,43899
144927,109582
144928,46928
144929,113245
144930,120729
144931,44755
144932,115165
144933,44480
144934,94858
144935,51291
144936,43759
144937,45952
144938,85445
144939,117430
144940,82188
144941,80333
144942,88025
144943,99188
144944,45731
144945,95224
144946,112316
144947,46455
144948,43257
144949,81192
144950,89521
144951,102405
144952,92487
144953,46211
144954,48195
144955,43522
144956,105690
144957,105642
144958,84015
144959,126493
144960,42277
144961,94169
144962,46011
144963,43758
144964,47399
144965,118468
144966,106998
144967,103208
144968,90780
144969,85579
144970,89624
144971,77569
144972,89793
144973,44343
144974,47363
144975,102506
144976,81449
144977,122960
144978,98217
144979,101165
144980,121820
144981,44442
144982,98567
144983,75863
144984,77218
144985,46898
144986,104054
144987,91458
144988,85827
144989,44317
144990,42733
144991,42770
144992,44410
144993,95707
144994,81216
144995,93283
144996,46444
144997,46801
144998,101194
144999,44386
145000,91630
145001,44483
145002,79753
145003,54701
145004,52822
145005,41538
145006,114094
145007,90925
145008,91356
145009,98095
145010,91965
145011,89598
145012,44442
145013,137954
145014,88332
145015,105097
145016,45673
145017,112337
145018,48016
145019,111049
145020,81948
145021,42643
145022,42584
145023,83792
145024,87836
145025,77707
145026,43433
145027,85540
145028,83593
145029,92252
145030,52529
145031,52079
145032,108056
145033,98366
145034,112520
145035,89457
145036,101731
145037,97775
145038,98569
145039,78621
145040,115657
145041,96006
145042,89129
145043,94833
145044,88867
145045,48062
145046,103459
145047,42580
145048,55304
145049,46623
145050,50701
145051,90518
145052,44277
145053,102791
145054,121327
145055,98979
145056,104159
145057,77818
145058,85538
145059,43965
145060,87904
145061,45507
145062,97070
145063,98764
145064,97030
145065,44599
145066,99287
145067,86195
145068,43918
145069,42648
145070,139905
145071,92114
145072,94011
145073,80651
145074,47047
145075,87199
145076,118773
145077,49362
145078,85429
145079,102370
145080,97169
145081,44330
145082,90998
145083,88640
145084,48128
145085,89500
145086,43731
145087,106913
145088,44067
145089,43710
145090,94498
145091,46124
145092,43293
145093,40484
145094,99643
145095,100765
145096,83001
145097,46598
145098,45024
145099,102556
145100,46474
145101,101855
145102,100207
145103,44386
145104,106090
145105,81980
145106,44621
145107,47186
145108,89697
145109,87560
145110,44669
145111,100771
145112,90783
145113,95800
145114,83582
145115,94568
145116,43769
145117,80405
145118,77607
145119,98673
145120,101147
145121,51249
145122,102657
145123,91980
145124,77061
145125,43085
145126,92617
145127,116413
145128,91379
145129,100307
145130,111520
145131,97133
145132,46073
145133,99452
145134,113102
145135,98846
145136,87104
145137,116514
145138,93594
145139,98353
145140,94063
145141,42192
145142,41946
145143,46347
145144,42333
145145,46623
145146,83506
145147,103182
145148,47379
145149,102509
145150,92912
145151,45030
145152,90795
145153,99779
145154,112017
145155,106302
145156,103216
145157,96078
145158,94928
145159,46288
145160,45122
145161,88619
145162,45688
145163,112486
145164,85964
145165,75878
145166,83083
145167,125682
145168,103769
145169,105437
145170,92562
145171,82210
145172,46868
145173,43838
145174,46773
145175,43448
145176,44658
145177,75341
145178,89670
145179,86938
145180,97597
145181,80152
145182,98780
145183,111905
145184,44310
145185,115162
145186,46476
145187,46293
145188,82155
145189,92346
145190,93027
145191,84567
145192,46749
145193,44582
145194,105099
145195,51448
145196,85565
145197,90313
145198,44321
145199,78879
145200,44368
145201,46890
145202,94524
145203,101020
145204,47830
145205,97856
145206,46587
145207,92652
145208,112429
145209,91279
145210,100329
145211,51487
145212,83982
145213,82088
145214,81307
145215,46679
145216,93274
145217,46606
145218,43137
145219,53013
145220,92628
145221,47366
145222,102541
145223,123793
145224,113802
145225,98747
145226,94570
145227,96925
145228,117323
145229,121608
145230,44162
145231,44666
145232,45869
145233,107404
145234,97244
145235,83055
145236,112805
145237,108154
145238,103580
145239,84886
145240,81752
145241,99887
145242,92651
145243,45963
145244,79286
145245,115296
145246,85505
145247,86479
145248,85458
145249,47536
145250,114998
145251,103823
145252,107603
145253,95997
145254,43689
145255,50176
145256,94281
145257,95839
145258,45093
145259,88532
145260,84044
145261,120880
145262,86872
145263,44973
145264,45919
145265,99087
145266,43635
145267,94014
145268,96577
145269,100357
145270,114024
145271,96750
145272,98861
145273,100925
145274,95548
145275,54690
145276,89406
145277,95543
145278,129009
145279,86873
145280,108386
145281,44482
145282,80076
145283,121911
145284,44652
145285,95728
145286,116748
145287,44535
145288,44771
145289,105038
145290,82587
145291,45181
145292,108378
145293,47565
145294,95279
145295,110548
145296,43902
145297,107851
145298,45555
145299,104830
145300,90744
145301,98077
145302,86361
145303,94827
145304,112689
145305,104642
145306,105000
145307,85499
145308,101911
145309,124925
145310,124630
145311,42812
145312,100975
145313,108651
145314,83661
145315,48360
145316,95392
145317,100027
145318,104177
145319,44018
145320,99666
145321,51328
145322,44892
145323,110074
145324,44306
145325,47901
145326,83631
145327,100940
145328,92010
145329,91234
145330,127383
145331,46401
145332,45089
145333,46431
145334,46624
145335,80744
145336,45900
145337,43809
145338,100887
145339,103852
145340,45494
145341,46512
145342,94559
145343,46031
145344,116220
145345,84070
145346,107290
145347,42799
145348,105457
145349,49143
145350,123364
145351,113601
145352,43687
145353,42878
145354,84129
145355,119770
145356,49117
145357,93532
145358,45258
145359,121890
145360,44965
145361,93557
145362,97163
145363,101098
145364,51478
145365,115142
145366,45407
145367,110379
145368,87373
145369,48984
145370,90323
145371,119431
145372,88531
145373,82907
145374,101706
145375,100960
145376,86482
145377,45573
145378,45793
145379,96334
145380,92398
145381,82265
145382,98845
145383,43488
145384,96474
145385,44176
145386,94056
145387,90372
145388,47527
145389,120433
145390,46748
145391,89539
145392,112334
145393,48463
145394,77422
145395,88026
145396,47633
145397,46237
145398,85500
145399,106473
145400,44454
145401,118203
145402,102464
145403,92928
145404,81738
145405,99095
145406,44737
145407,46152
145408,45531
145409,50015
145410,45838
145411,84562
145412,114549
145413,44260
145414,99632
145415,85264
145416,117633
145417,93574
145418,88655
145419,92590
145420,96663
145421,46444
145422,44079
145423,47157
145424,45452
145425,45793
145426,87625
145427,137254
145428,44475
145429,44487
145430,95268
145431,93153
145432,95819
145433,125371
145434,43849
145435,119500
145436,50906
145437,49729
145438,44847
145439,43977
145440,98590
145441,103374
145442,84894
145443,112279
145444,97930
145445,100573
145446,96542
145447,44249
145448,94453
145449,100934
145450,111233
145451,88561
145452,74903
145453,93827
145454,54414
145455,90769
145456,44981
145457,44246
145458,91584
145459,97632
145460,98878
145461,87503
145462,100073
145463,101027
145464,90317
145465,83247
145466,86919
145467,86987
145468,45544
145469,95612
145470,87808
145471,44380
145472,130072
145473,47580
145474,45990
145475,112497
145476,43099
145477,93296
145478,44389
145479,100653
145480,77703
145481,86392
145482,89694
145483,104670
145484,44709
145485,48715
145486,97279
145487,45355
145488,101740
145489,44201
145490,106671
145491,94401
145492,43107
145493,109402
145494,45128
145495,46946
145496,116596
145497,95996
145498,108355
145499,43368
145500,49509
145501,86296
145502,82881
145503,82031
145504,89370
145505,95753
145506,118102
145507,102456
145508,91853
145509,110214
145510,45913
145511,98171
145512,88246
145513,117147
145514,46738
145515,44728
145516,101304
145517,131280
145518,45886
145519,109206
145520,45679
145521,87481
145522,84169
145523,43718
145524,48049
145525,46131
145526,44695
145527,43158
145528,92454
145529,102169
145530,44153
145531,42523
145532,44112
145533,96355
145534,87788
145535,52411
145536,49749
145537,85582
145538,124923
145539,91411
145540,100833
145541,100863
145542,126842
145543,87064
145544,45534
145545,99134
145546,49620
145547,105383
145548,104371
145549,97491
145550,93485
145551,92937
145552,88432
145553,43699
145554,46871
145555,89443
145556,81248
145557,105287
145558,96618
145559,44244
145560,110432
145561,50115
145562,44829
145563,98005
145564,52295
145565,112885
145566,102492
145567,108736
145568,119907
145569,103758
145570,94697
145571,104727
145572,78653
145573,89578
145574,46580
145575,112804
145576,92240
145577,79482
145578,93251
145579,89938
145580,130483
145581,86439
145582,97895
145583,119289
145584,102556
145585,137153
145586,102104
145587,86171
145588,113786
145589,98706
145590,46050
145591,94526
145592,124129
145593,83267
145594,90332
145595,89753
145596,112098
145597,104399
145598,48192
145599,111428
145600,88348
145601,51307
145602,44915
145603,46241
145604,43544
145605,46471
145606,129784
145607,45138
145608,81175
145609,108475
145610,128549
145611,43915
145612,44636
145613,82202
145614,94683
145615,78199
145616,43613
145617,83083
145618,71387
145619,42391
145620,88291
145621,94211
145622,100329
145623,86992
145624,98081
145625,94806
145626,107561
145627,96055
145628,44818
145629,43902
145630,107749
145631,44961
145632,45166
145633,102142
145634,88927
145635,103180
145636,94022
145637,43106
145638,102493
145639,108300
145640,45699
145641,102036
145642,87044
145643,44660
145644,49320
145645,44187
145646,103203
145647,108867
145648,45911
145649,42247
145650,97589
145651,90320
145652,44651
145653,44186
145654,125439
145655,89272
145656,83073
145657,99996
145658,103202
145659,111864
145660,113412
145661,127507
145662,45703
145663,104996
145664,110788
145665,121289
145666,100409
145667,89832
145668,84650
145669,83323
145670,44238
145671,109758
145672,91691
145673,105040
145674,106854
145675,83582
145676,123801
145677,47246
145678,46265
145679,99199
145680,103105
145681,48817
145682,93781
145683,108042
145684,100905
145685,43706
145686,102625
145687,46828
145688,59279
145689,99624
145690,85520
145691,93052
145692,84809
145693,92304
145694,44336
145695,119210
145696,45017
145697,84605
145698,46865
145699,98939
145700,45335
145701,100580
145702,45853
145703,95996
145704,88795
145705,51394
145706,85104
145707,93233
145708,110654
145709,84573
145710,109801
145711,101816
145712,119467
145713,46802
145714,43630
145715,43878
145716,45095
145717,44852
145718,50951
145719,85041
145720,83734
145721,98352
145722,114235
145723,45071
145724,85786
145725,99367
145726,121327
145727,110394
145728,44676
145729,46037
145730,46942
145731,126118
145732,103918
145733,102147
145734,46789
145735,115397
145736,78832
145737,51892
145738,121118
145739,85564
145740,84562
145741,94610
145742,44721
145743,87039
145744,48149
145745,86557
145746,107990
145747,112682
145748,104921
145749,115762
145750,50172
145751,93375
145752,84118
145753,124882
145754,93347
145755,45130
145756,80452
145757,122772
145758,46054
145759,102203
145760,109005
145761,112993
145762,81688
145763,95522
145764,94204
145765,100618
145766,114136
145767,46652
145768,110099
145769,96072
145770,90758
145771,97244
145772,114203
145773,48260
145774,42665
145775,43814
145776,101316
145777,75956
145778,104318
145779,44673
145780,99444
145781,84549
145782,79870
145783,47784
145784,136755
145785,101085
145786,81900
145787,45613
145788,94889
145789,43736
145790,99116
145791,43993
145792,43315
145793,114222
145794,84077
145795,105057
145796,98178
145797,119604
145798,109838
145799,118140
145800,107071
145801,85409
145802,92251
145803,88468
145804,108117
145805,113879
145806,47132
145807,47569
145808,87870
145809,45211
145810,110738
145811,45175
145812,43800
145813,100846
145814,93490
145815,43802
145816,86656
145817,105099
145818,45515
145819,46049
145820,101194
145821,97067
145822,41945
145823,84768
145824,98058
145825,108069
145826,105388
145827,97599
145828,46762
145829,133619
145830,45440
145831,101130
145832,80407
145833,103248
145834,126320
145835,107704
145836,90364
145837,45281
145838,42846
145839,129331
145840,101578
145841,108387
145842,87995
145843,85705
145844,91542
145845,100662
145846,111954
145847,108784
145848,45180
145849,89826
145850,121244
145851,121398
145852,46782
145853,81069
145854,91076
145855,105725
145856,93005
145857,102408
145858,44440
145859,108202
145860,44270
145861,99538
145862,88133
145863,92548
145864,117939
145865,45859
145866,43409
145867,112499
145868,46923
145869,84211
145870,44147
145871,45385
145872,100471
145873,94392
145874,95704
145875,122616
145876,105301
145877,110267
145878,103534
145879,94994
145880,92476
145881,45948
145882,84956
145883,97988
145884,84976
145885,82747
145886,86423
145887,97260
145888,44941
145889,105351
145890,77727
145891,100787
145892,106747
145893,95676
145894,46353
145895,85886
145896,93326
145897,86652
145898,86171
145899,93388
145900,48113
145901,46796
145902,44755
145903,110326
145904,104535
145905,93467
145906,100152
145907,44170
145908,90219
145909,43276
145910,105900
145911,99094
145912,116905
145913,124653
145914,90428
145915,43699
145916,116686
145917,127494
145918,113878
145919,86577
145920,95122
145921,93083
145922,95251
145923,96957
145924,46145
145925,49813
145926,45150
145927,44310
145928,111829
145929,47570
145930,46964
145931,89720
145932,90442
145933,94328
145934,43502
145935,94976
145936,44910
145937,45161
145938,45095
145939,97139
145940,125756
145941,122881
145942,43891
145943,87151
145944,44427
145945,85956
145946,78293
145947,100641
145948,95996
145949,42856
145950,94984
145951,46061
145952,82099
145953,44104
145954,44096
145955,92468
145956,85048
145957,96686
145958,83558
145959,114400
145960,46984
145961,87981
145962,43867
145963,122932
145964,88415
145965,87525
145966,106975
145967,100174
145968,46118
145969,89285
145970,46117
145971,102106
145972,101713
145973,47900
145974,95690
145975,83808
145976,95269
145977,83804
145978,106790
145979,45500
145980,100011
145981,44280
145982,105280
145983,98163
145984,82705
145985,87328
145986,83488
145987,43583
145988,82734
145989,85853
145990,43927
145991,48279
145992,45475
145993,83195
145994,96958
145995,49463
145996,44647
145997,102832
145998,124755
145999,94988
146000,123372
146001,101887
146002,94590
146003,99757
146004,112602
146005,83909
146006,90565
146007,46480
146008,46301
146009,82236
146010,104737
146011,46909
146012,98944
146013,93251
146014,102756
146015,90311
146016,87509
146017,81032
146018,94894
146019,45925
146020,44420
146021,94673
146022,112885
146023,95071
146024,82523
146025,102860
146026,130454
146027,112019
146028,42761
146029,45387
146030,46569
146031,92575
146032,94643
146033,46711
146034,43535
146035,46955
146036,43568
146037,96318
146038,44111
146039,44528
146040,101716
146041,108913
146042,80972
146043,101025
146044,111160
146045,84263
146046,43102
146047,113348
146048,84082
146049,125348
146050,91585
146051,48487
146052,46600
146053,117341
146054,91329
146055,104723
146056,45179
146057,43886
146058,99715
146059,100823
146060,115124
146061,125732
146062,99989
146063,44080
146064,109425
146065,94383
146066,45878
146067,100635
146068,77859
146069,77620
146070,47086
146071,85721
146072,83751
146073,47075
146074,100811
146075,44905
146076,80405
146077,95139
146078,44547
146079,86311
146080,105575
146081,115454
146082,50564
146083,46265
146084,84513
146085,45300
146086,49277
146087,54616
146088,98734
146089,84853
146090,49002
146091,45965
146092,88411
146093,100309
146094,83827
146095,94149
146096,46422
146097,50210
146098,102627
146099,43600
146100,103735
146101,85157
146102,88832
146103,44934
146104,42818
146105,44018
146106,44971
146107,43366
146108,82747
146109,45841
146110,101454
146111,43981
146112,44096
146113,102393
146114,90860
146115,47644
146116,89503
146117,81343
146118,116747
146119,86926
146120,47541
146121,48350
146122,93403
146123,88899
146124,45050
146125,93857
146126,98229
146127,87670
146128,107318
146129,104737
146130,88618
146131,104504
146132,118492
146133,80794
146134,101145
146135,77569
146136,47239
146137,44077
146138,113358
146139,41995
146140,80296
146141,88672
146142,102528
146143,97083
146144,84856
146145,114887
146146,106853
146147,85916
146148,117081
146149,44565
146150,46603
146151,94955
146152,112112
146153,47579
146154,91829
146155,112976
146156,112785
146157,44835
146158,44093
146159,86926
146160,92293
146161,81235
146162,105123
146163,101938
146164,85976
146165,52752
146166,96743
146167,90172
146168,90116
146169,45860
146170,45710
146171,82875
146172,97279
146173,47157
146174,42278
146175,45728
146176,94713
146177,40938
146178,44552
146179,44482
146180,103123
146181,46236
146182,43905
146183,47111
146184,86660
146185,46888
146186,110976
146187,42648
146188,43881
146189,97095
146190,94975
146191,91810
146192,108743
146193,45739
146194,45681
146195,48295
146196,46246
146197,85809
146198,121094
146199,52299
146200,44571
146201,44413
146202,89115
146203,76108
146204,102964
146205,46483
146206,45772
146207,50120
146208,123919
146209,45161
146210,44689
146211,92722
146212,86763
146213,47401
146214,87300
146215,98813
146216,44907
146217,123974
146218,45277
146219,88073
146220,79949
146221,98455
146222,104430
146223,106896
146224,99564
146225,44111
146226,104766
146227,86958
146228,43517
146229,46606
146230,45067
146231,47098
146232,112109
146233,77901
146234,95522
146235,44043
146236,112467
146237,90449
146238,111896
146239,121190
146240,101151
146241,99920
146242,44160
146243,92354
146244,44627
146245,46105
146246,108075
146247,45785
146248,95237
146249,91553
146250,94750
146251,43538
146252,131869
146253,46931
146254,43272
146255,91470
146256,107546
146257,42722
146258,44986
146259,86742
146260,52458
146261,43512
146262,42883
146263,83660
146264,116013
146265,43127
146266,91965
146267,44721
146268,96249
146269,45773
146270,101103
146271,43190
146272,94460
146273,96709
146274,48082
146275,109491
146276,87974
146277,44276
146278,47439
146279,88680
146280,79949
146281,88728
146282,112138
146283,94665
146284,101168
146285,85230
146286,100250
146287,105162
146288,100597
146289,89433
146290,46520
146291,87903
146292,83471
146293,47521
146294,101449
146295,92343
146296,44180
146297,99549
146298,88311
146299,118673
146300,84498
146301,42567
146302,45176
146303,43765
146304,46073
146305,41830
146306,107423
146307,43342
146308,127289
146309,50559
146310,81980
146311,78857
146312,45964
146313,80945
146314,116514
146315,47176
146316,104443
146317,42893
146318,82466
146319,43130
146320,80857
146321,123982
146322,49679
146323,107224
146324,45629
146325,109820
146326,91672
146327,85888
146328,124108
146329,92261
146330,113298
146331,47020
146332,109551
146333,108216
146334,96622
146335,45930
146336,42560
146337,88289
146338,44004
146339,45231
146340,45138
146341,96724
146342,97975
146343,45454
146344,91640
146345,79349
146346,48532
146347,99064
146348,97438
146349,43785
146350,43852
146351,43428
146352,100065
146353,92129
146354,125022
146355,44824
146356,75476
146357,93242
146358,99838
146359,118196
146360,100155
146361,42056
146362,103067
146363,48313
146364,97917
146365,52297
146366,44642
146367,84785
146368,96437
146369,99173
146370,46654
146371,97051
146372,106747
146373,83542
146374,44009
146375,116470
146376,111287
146377,96358
146378,108814
146379,117047
146380,45700
146381,44219
146382,97579
146383,118892
146384,95848
146385,111722
146386,108388
146387,42577
146388,43340
146389,45927
146390,100883
146391,101080
146392,98107
146393,48130
146394,104067
146395,46247
146396,87179
146397,102219
146398,123624
146399,45522
146400,79683
146401,97993
146402,88128
146403,43858
146404,92268
146405,44235
146406,119490
146407,84895
146408,116956
146409,87303
146410,91172
146411,96216
146412,122731
146413,103450
146414,45354
146415,99271
146416,117926
146417,87598
146418,85334
146419,99819
146420,113286
146421,46743
146422,110779
146423,93720
146424,95510
146425,106790
146426,88531
146427,99820
146428,48471
146429,97279
146430,102564
146431,110439
146432,96936
146433,46455
146434,85544
146435,80662
146436,86257
146437,117136
146438,101805
146439,46186
146440,109306
146441,88128
146442,124863
146443,43603
146444,101620
146445,46205
146446,101753
146447,99643
146448,83579
146449,118977
146450,49853
146451,89269
146452,123361
146453,101441
146454,106504
146455,92234
146456,94268
146457,44661
146458,97329
146459,104736
146460,115797
146461,44715
146462,44698
146463,107947
146464,103345
146465,44535
146466,91902
146467,92050
146468,45796
146469,95816
146470,54923
146471,92262
146472,43728
146473,80330
146474,52248
146475,110721
146476,48864
146477,103975
146478,46896
146479,44895
146480,44826
146481,110377
146482,85358
146483,48141
146484,111685
146485,107840
146486,99345
146487,45863
146488,46859
146489,89745
146490,46588
146491,81458
146492,47474
146493,45852
146494,112360
146495,44734
146496,96422
146497,86111
146498,42377
146499,98342
146500,84169
146501,52089
146502,99974
146503,44436
146504,104495
146505,100207
146506,83780
146507,52324
146508,44080
146509,46655
146510,101987
146511,99136
146512,102932
146513,99031
146514,98800
146515,44752
146516,42791
146517,84516
146518,88726
146519,110119
146520,46102
146521,44569
146522,80479
146523,88722
146524,75936
146525,90519
146526,107777
146527,90068
146528,45881
146529,96768
146530,90279
146531,46475
146532,102063
146533,93633
146534,92263
146535,102313
146536,88788
146537,104748
146538,45999
146539,85449
146540,47716
146541,91128
146542,135148
146543,111395
146544,51752
146545,101701
146546,45835
146547,96591
146548,90019
146549,45159
146550,94003
146551,83392
146552,127056
146553,88509
146554,49535
146555,51169
146556,123982
146557,46628
146558,98752
146559,101578
146560,95197
146561,91441
146562,46363
146563,85478
146564,45832
146565,120404
146566,89852
146567,103090
146568,45025
146569,43623
146570,108687
146571,45092
146572,88862
146573,93384
146574,89641
146575,109886
146576,43734
146577,98850
146578,105574
146579,45598
146580,80972
146581,115663
146582,95696
146583,113703
146584,89261
146585,44657
146586,116967
146587,108590
146588,45752
146589,93189
146590,84675
146591,97044
146592,48501
146593,44765
146594,43545
146595,102587
146596,104514
146597,81571
146598,103354
146599,115163
146600,47820
146601,80754
146602,49613
146603,45919
146604,97275
146605,94035
146606,122677
146607,97125
146608,90922
146609,51516
146610,45032
146611,45487
146612,97816
146613,107947
146614,85852
146615,96265
146616,47617
146617,45567
146618,89917
146619,102541
146620,44112
146621,44179
146622,134501
146623,88802
146624,94295
146625,104518
146626,79001
146627,44187
146628,43858
146629,90328
146630,46015
146631,107442
146632,94379
146633,44284
146634,77427
146635,94345
146636,98267
146637,106547
146638,98175
146639,55657
146640,92992
146641,97667
146642,46028
146643,97113
146644,102795
146645,47945
146646,42994
146647,105880
146648,90622
146649,117849
146650,84487
146651,84994
146652,44904
146653,90924
146654,47606
146655,47414
146656,90150
146657,49901
146658,102877
146659,82066
146660,43768
146661,84844
146662,44513
146663,102763
146664,83101
146665,79001
146666,100187
146667,47416
146668,97149
146669,44030
146670,43561
146671,44363
146672,45151
146673,50863
146674,43798
146675,94244
146676,99151
146677,94706
146678,47596
146679,82885
146680,45306
146681,89773
146682,45981
146683,107979
146684,98468
146685,44532
146686,86064
146687,94499
146688,101330
146689,43221
146690,121911
146691,44552
146692,46001
146693,44844
146694,87548
146695,46836
146696,102065
146697,42983
146698,119509
146699,50413
146700,104450
146701,125023
146702,47500
146703,45510
146704,85585
146705,44150
146706,46216
146707,47010
146708,89360
146709,97832
146710,97674
146711,105291
146712,101394
146713,97592
146714,116946
146715,92976
146716,101025
146717,45294
146718,101475
146719,44333
146720,88138
146721,51441
146722,118598
146723,102370
146724,48726
146725,83582
146726,101356
146727,101473
146728,47204
146729,105542
146730,45319
146731,102792
146732,93053
146733,103368
146734,44756
146735,93389
146736,88076
146737,83153
146738,89081
146739,46410
146740,94072
146741,45159
146742,87337
146743,77774
146744,85261
146745,46375
146746,42253
146747,47140
146748,45187
146749,42590
146750,45386
146751,42647
146752,52029
146753,82155
146754,126941
146755,94735
146756,96236
146757,101451
146758,44467
146759,47328
146760,127455
146761,43322
146762,99173
146763,45555
146764,45272
146765,43381
146766,56784
146767,98846
146768,88789
146769,92237
146770,76468
146771,85042
146772,106197
146773,46774
146774,90627
146775,125907
146776,46503
146777,94766
146778,91136
146779,112336
146780,83415
146781,103034
146782,83001
146783,92315
146784,119954
146785,47840
146786,94173
146787,44176
146788,49868
146789,105903
146790,86279
146791,47027
146792,117036
146793,90255
146794,43122
146795,44633
146796,105103
146797,118058
146798,42224
146799,94546
146800,117322
146801,88370
146802,49844
146803,43515
146804,90434
146805,79598
146806,92816
146807,88232
146808,101368
146809,98930
146810,121373
146811,43953
146812,81575
146813,105283
146814,44317
146815,116489
146816,47220
146817,124811
146818,98458
146819,104402
146820,47229
146821,107591
146822,120731
146823,45658
146824,44493
146825,113293
146826,99900
146827,100771
146828,127033
146829,123605
146830,118771
146831,44613
146832,88488
146833,109041
146834,97783
146835,104344
146836,86439
146837,43313
146838,99140
146839,84180
146840,119368
146841,47601
146842,45056
146843,114041
146844,91987
146845,85606
146846,104778
146847,119776
146848,106631
146849,106804
146850,46772
146851,102124
146852,104812
146853,43190
146854,116669
146855,78060
146856,43280
146857,99209
146858,93875
146859,124149
146860,101596
146861,77995
146862,49670
146863,99762
146864,43002
146865,45231
146866,43135
146867,43867
146868,47236
146869,105689
146870,42984
146871,97988
146872,90530
146873,98842
146874,82587
146875,89540
146876,51885
146877,92385
146878,86900
146879,44088
146880,100739
146881,97503
146882,86570
146883,43812
146884,93562
146885,100698
146886,76440
146887,43005
146888,76880
146889,93293
146890,94257
146891,121703
146892,43327
146893,46187
146894,89042
146895,94194
146896,90276
146897,100062
146898,102754
146899,45671
146900,94119
146901,84855
146902,99688
146903,80015
146904,43104
146905,117221
146906,42449
146907,42370
146908,107996
146909,86857
146910,102766
146911,93300
146912,44930
146913,113972
146914,93074
146915,43636
146916,119059
146917,43342
146918,44721
146919,87584
146920,80794
146921,46755
146922,86004
146923,45293
146924,102409
146925,95336
146926,94147
146927,99690
146928,110169
146929,115863
146930,104727
146931,52950
146932,84094
146933,88373
146934,57232
146935,43101
146936,49279
146937,109399
146938,44616
146939,97431
146940,88669
146941,116499
146942,96365
146943,43861
146944,101298
146945,117430
146946,81054
146947,77330
146948,87027
146949,42909
146950,106341
146951,81054
146952,43698
146953,105031
146954,83159
146955,94480
146956,101160
146957,47640
146958,95089
146959,104205
146960,94890
146961,106468
146962,43118
146963,45468
146964,98822
146965,42325
146966,44404
146967,88326
146968,51337
146969,96559
146970,93018
146971,86570
146972,89316
146973,95311
146974,86404
146975,81520
146976,42516
146977,83623
146978,44590
146979,83616
146980,87903
146981,110022
146982,111192
146983,45064
146984,44759
146985,44888
146986,40924
146987,101531
146988,83026
146989,98512
146990,85819
146991,101170
146992,102782
146993,47370
146994,46858
146995,90915
146996,43641
146997,104994
146998,43267
146999,47881
147000,101092
147001,45213
147002,99222
147003,88420
147004,43139
147005,45086
147006,89976
147007,44305
147008,107057
147009,46031
147010,129335
147011,45983
147012,88735
147013,46186
147014,44237
147015,83246
147016,75639
147017,90090
147018,45924
147019,112439
147020,99107
147021,90462
147022,118085
147023,44321
147024,49546
147025,81080
147026,90461
147027,101294
147028,86637
147029,102784
147030,98469
147031,45055
147032,81221
147033,110236
147034,52457
147035,47525
147036,43433
147037,103737
147038,43164
147039,96351
147040,105395
147041,42152
147042,102464
147043,86756
147044,46574
147045,80947
147046,105220
147047,89057
147048,102558
147049,48354
147050,97411
147051,89569
147052,92865
147053,86597
147054,43731
147055,43346
147056,86468
147057,87412
147058,47271
147059,114340
147060,101438
147061,95958
147062,101907
147063,126210
147064,46170
147065,84453
147066,105917
147067,124323
147068,44645
147069,44805
147070,48007
147071,87270
147072,79787
147073,45594
147074,92757
147075,97413
147076,84855
147077,45331
147078,44099
147079,45562
147080,45854
147081,114378
147082,85902
147083,115929
147084,99654
147085,44066
147086,42419
147087,130397
147088,110777
147089,48553
147090,42112
147091,44099
147092,95846
147093,83366
147094,94314
147095,99835
147096,45820
147097,89280
147098,100725
147099,45482
147100,47030
147101,81668
147102,98580
147103,93881
147104,98043
147105,91822
147106,43449
147107,109793
147108,79787
147109,47090
147110,108011
147111,110281
147112,45459
147113,77474
147114,88139
147115,81755
147116,86650
147117,98686
147118,104474
147119,82800
147120,45428
147121,88787
147122,115466
147123,86662
147124,94806
147125,103852
147126,79803
147127,100218
147128,90854
147129,45329
147130,112773
147131,49326
147132,110895
147133,105649
147134,106024
147135,48129
147136,87236
147137,86195
147138,95954
147139,99976
147140,85046
147141,44099
147142,45331
147143,81622
147144,48609
147145,101796
147146,96321
147147,93469
147148,91382
147149,46456
147150,110164
147151,89527
147152,42118
147153,103105
147154,47586
147155,53468
147156,47822
147157,98098
147158,99462
147159,44060
147160,44640
147161,111597
147162,115669
147163,94246
147164,132074
147165,97604
147166,104059
147167,96218
147168,101563
147169,96420
147170,112457
147171,105642
147172,94184
147173,92449
147174,46288
147175,45743
147176,95245
147177,101645
147178,88346
147179,90798
147180,87719
147181,87850
147182,46063
147183,112196
147184,108594
147185,93375
147186,123082
147187,131418
147188,108978
147189,99091
147190,118618
147191,122101
147192,104917
147193,109323
147194,107497
147195,51797
147196,91476
147197,95991
147198,47205
147199,100796
147200,101504
147201,87769
147202,43735
147203,82860
147204,94461
147205,118240
147206,103293
147207,101435
147208,77582
147209,42906
147210,43298
147211,125283
147212,97909
147213,83029
147214,81950
147215,101788
147216,110686
147217,107726
147218,88288
147219,114488
147220,80726
147221,45150
147222,94002
147223,100375
147224,101666
147225,87592
147226,45329
147227,47153
147228,76370
147229,91179
147230,101071
147231,85418
147232,98843
147233,78460
147234,51455
147235,45421
147236,43699
147237,90502
147238,123109
147239,97023
147240,44024
147241,95971
147242,43646
147243,88983
147244,101610
147245,46341
147246,86552
147247,98267
147248,101936
147249,85131
147250,49402
147251,86130
147252,43820
147253,44682
147254,85536
147255,93310
147256,46555
147257,44036
147258,100043
147259,103116
147260,46456
147261,89711
147262,90828
147263,46150
147264,117145
147265,89951
147266,99005
147267,44334
147268,122675
147269,93366
147270,123732
147271,46645
147272,44577
147273,43812
147274,128186
147275,99039
147276,46257
147277,102423
147278,82177
147279,102519
147280,89978
147281,46051
147282,79890
147283,93172
147284,80705
147285,43475
147286,111941
147287,82949
147288,106582
147289,106179
147290,108268
147291,92479
147292,102018
147293,97214
147294,94940
147295,92238
147296,82130
147297,88420
147298,46256
147299,101080
147300,99088
147301,90697
147302,46122
147303,96641
147304,111275
147305,45336
147306,112304
147307,104328
147308,43799
147309,95692
147310,104005
147311,100529
147312,77571
147313,93294
147314,87768
147315,44417
147316,114281
147317,45496
147318,107091
147319,117853
147320,106275
147321,46032
147322,47323
147323,97460
147324,95457
147325,99943
147326,78609
147327,85504
147328,96712
147329,105692
147330,107121
147331,96528
147332,98014
147333,101620
147334,103465
147335,100776
147336,96437
147337,86697
147338,120240
147339,134524
147340,112330
147341,87341
147342,43169
147343,100918
147344,44433
147345,110389
147346,80235
147347,77427
147348,48483
147349,101628
147350,88930
147351,43014
147352,45483
147353,132436
147354,90433
147355,96253
147356,116907
147357,83470
147358,83239
147359,43714
147360,94766
147361,86257
147362,128395
147363,45999
147364,46857
147365,102264
147366,115617
147367,44984
147368,44284
147369,81783
147370,117080
147371,97872
147372,49207
147373,45700
147374,88046
147375,99472
147376,81473
147377,47481
147378,44987
147379,98717
147380,44288
147381,46259
147382,46131
147383,96509
147384,93879
147385,84310
147386,93335
147387,44905
147388,94014
147389,120071
147390,127051
147391,51250
147392,99256
147393,43099
147394,86623
147395,121006
147396,120128
147397,92184
147398,104956
147399,91811
147400,80636
147401,48223
147402,43881
147403,89600
147404,94014
147405,101538
147406,79058
147407,87971
147408,42833
147409,46489
147410,42367
147411,84467
147412,89508
147413,121250
147414,76931
147415,53201
147416,44826
147417,97002
147418,43984
147419,101070
147420,106129
147421,49065
147422,108885
147423,45732
147424,44244
147425,115527
147426,90132
147427,44194
147428,93721
147429,107881
147430,103269
147431,95271
147432,88953
147433,45713
147434,47350
147435,94470
147436,94713
147437,117239
147438,135829
147439,88736
147440,89902
147441,112299
147442,44577
147443,91953
147444,46439
147445,83924
147446,84349
147447,118830
147448,86286
147449,45433
147450,82015
147451,80238
147452,104246
147453,106266
147454,47788
147455,89140
147456,116719
147457,95448
147458,78950
147459,87145
147460,101799
147461,86887
147462,45480
147463,111586
147464,100881
147465,44410
147466,108512
147467,52720
147468,97682
147469,43112
147470,101786
147471,116387
147472,42241
147473,44305
147474,103597
147475,95981
147476,55855
147477,94470
147478,109011
147479,110856
147480,100403
147481,43160
147482,95638
147483,98778
147484,51171
147485,46938
147486,109719
147487,79314
147488,95958
147489,95798
147490,44085
147491,100251
147492,117196
147493,98458
147494,77818
147495,90492
147496,92046
147497,76414
147498,106970
147499,118194
147500,95800
147501,45347
147502,93386
147503,84245
147504,92651
147505,112743
147506,45598
147507,43589
147508,44429
147509,106824
147510,43723
147511,96701
147512,43581
147513,49335
147514,94417
147515,122128
147516,97237
147517,130170
147518,93404
147519,121107
147520,83539
147521,86670
147522,48362
147523,48656
147524,84029
147525,114917
147526,94818
147527,115585
147528,46035
147529,103759
147530,49106
147531,110856
147532,44739
147533,105648
147534,99749
147535,90202
147536,115919
147537,44480
147538,127311
147539,84576
147540,80651
147541,111420
147542,43653
147543,78422
147544,83065
147545,95901
147546,83105
147547,102408
147548,88649
147549,108255
147550,101145
147551,46406
147552,114009
147553,98732
147554,85831
147555,102602
147556,50960
147557,94215
147558,125275
147559,85219
147560,45924
147561,84996
147562,99498
147563,47014
147564,43210
147565,43868
147566,44438
147567,92036
147568,87866
147569,45205
147570,102734
147571,82441
147572,91670
147573,89743
147574,49970
147575,78185
147576,108229
147577,83393
147578,44356
147579,84053
147580,105590
147581,116887
147582,102312
147583,103668
147584,100309
147585,43161
147586,45056
147587,96445
147588,41359
147589,95709
147590,85449
147591,46875
147592,102923
147593,45741
147594,79434
147595,80952
147596,44432
147597,45311
147598,44678
147599,45384
147600,50401
147601,45511
147602,124354
147603,94002
147604,46032
147605,45711
147606,41221
147607,43687
147608,100741
147609,47174
147610,45210
147611,107310
147612,112071
147613,41890
147614,100833
147615,44674
147616,44410
147617,109611
147618,100379
147619,92845
147620,80474
147621,101004
147622,47971
147623,102908
147624,47555
147625,77071
147626,101664
147627,81631
147628,94978
147629,83092
147630,47823
147631,82161
147632,45514
147633,96670
147634,100508
147635,80401
147636,94496
147637,43589
147638,89506
147639,90037
147640,45007
147641,45441
147642,117308
147643,82505
147644,94111
147645,108048
147646,90926
147647,85282
147648,43043
147649,105722
147650,94920
147651,117096
147652,46249
147653,43801
147654,46150
147655,51891
147656,98515
147657,44050
147658,46054
147659,108003
147660,104615
147661,97597
147662,90779
147663,107783
147664,107356
147665,110144
147666,105087
147667,48058
147668,41657
147669,104290
147670,114323
147671,43688
147672,83570
147673,49681
147674,93972
147675,92708
147676,45629
147677,113750
147678,92299
147679,87613
147680,78621
147681,44530
147682,51201
147683,114612
147684,107188
147685,117512
147686,48100
147687,93672
147688,47530
147689,94305
147690,92373
147691,113236
147692,46213
147693,45551
147694,90343
147695,90541
147696,82147
147697,104431
147698,107717
147699,79841
147700,133614
147701,44184
147702,92494
147703,43675
147704,85057
147705,85320
147706,117625
147707,108293
147708,96387
147709,44907
147710,85998
147711,86700
147712,87966
147713,47247
147714,93492
147715,77217
147716,45823
147717,82220
147718,101318
147719,104843
147720,48559
147721,46760
147722,47399
147723,45687
147724,90753
147725,112686
147726,43556
147727,99873
147728,41081
147729,78918
147730,95079
147731,44242
147732,44410
147733,46805
147734,107013
147735,106341
147736,44311
147737,96215
147738,100597
147739,105631
147740,91848
147741,100807
147742,91616
147743,42717
147744,45259
147745,131505
147746,43989
147747,44868
147748,104189
147749,91552
147750,80751
147751,96465
147752,77620
147753,87153
147754,88162
147755,77687
147756,85242
147757,100172
147758,85877
147759,92891
147760,44868
147761,46807
147762,115859
147763,44246
147764,44021
147765,86619
147766,83549
147767,109421
147768,91141
147769,119893
147770,102754
147771,108258
147772,45720
147773,94374
147774,44386
147775,47555
147776,109091
147777,45948
147778,97277
147779,120030
147780,92874
147781,84212
147782,109802
147783,88207
147784,103105
147785,91758
147786,124555
147787,94905
147788,117826
147789,98175
147790,93305
147791,44852
147792,94414
147793,89133
147794,44310
147795,44530
147796,79449
147797,86952
147798,97134
147799,53508
147800,88384
147801,108146
147802,41910
147803,104405
147804,87637
147805,99906
147806,96162
147807,92352
147808,95089
147809,45674
147810,43301
147811,101044
147812,129079
147813,98188
147814,85490
147815,50506
147816,81408
147817,96806
147818,83608
147819,89240
147820,84886
147821,116330
147822,95688
147823,86113
147824,88807
147825,47936
147826,40429
147827,98055
147828,98997
147829,46374
147830,122807
147831,88988
147832,42925
147833,97365
147834,44910
147835,105449
147836,45205
147837,45004
147838,87807
147839,116991
147840,117154
147841,89061
147842,120888
147843,91986
147844,101846
147845,43540
147846,99377
147847,47273
147848,103349
147849,44607
147850,44284
147851,113334
147852,96793
147853,107206
147854,82843
147855,96296
147856,94219
147857,50746
147858,45091
147859,94468
147860,46697
147861,98618
147862,43475
147863,46750
147864,76526
147865,46006
147866,93618
147867,43210
147868,94076
147869,90080
147870,108914
147871,48795
147872,95101
147873,43858
147874,121521
147875,107899
147876,106913
147877,79321
147878,119228
147879,43261
147880,85965
147881,99213
147882,46370
147883,105626
147884,90171
147885,95817
147886,107271
147887,49338
147888,102942
147889,83417
147890,119882
147891,79665
147892,92527
147893,45912
147894,48955
147895,77703
147896,118560
147897,103940
147898,45059
147899,86648
147900,90763
147901,100373
147902,44895
147903,113056
147904,44337
147905,42799
147906,83663
147907,49081
147908,44726
147909,102304
147910,123052
147911,93667
147912,47005
147913,96804
147914,44163
147915,85173
147916,80166
147917,99019
147918,90955
147919,85271
147920,45621
147921,104076
147922,46552
147923,86053
147924,77827
147925,107357
147926,94127
147927,47575
147928,82614
147929,45623
147930,96836
147931,95597
147932,80399
147933,94578
147934,104868
147935,104188
147936,96838
147937,94313
147938,100221
147939,44214
147940,82742
147941,44882
147942,46301
147943,78775
147944,99444
147945,46275
147946,80319
147947,110022
147948,119669
147949,121997
147950,87918
147951,82843
147952,43543
147953,46970
147954,44527
147955,100715
147956,114832
147957,47007
147958,49506
147959,87842
147960,86251
147961,42282
147962,89586
147963,46497
147964,43556
147965,114806
147966,44132
147967,121259
147968,48475
147969,84917
147970,47456
147971,85446
147972,108321
147973,102092
147974,88457
147975,106137
147976,111585
147977,104259
147978,95460
147979,87821
147980,94780
147981,101373
147982,91284
147983,101679
147984,47024
147985,111058
147986,44229
147987,86704
147988,86352
147989,96863
147990,44389
147991,101207
147992,95725
147993,96949
147994,99451
147995,43581
147996,46922
147997,100049
147998,118140
147999,44651
148000,83940
148001,47016
148002,86034
148003,85608
148004,91989
148005,110775
148006,125967
148007,87494
148008,46609
148009,95160
148010,94468
148011,57017
148012,94967
148013,98881
148014,97070
148015,83521
148016,51194
148017,118255
148018,106776
148019,45744
148020,94546
148021,87140
148022,46713
148023,94743
148024,46861
148025,85279
148026,114195
148027,96482
148028,104504
148029,48361
148030,117469
148031,95772
148032,102025
148033,89115
148034,46340
148035,102015
148036,50364
148037,118309
148038,102925
148039,44176
148040,42789
148041,87175
148042,90925
148043,45056
148044,48953
148045,86195
148046,47396
148047,83432
148048,104423
148049,82875
148050,92567
148051,96790
148052,85159
148053,88560
148054,113091
148055,79391
148056,45479
148057,102161
148058,111054
148059,108494
148060,47333
148061,94673
148062,77474
148063,89650
148064,83889
148065,104896
148066,78069
148067,43135
148068,46259
148069,82642
148070,100155
148071,104488
148072,44416
148073,113786
148074,46195
148075,81075
148076,84611
148077,44059
148078,122392
148079,43976
148080,87800
148081,93367
148082,45633
148083,88749
148084,106804
148085,122545
148086,109693
148087,92091
148088,122039
148089,49854
148090,105799
148091,94339
148092,110466
148093,45786
148094,96188
148095,76942
148096,90719
148097,45065
148098,106063
148099,86961
148100,98635
148101,44311
148102,98215
148103,91070
148104,108892
148105,46328
148106,85666
148107,110482
148108,45111
148109,99501
148110,100135
148111,93237
148112,113173
148113,117101
148114,90809
148115,86406
148116,100552
148117,101141
148118,90102
148119,105556
148120,119131
148121,43731
148122,104493
148123,98201
148124,88400
148125,85959
148126,94478
148127,105029
148128,96695
148129,116443
148130,84609
148131,94002
148132,44438
148133,43658
148134,42588
148135,102602
148136,79439
148137,96210
148138,123175
148139,106550
148140,52287
148141,103270
148142,45583
148143,46509
148144,43785
148145,98465
148146,107087
148147,86679
148148,101551
148149,80662
148150,82113
148151,95819
148152,97171
148153,53040
148154,119118
148155,88665
148156,44117
148157,91053
148158,46203
148159,86886
148160,103530
148161,89676
148162,44363
148163,100379
148164,82177
148165,101075
148166,108710
148167,85449
148168,45929
148169,122307
148170,46580
148171,50653
148172,46567
148173,44836
148174,100287
148175,102892
148176,89776
148177,87219
148178,99732
148179,47835
148180,44324
148181,46254
148182,124320
148183,81203
148184,94845
148185,89584
148186,46097
148187,94776
148188,104522
148189,45200
148190,43617
148191,51336
148192,104914
148193,96537
148194,108263
148195,45205
148196,49554
148197,101140
148198,112940
148199,85176
148200,93186
148201,78618
148202,46015
148203,47079
148204,108680
148205,115701
148206,43327
148207,49264
148208,95995
148209,85196
148210,43795
148211,45472
148212,99416
148213,44019
148214,46676
148215,96572
148216,93857
148217,84292
148218,98319
148219,120860
148220,86559
148221,92038
148222,113333
148223,119022
148224,47022
148225,50583
148226,91878
148227,80655
148228,42876
148229,81623
148230,98801
148231,43655
148232,98863
148233,99351
148234,94305
148235,45337
148236,43372
148237,44612
148238,45915
148239,88153
148240,48314
148241,83195
148242,89614
148243,94725
148244,44284
148245,112280
148246,44163
148247,104101
148248,108815
148249,123624
148250,87615
148251,46010
148252,106274
148253,45593
148254,98793
148255,44485
148256,54377
148257,105169
148258,90975
148259,97377
148260,98873
148261,105734
148262,46637
148263,88174
148264,48183
148265,42784
148266,41107
148267,101994
148268,44588
148269,120082
148270,107165
148271,85492
148272,47101
148273,44769
148274,87813
148275,43005
148276,44835
148277,91097
148278,57573
148279,82416
148280,89999
148281,45278
148282,81763
148283,97799
148284,98692
148285,48203
148286,81239
148287,107133
148288,105018
148289,97934
148290,74512
148291,79870
148292,47422
148293,82907
148294,99013
148295,84870
148296,113740
148297,81241
148298,107031
148299,80906
148300,83249
148301,102475
148302,103004
148303,44478
148304,90895
148305,98315
148306,46590
148307,45196
148308,93944
148309,89772
148310,91742
148311,105220
148312,46457
148313,87924
148314,45596
148315,47286
148316,100701
148317,112719
148318,101664
148319,87331
148320,44586
148321,43456
148322,45490
148323,47745
148324,44223
148325,116957
148326,101887
148327,45286
148328,42817
148329,78047
148330,119962
148331,108303
148332,49738
148333,98170
148334,101872
148335,97943
148336,105796
148337,99718
148338,125682
148339,88048
148340,81681
148341,42266
148342,81900
148343,44469
148344,106581
148345,45354
148346,112864
148347,91302
148348,88552
148349,124138
148350,114581
148351,106616
148352,96524
148353,87075
148354,45330
148355,41719
148356,46172
148357,43147
148358,84792
148359,44772
148360,89436
148361,99250
148362,91624
148363,79514
148364,48302
148365,46756
148366,94184
148367,98542
148368,105213
148369,47936
148370,113322
148371,121005
148372,97877
148373,110308
148374,45687
148375,122736
148376,82203
148377,114497
148378,116727
148379,101580
148380,43730
148381,86443
148382,97537
148383,117397
148384,87783
148385,43848
148386,43812
148387,42410
148388,94181
148389,88114
148390,95488
148391,92882
148392,43758
148393,98173
148394,46325
148395,46159
148396,93427
148397,81497
148398,109895
148399,43818
148400,101588
148401,43096
148402,44378
148403,43731
148404,102500
148405,94990
148406,100435
148407,94620
148408,44832
148409,127433
148410,44529
148411,55828
148412,44282
148413,42527
148414,42556
148415,105706
148416,90102
148417,85534
148418,42883
148419,111976
148420,96139
148421,96290
148422,46369
148423,45733
148424,97734
148425,42586
148426,98557
148427,101826
148428,119011
148429,44410
148430,105160
148431,113594
148432,109877
148433,100205
148434,46489
148435,82936
148436,99664
148437,84610
148438,113933
148439,44822
148440,87768
148441,53290
148442,83430
148443,85460
148444,83278
148445,90829
148446,44455
148447,48482
148448,124493
148449,80855
148450,93792
148451,95744
148452,46708
148453,103507
148454,80073
148455,120616
148456,90101
148457,83808
148458,131362
148459,81538
148460,48287
148461,45976
148462,88169
148463,46728
148464,91297
148465,108746
148466,91891
148467,84105
148468,44241
148469,114706
148470,46552
148471,121378
148472,85140
148473,51366
148474,104824
148475,93880
148476,45890
148477,53291
148478,102002
148479,43098
148480,91614
148481,83147
148482,90300
148483,46451
148484,107173
148485,73918
148486,110578
148487,100007
148488,44823
148489,52058
148490,46838
148491,108227
148492,50258
148493,108056
148494,43569
148495,85143
148496,91356
148497,80657
148498,110379
148499,45344
148500,113179
148501,88933
148502,85344
148503,84052
148504,92452
148505,98997
148506,109826
148507,106102
148508,79827
148509,43990
148510,100790
148511,94620
148512,57153
148513,95259
148514,92958
148515,90084
148516,54878
148517,94887
148518,104402
148519,88586
148520,79076
148521,48458
148522,103494
148523,119345
148524,84086
148525,87860
148526,77687
148527,122251
148528,42625
148529,42493
148530,45687
148531,46415
148532,93392
148533,90734
148534,46421
148535,91102
148536,42463
148537,103288
148538,41853
148539,126124
148540,44515
148541,92957
148542,46759
148543,95782
148544,43438
148545,86704
148546,101168
148547,106205
148548,92287
148549,43674
148550,46042
148551,102554
148552,108817
148553,102879
148554,104039
148555,94211
148556,116520
148557,83724
148558,93907
148559,48665
148560,46400
148561,82997
148562,89032
148563,44003
148564,43331
148565,98092
148566,45862
148567,115943
148568,115486
148569,97211
148570,47062
148571,92506
148572,46274
148573,79001
148574,104845
148575,50159
148576,101194
148577,97109
148578,112849
148579,44764
148580,46794
148581,80871
148582,102875
148583,97174
148584,45801
148585,44528
148586,43605
148587,46441
148588,92506
148589,47823
148590,94351
148591,84733
148592,83554
148593,98096
148594,101660
148595,115679
148596,44049
148597,128124
148598,135232
148599,81203
148600,128829
148601,127651
148602,43116
148603,96207
148604,88762
148605,55878
148606,94859
148607,104105
148608,96840
148609,128077
148610,44466
148611,100079
148612,48732
148613,78609
148614,101167
148615,76796
148616,122282
148617,99701
148618,125838
148619,103607
148620,102625
148621,43455
148622,99478
148623,91477
148624,118418
148625,112787
148626,90707
148627,47495
148628,43194
148629,83761
148630,91629
148631,95368
148632,95274
148633,44478
148634,96646
148635,94885
148636,113432
148637,91784
148638,112884
148639,100439
148640,106040
148641,43785
148642,104522
148643,45925
148644,44873
148645,117016
148646,103122
148647,88457
148648,84719
148649,86742
148650,44303
148651,79626
148652,104275
148653,80726
148654,112449
148655,42336
148656,89027
148657,120973
148658,89762
148659,84024
148660,91949
148661,47808
148662,94966
148663,94341
148664,85961
148665,94453
148666,94435
148667,85794
148668,45300
148669,84726
148670,44674
148671,104880
148672,104339
148673,45064
148674,105842
148675,98701
148676,44480
148677,122742
148678,76650
148679,92906
148680,48901
148681,48898
148682,112964
148683,81157
148684,100287
148685,92681
148686,113508
148687,118339
148688,78058
148689,88409
148690,81610
148691,87409
148692,106878
148693,43187
148694,80657
148695,78775
148696,101243
148697,93355
148698,44695
148699,99485
148700,111456
148701,109064
148702,114394
148703,90004
148704,114412
148705,88050
148706,104079
148707,118747
148708,103453
148709,95918
148710,92953
148711,51619
148712,88112
148713,85333
148714,44290
148715,135958
148716,111617
148717,96471
148718,98629
148719,89989
148720,108611
148721,44817
148722,77703
148723,105754
148724,45660
148725,80674
148726,45831
148727,98732
148728,46083
148729,47909
148730,79015
148731,47075
148732,105845
148733,44655
148734,46380
148735,44606
148736,100802
148737,44635
148738,81610
148739,88237
148740,48689
148741,46003
148742,124888
148743,42052
148744,94119
148745,42976
148746,44043
148747,96385
148748,45835
148749,78440
148750,94475
148751,87371
148752,47887
148753,94072
148754,111381
148755,46739
148756,86049
148757,45376
148758,96398
148759,82485
148760,97442
148761,100161
148762,47994
148763,110183
148764,49074
148765,94493
148766,115675
148767,46897
148768,43638
148769,100652
148770,96797
148771,92498
148772,117752
148773,40651
148774,45344
148775,42055
148776,43790
148777,44799
148778,90735
148779,99549
148780,89059
148781,94911
148782,44748
148783,46069
148784,100849
148785,45200
148786,106865
148787,99159
148788,101653
148789,107388
148790,47272
148791,44727
148792,93829
148793,87054
148794,101936
148795,93930
148796,109719
148797,46683
148798,113399
148799,103038
148800,92772
148801,108683
148802,93826
148803,91786
148804,103785
148805,101553
148806,116155
148807,45281
148808,113194
148809,45150
148810,98428
148811,103947
148812,89518
148813,46263
148814,46698
148815,45919
148816,109881
148817,45367
148818,101098
148819,92371
148820,51755
148821,91634
148822,44998
148823,105414
148824,102496
148825,46293
148826,50178
148827,82505
148828,100491
148829,96626
148830,45797
148831,102240
148832,47140
148833,91396
148834,90364
148835,101538
148836,85955
148837,86260
148838,98045
148839,90894
148840,106264
148841,91339
148842,105404
148843,44948
148844,93578
148845,104833
148846,43366
148847,46240
148848,43005
148849,105708
148850,81141
148851,51725
148852,47563
148853,44965
148854,112352
148855,101622
148856,45130
148857,99133
148858,98689
148859,45719
148860,119692
148861,90271
148862,107178
148863,106837
148864,54947
148865,98332
148866,89988
148867,120204
148868,42594
148869,45762
148870,99442
148871,48973
148872,116259
148873,50225
148874,90230
148875,43360
148876,47630
148877,99679
148878,98342
148879,46655
148880,43300
148881,43717
148882,43816
148883,88766
148884,88848
148885,99851
148886,43567
148887,96679
148888,85182
148889,49089
148890,98106
148891,96589
148892,43028
148893,45736
148894,136313
148895,97128
148896,99873
148897,45975
148898,42856
148899,96879
148900,50337
148901,42193
148902,44198
148903,102453
148904,83147
148905,116719
148906,99340
148907,43293
148908,84365
148909,78428
148910,82886
148911,83001
148912,43303
148913,90271
148914,46244
148915,93881
148916,43616
148917,96339
148918,83131
148919,101211
148920,48272
148921,88413
148922,115934
148923,45864
148924,81480
148925,115692
148926,108301
148927,45056
148928,128920
148929,101090
148930,44526
148931,44902
148932,129030
148933,45130
148934,103642
148935,45540
148936,46156
148937,93495
148938,44185
148939,95938
148940,91826
148941,44398
148942,44826
148943,83165
148944,92402
148945,92772
148946,120050
148947,45630
148948,96783
148949,43269
148950,104404
148951,45176
148952,93495
148953,44128
148954,82997
148955,107692
148956,80906
148957,132303
148958,46368
148959,122805
148960,83531
148961,80251
148962,79233
148963,44842
148964,47176
148965,43360
148966,120224
148967,80073
148968,86656
148969,47125
148970,44011
148971,106115
148972,46226
148973,48685
148974,45181
148975,89854
148976,44066
148977,115235
148978,109686
148979,44849
148980,101604
148981,77818
148982,48203
148983,44038
148984,44457
148985,90023
148986,90095
148987,96587
